img,slice,patch,scene,lon,lat
slice_0_img_000.npy,0,0,LE07_149037_20041024,73.23525,32.27401
slice_0_img_001.npy,0,1,LE07_149037_20041024,73.39639,32.27616
slice_0_img_002.npy,0,2,LE07_149037_20041024,73.55755,32.2781
slice_0_img_003.npy,0,3,LE07_149037_20041024,73.71873,32.27984
slice_0_img_004.npy,0,4,LE07_149037_20041024,73.87992,32.28137
slice_0_img_005.npy,0,5,LE07_149037_20041024,74.04112,32.2827
slice_0_img_006.npy,0,6,LE07_149037_20041024,74.20233,32.28382
slice_0_img_007.npy,0,7,LE07_149037_20041024,74.36355,32.28474
slice_0_img_008.npy,0,8,LE07_149037_20041024,74.52477,32.28545
slice_0_img_009.npy,0,9,LE07_149037_20041024,74.686,32.28595
slice_0_img_010.npy,0,10,LE07_149037_20041024,74.84723,32.28625
slice_0_img_011.npy,0,11,LE07_149037_20041024,75.00847,32.28634
slice_0_img_012.npy,0,12,LE07_149037_20041024,75.1697,32.28623
slice_0_img_013.npy,0,13,LE07_149037_20041024,75.33093,32.28591
slice_0_img_014.npy,0,14,LE07_149037_20041024,75.49216,32.28538
slice_0_img_015.npy,0,15,LE07_149037_20041024,73.23259,32.41091
slice_0_img_016.npy,0,16,LE07_149037_20041024,73.39398,32.41307
slice_0_img_017.npy,0,17,LE07_149037_20041024,73.55538,32.41502
slice_0_img_018.npy,0,18,LE07_149037_20041024,73.7168,32.41677
slice_0_img_019.npy,0,19,LE07_149037_20041024,73.87823,32.41831
slice_0_img_020.npy,0,20,LE07_149037_20041024,74.03967,32.41964
slice_0_img_021.npy,0,21,LE07_149037_20041024,74.20112,32.42077
slice_0_img_022.npy,0,22,LE07_149037_20041024,74.36259,32.42169
slice_0_img_023.npy,0,23,LE07_149037_20041024,74.52405,32.4224
slice_0_img_024.npy,0,24,LE07_149037_20041024,74.68553,32.42291
slice_0_img_025.npy,0,25,LE07_149037_20041024,74.847,32.42321
slice_0_img_026.npy,0,26,LE07_149037_20041024,75.00848,32.4233
slice_0_img_027.npy,0,27,LE07_149037_20041024,75.16996,32.42319
slice_0_img_028.npy,0,28,LE07_149037_20041024,75.33143,32.42287
slice_0_img_029.npy,0,29,LE07_149037_20041024,75.4929,32.42234
slice_0_img_030.npy,0,30,LE07_149037_20041024,73.22991,32.5478
slice_0_img_031.npy,0,31,LE07_149037_20041024,73.39154,32.54997
slice_0_img_032.npy,0,32,LE07_149037_20041024,73.55319,32.55194
slice_0_img_033.npy,0,33,LE07_149037_20041024,73.71485,32.55369
slice_0_img_034.npy,0,34,LE07_149037_20041024,73.87653,32.55524
slice_0_img_035.npy,0,35,LE07_149037_20041024,74.03822,32.55658
slice_0_img_036.npy,0,36,LE07_149037_20041024,74.19991,32.55772
slice_0_img_037.npy,0,37,LE07_149037_20041024,74.36162,32.55864
slice_0_img_038.npy,0,38,LE07_149037_20041024,74.52333,32.55936
slice_0_img_039.npy,0,39,LE07_149037_20041024,74.68505,32.55987
slice_0_img_040.npy,0,40,LE07_149037_20041024,74.84677,32.56017
slice_0_img_041.npy,0,41,LE07_149037_20041024,75.00849,32.56026
slice_0_img_042.npy,0,42,LE07_149037_20041024,75.17021,32.56015
slice_0_img_043.npy,0,43,LE07_149037_20041024,75.33193,32.55982
slice_0_img_044.npy,0,44,LE07_149037_20041024,75.49365,32.55929
slice_0_img_045.npy,0,45,LE07_149037_20041024,73.22721,32.68469
slice_0_img_046.npy,0,46,LE07_149037_20041024,73.38909,32.68687
slice_0_img_047.npy,0,47,LE07_149037_20041024,73.55098,32.68885
slice_0_img_048.npy,0,48,LE07_149037_20041024,73.71289,32.69062
slice_0_img_049.npy,0,49,LE07_149037_20041024,73.87482,32.69217
slice_0_img_050.npy,0,50,LE07_149037_20041024,74.03675,32.69352
slice_0_img_051.npy,0,51,LE07_149037_20041024,74.19869,32.69466
slice_0_img_052.npy,0,52,LE07_149037_20041024,74.36065,32.69559
slice_0_img_053.npy,0,53,LE07_149037_20041024,74.52261,32.69631
slice_0_img_054.npy,0,54,LE07_149037_20041024,74.68457,32.69682
slice_0_img_055.npy,0,55,LE07_149037_20041024,74.84654,32.69713
slice_0_img_056.npy,0,56,LE07_149037_20041024,75.0085,32.69722
slice_0_img_057.npy,0,57,LE07_149037_20041024,75.17047,32.6971
slice_0_img_058.npy,0,58,LE07_149037_20041024,75.33244,32.69678
slice_0_img_059.npy,0,59,LE07_149037_20041024,75.4944,32.69624
slice_0_img_060.npy,0,60,LE07_149037_20041024,73.2245,32.82158
slice_0_img_061.npy,0,61,LE07_149037_20041024,73.38662,32.82377
slice_0_img_062.npy,0,62,LE07_149037_20041024,73.54877,32.82576
slice_0_img_063.npy,0,63,LE07_149037_20041024,73.71092,32.82753
slice_0_img_064.npy,0,64,LE07_149037_20041024,73.87309,32.8291
slice_0_img_065.npy,0,65,LE07_149037_20041024,74.03527,32.83045
slice_0_img_066.npy,0,66,LE07_149037_20041024,74.19747,32.8316
slice_0_img_067.npy,0,67,LE07_149037_20041024,74.35967,32.83253
slice_0_img_068.npy,0,68,LE07_149037_20041024,74.52187,32.83326
slice_0_img_069.npy,0,69,LE07_149037_20041024,74.68409,32.83377
slice_0_img_070.npy,0,70,LE07_149037_20041024,74.8463,32.83408
slice_0_img_071.npy,0,71,LE07_149037_20041024,75.00852,32.83417
slice_0_img_072.npy,0,72,LE07_149037_20041024,75.17073,32.83406
slice_0_img_073.npy,0,73,LE07_149037_20041024,75.33295,32.83373
slice_0_img_074.npy,0,74,LE07_149037_20041024,75.49516,32.83319
slice_0_img_075.npy,0,75,LE07_149037_20041024,73.22177,32.95846
slice_0_img_076.npy,0,76,LE07_149037_20041024,73.38414,32.96067
slice_0_img_077.npy,0,77,LE07_149037_20041024,73.54653,32.96267
slice_0_img_078.npy,0,78,LE07_149037_20041024,73.70894,32.96445
slice_0_img_079.npy,0,79,LE07_149037_20041024,73.87136,32.96602
slice_0_img_080.npy,0,80,LE07_149037_20041024,74.03379,32.96739
slice_0_img_081.npy,0,81,LE07_149037_20041024,74.19623,32.96854
slice_0_img_082.npy,0,82,LE07_149037_20041024,74.35868,32.96948
slice_0_img_083.npy,0,83,LE07_149037_20041024,74.52114,32.97021
slice_0_img_084.npy,0,84,LE07_149037_20041024,74.6836,32.97072
slice_0_img_085.npy,0,85,LE07_149037_20041024,74.84606,32.97103
slice_0_img_086.npy,0,86,LE07_149037_20041024,75.00853,32.97112
slice_0_img_087.npy,0,87,LE07_149037_20041024,75.171,32.97101
slice_0_img_088.npy,0,88,LE07_149037_20041024,75.33346,32.97068
slice_0_img_089.npy,0,89,LE07_149037_20041024,75.49592,32.97014
slice_0_img_090.npy,0,90,LE07_149037_20041024,73.21901,33.09535
slice_0_img_091.npy,0,91,LE07_149037_20041024,73.38164,33.09756
slice_0_img_092.npy,0,92,LE07_149037_20041024,73.54428,33.09957
slice_0_img_093.npy,0,93,LE07_149037_20041024,73.70694,33.10136
slice_0_img_094.npy,0,94,LE07_149037_20041024,73.86961,33.10294
slice_0_img_095.npy,0,95,LE07_149037_20041024,74.03229,33.10431
slice_0_img_096.npy,0,96,LE07_149037_20041024,74.19499,33.10547
slice_0_img_097.npy,0,97,LE07_149037_20041024,74.35769,33.10642
slice_0_img_098.npy,0,98,LE07_149037_20041024,74.5204,33.10715
slice_0_img_099.npy,0,99,LE07_149037_20041024,74.68311,33.10767
slice_0_img_100.npy,0,100,LE07_149037_20041024,74.84583,33.10798
slice_0_img_101.npy,0,101,LE07_149037_20041024,75.00854,33.10807
slice_0_img_102.npy,0,102,LE07_149037_20041024,75.17126,33.10795
slice_0_img_103.npy,0,103,LE07_149037_20041024,75.33398,33.10762
slice_0_img_104.npy,0,104,LE07_149037_20041024,75.49669,33.10708
slice_0_img_105.npy,0,105,LE07_149037_20041024,73.21624,33.23222
slice_0_img_106.npy,0,106,LE07_149037_20041024,73.37912,33.23445
slice_0_img_107.npy,0,107,LE07_149037_20041024,73.54202,33.23647
slice_0_img_108.npy,0,108,LE07_149037_20041024,73.70493,33.23827
slice_0_img_109.npy,0,109,LE07_149037_20041024,73.86785,33.23986
slice_0_img_110.npy,0,110,LE07_149037_20041024,74.03079,33.24124
slice_0_img_111.npy,0,111,LE07_149037_20041024,74.19373,33.2424
slice_0_img_112.npy,0,112,LE07_149037_20041024,74.35669,33.24335
slice_0_img_113.npy,0,113,LE07_149037_20041024,74.51965,33.24409
slice_0_img_114.npy,0,114,LE07_149037_20041024,74.68262,33.24461
slice_0_img_115.npy,0,115,LE07_149037_20041024,74.84559,33.24492
slice_0_img_116.npy,0,116,LE07_149037_20041024,75.00856,33.24502
slice_0_img_117.npy,0,117,LE07_149037_20041024,75.17153,33.2449
slice_0_img_118.npy,0,118,LE07_149037_20041024,75.3345,33.24457
slice_0_img_119.npy,0,119,LE07_149037_20041024,75.49746,33.24402
slice_0_img_120.npy,0,120,LE07_149037_20041024,73.21345,33.3691
slice_0_img_121.npy,0,121,LE07_149037_20041024,73.37659,33.37134
slice_0_img_122.npy,0,122,LE07_149037_20041024,73.53974,33.37337
slice_0_img_123.npy,0,123,LE07_149037_20041024,73.7029,33.37518
slice_0_img_124.npy,0,124,LE07_149037_20041024,73.86608,33.37678
slice_0_img_125.npy,0,125,LE07_149037_20041024,74.02927,33.37816
slice_0_img_126.npy,0,126,LE07_149037_20041024,74.19247,33.37933
slice_0_img_127.npy,0,127,LE07_149037_20041024,74.35568,33.38028
slice_0_img_128.npy,0,128,LE07_149037_20041024,74.5189,33.38102
slice_0_img_129.npy,0,129,LE07_149037_20041024,74.68212,33.38155
slice_0_img_130.npy,0,130,LE07_149037_20041024,74.84534,33.38186
slice_0_img_131.npy,0,131,LE07_149037_20041024,75.00857,33.38196
slice_0_img_132.npy,0,132,LE07_149037_20041024,75.1718,33.38184
slice_0_img_133.npy,0,133,LE07_149037_20041024,75.33502,33.38151
slice_0_img_134.npy,0,134,LE07_149037_20041024,75.49824,33.38096
slice_0_img_135.npy,0,135,LE07_149037_20041024,73.21065,33.50597
slice_0_img_136.npy,0,136,LE07_149037_20041024,73.37403,33.50822
slice_0_img_137.npy,0,137,LE07_149037_20041024,73.53744,33.51026
slice_0_img_138.npy,0,138,LE07_149037_20041024,73.70086,33.51208
slice_0_img_139.npy,0,139,LE07_149037_20041024,73.8643,33.51369
slice_0_img_140.npy,0,140,LE07_149037_20041024,74.02774,33.51508
slice_0_img_141.npy,0,141,LE07_149037_20041024,74.1912,33.51626
slice_0_img_142.npy,0,142,LE07_149037_20041024,74.35467,33.51721
slice_0_img_143.npy,0,143,LE07_149037_20041024,74.51814,33.51796
slice_0_img_144.npy,0,144,LE07_149037_20041024,74.68162,33.51849
slice_0_img_145.npy,0,145,LE07_149037_20041024,74.8451,33.5188
slice_0_img_146.npy,0,146,LE07_149037_20041024,75.00858,33.5189
slice_0_img_147.npy,0,147,LE07_149037_20041024,75.17207,33.51878
slice_0_img_148.npy,0,148,LE07_149037_20041024,75.33555,33.51844
slice_0_img_149.npy,0,149,LE07_149037_20041024,75.49903,33.51789
slice_0_img_150.npy,0,150,LE07_149037_20041024,73.20782,33.64284
slice_0_img_151.npy,0,151,LE07_149037_20041024,73.37147,33.6451
slice_0_img_152.npy,0,152,LE07_149037_20041024,73.53513,33.64715
slice_0_img_153.npy,0,153,LE07_149037_20041024,73.69881,33.64898
slice_0_img_154.npy,0,154,LE07_149037_20041024,73.8625,33.6506
slice_0_img_155.npy,0,155,LE07_149037_20041024,74.02621,33.652
slice_0_img_156.npy,0,156,LE07_149037_20041024,74.18992,33.65318
slice_0_img_157.npy,0,157,LE07_149037_20041024,74.35365,33.65414
slice_0_img_158.npy,0,158,LE07_149037_20041024,74.51738,33.65489
slice_0_img_159.npy,0,159,LE07_149037_20041024,74.68112,33.65542
slice_0_img_160.npy,0,160,LE07_149037_20041024,74.84486,33.65573
slice_0_img_161.npy,0,161,LE07_149037_20041024,75.0086,33.65583
slice_0_img_162.npy,0,162,LE07_149037_20041024,75.17234,33.65571
slice_0_img_163.npy,0,163,LE07_149037_20041024,75.33608,33.65537
slice_0_img_164.npy,0,164,LE07_149037_20041024,75.49982,33.65482
slice_0_img_165.npy,0,165,LE07_149037_20041024,73.20497,33.77971
slice_0_img_166.npy,0,166,LE07_149037_20041024,73.36888,33.78198
slice_0_img_167.npy,0,167,LE07_149037_20041024,73.5328,33.78404
slice_0_img_168.npy,0,168,LE07_149037_20041024,73.69674,33.78588
slice_0_img_169.npy,0,169,LE07_149037_20041024,73.86069,33.7875
slice_0_img_170.npy,0,170,LE07_149037_20041024,74.02466,33.78891
slice_0_img_171.npy,0,171,LE07_149037_20041024,74.18864,33.7901
slice_0_img_172.npy,0,172,LE07_149037_20041024,74.35262,33.79107
slice_0_img_173.npy,0,173,LE07_149037_20041024,74.51661,33.79182
slice_0_img_174.npy,0,174,LE07_149037_20041024,74.68061,33.79235
slice_0_img_175.npy,0,175,LE07_149037_20041024,74.84461,33.79267
slice_0_img_176.npy,0,176,LE07_149037_20041024,75.00861,33.79276
slice_0_img_177.npy,0,177,LE07_149037_20041024,75.17261,33.79264
slice_0_img_178.npy,0,178,LE07_149037_20041024,75.33661,33.7923
slice_0_img_179.npy,0,179,LE07_149037_20041024,75.50061,33.79175
slice_0_img_180.npy,0,180,LE07_149037_20041024,73.20211,33.91657
slice_0_img_181.npy,0,181,LE07_149037_20041024,73.36627,33.91886
slice_0_img_182.npy,0,182,LE07_149037_20041024,73.53046,33.92092
slice_0_img_183.npy,0,183,LE07_149037_20041024,73.69466,33.92277
slice_0_img_184.npy,0,184,LE07_149037_20041024,73.85888,33.92441
slice_0_img_185.npy,0,185,LE07_149037_20041024,74.0231,33.92582
slice_0_img_186.npy,0,186,LE07_149037_20041024,74.18734,33.92701
slice_0_img_187.npy,0,187,LE07_149037_20041024,74.35159,33.92799
slice_0_img_188.npy,0,188,LE07_149037_20041024,74.51584,33.92874
slice_0_img_189.npy,0,189,LE07_149037_20041024,74.6801,33.92928
slice_0_img_190.npy,0,190,LE07_149037_20041024,74.84436,33.92959
slice_0_img_191.npy,0,191,LE07_149037_20041024,75.00863,33.92969
slice_0_img_192.npy,0,192,LE07_149037_20041024,75.17289,33.92957
slice_0_img_193.npy,0,193,LE07_149037_20041024,75.33715,33.92923
slice_0_img_194.npy,0,194,LE07_149037_20041024,75.50141,33.92867
slice_0_img_195.npy,0,195,LE07_149037_20041024,73.19922,34.05343
slice_0_img_196.npy,0,196,LE07_149037_20041024,73.36365,34.05573
slice_0_img_197.npy,0,197,LE07_149037_20041024,73.5281,34.05781
slice_0_img_198.npy,0,198,LE07_149037_20041024,73.69257,34.05967
slice_0_img_199.npy,0,199,LE07_149037_20041024,73.85704,34.06131
slice_0_img_200.npy,0,200,LE07_149037_20041024,74.02153,34.06272
slice_0_img_201.npy,0,201,LE07_149037_20041024,74.18604,34.06392
slice_0_img_202.npy,0,202,LE07_149037_20041024,74.35055,34.0649
slice_0_img_203.npy,0,203,LE07_149037_20041024,74.51506,34.06566
slice_0_img_204.npy,0,204,LE07_149037_20041024,74.67959,34.0662
slice_0_img_205.npy,0,205,LE07_149037_20041024,74.84411,34.06652
slice_0_img_206.npy,0,206,LE07_149037_20041024,75.00864,34.06662
slice_0_img_207.npy,0,207,LE07_149037_20041024,75.17317,34.0665
slice_0_img_208.npy,0,208,LE07_149037_20041024,75.33769,34.06616
slice_0_img_209.npy,0,209,LE07_149037_20041024,75.50221,34.06559
slice_1_img_000.npy,1,0,LE07_149034_20060726,74.38559,36.58457
slice_1_img_001.npy,1,1,LE07_149034_20060726,74.55529,36.58533
slice_1_img_002.npy,1,2,LE07_149034_20060726,74.725,36.58584
slice_1_img_003.npy,1,3,LE07_149034_20060726,74.89472,36.58611
slice_1_img_004.npy,1,4,LE07_149034_20060726,75.06443,36.58614
slice_1_img_005.npy,1,5,LE07_149034_20060726,75.23414,36.58593
slice_1_img_006.npy,1,6,LE07_149034_20060726,75.40385,36.58547
slice_1_img_007.npy,1,7,LE07_149034_20060726,75.57356,36.58478
slice_1_img_008.npy,1,8,LE07_149034_20060726,75.74326,36.58384
slice_1_img_009.npy,1,9,LE07_149034_20060726,75.91295,36.58266
slice_1_img_010.npy,1,10,LE07_149034_20060726,76.08263,36.58124
slice_1_img_011.npy,1,11,LE07_149034_20060726,76.25229,36.57958
slice_1_img_012.npy,1,12,LE07_149034_20060726,76.42195,36.57767
slice_1_img_013.npy,1,13,LE07_149034_20060726,76.59158,36.57553
slice_1_img_014.npy,1,14,LE07_149034_20060726,76.76119,36.57314
slice_1_img_015.npy,1,15,LE07_149034_20060726,74.3845,36.72143
slice_1_img_016.npy,1,16,LE07_149034_20060726,74.55451,36.72219
slice_1_img_017.npy,1,17,LE07_149034_20060726,74.72452,36.7227
slice_1_img_018.npy,1,18,LE07_149034_20060726,74.89453,36.72298
slice_1_img_019.npy,1,19,LE07_149034_20060726,75.06454,36.723
slice_1_img_020.npy,1,20,LE07_149034_20060726,75.23456,36.72279
slice_1_img_021.npy,1,21,LE07_149034_20060726,75.40457,36.72233
slice_1_img_022.npy,1,22,LE07_149034_20060726,75.57458,36.72164
slice_1_img_023.npy,1,23,LE07_149034_20060726,75.74458,36.72069
slice_1_img_024.npy,1,24,LE07_149034_20060726,75.91457,36.71951
slice_1_img_025.npy,1,25,LE07_149034_20060726,76.08455,36.71808
slice_1_img_026.npy,1,26,LE07_149034_20060726,76.25451,36.71641
slice_1_img_027.npy,1,27,LE07_149034_20060726,76.42446,36.7145
slice_1_img_028.npy,1,28,LE07_149034_20060726,76.5944,36.71234
slice_1_img_029.npy,1,29,LE07_149034_20060726,76.76431,36.70995
slice_1_img_030.npy,1,30,LE07_149034_20060726,74.38341,36.85829
slice_1_img_031.npy,1,31,LE07_149034_20060726,74.55371,36.85905
slice_1_img_032.npy,1,32,LE07_149034_20060726,74.72403,36.85956
slice_1_img_033.npy,1,33,LE07_149034_20060726,74.89434,36.85984
slice_1_img_034.npy,1,34,LE07_149034_20060726,75.06466,36.85987
slice_1_img_035.npy,1,35,LE07_149034_20060726,75.23498,36.85965
slice_1_img_036.npy,1,36,LE07_149034_20060726,75.40529,36.85919
slice_1_img_037.npy,1,37,LE07_149034_20060726,75.5756,36.85849
slice_1_img_038.npy,1,38,LE07_149034_20060726,75.7459,36.85754
slice_1_img_039.npy,1,39,LE07_149034_20060726,75.91619,36.85635
slice_1_img_040.npy,1,40,LE07_149034_20060726,76.08648,36.85492
slice_1_img_041.npy,1,41,LE07_149034_20060726,76.25674,36.85324
slice_1_img_042.npy,1,42,LE07_149034_20060726,76.427,36.85132
slice_1_img_043.npy,1,43,LE07_149034_20060726,76.59723,36.84915
slice_1_img_044.npy,1,44,LE07_149034_20060726,76.76745,36.84674
slice_1_img_045.npy,1,45,LE07_149034_20060726,74.3823,36.99514
slice_1_img_046.npy,1,46,LE07_149034_20060726,74.55292,36.9959
slice_1_img_047.npy,1,47,LE07_149034_20060726,74.72353,36.99642
slice_1_img_048.npy,1,48,LE07_149034_20060726,74.89415,36.9967
slice_1_img_049.npy,1,49,LE07_149034_20060726,75.06478,36.99673
slice_1_img_050.npy,1,50,LE07_149034_20060726,75.2354,36.99651
slice_1_img_051.npy,1,51,LE07_149034_20060726,75.40602,36.99605
slice_1_img_052.npy,1,52,LE07_149034_20060726,75.57663,36.99534
slice_1_img_053.npy,1,53,LE07_149034_20060726,75.74724,36.99439
slice_1_img_054.npy,1,54,LE07_149034_20060726,75.91783,36.9932
slice_1_img_055.npy,1,55,LE07_149034_20060726,76.08842,36.99175
slice_1_img_056.npy,1,56,LE07_149034_20060726,76.25899,36.99007
slice_1_img_057.npy,1,57,LE07_149034_20060726,76.42955,36.98814
slice_1_img_058.npy,1,58,LE07_149034_20060726,76.60009,36.98596
slice_1_img_059.npy,1,59,LE07_149034_20060726,76.77061,36.98354
slice_1_img_060.npy,1,60,LE07_149034_20060726,74.38119,37.13199
slice_1_img_061.npy,1,61,LE07_149034_20060726,74.55211,37.13276
slice_1_img_062.npy,1,62,LE07_149034_20060726,74.72304,37.13328
slice_1_img_063.npy,1,63,LE07_149034_20060726,74.89396,37.13355
slice_1_img_064.npy,1,64,LE07_149034_20060726,75.06489,37.13358
slice_1_img_065.npy,1,65,LE07_149034_20060726,75.23582,37.13337
slice_1_img_066.npy,1,66,LE07_149034_20060726,75.40675,37.1329
slice_1_img_067.npy,1,67,LE07_149034_20060726,75.57767,37.13219
slice_1_img_068.npy,1,68,LE07_149034_20060726,75.74858,37.13124
slice_1_img_069.npy,1,69,LE07_149034_20060726,75.91948,37.13004
slice_1_img_070.npy,1,70,LE07_149034_20060726,76.09038,37.12859
slice_1_img_071.npy,1,71,LE07_149034_20060726,76.26126,37.12689
slice_1_img_072.npy,1,72,LE07_149034_20060726,76.43212,37.12495
slice_1_img_073.npy,1,73,LE07_149034_20060726,76.60297,37.12276
slice_1_img_074.npy,1,74,LE07_149034_20060726,76.77379,37.12033
slice_1_img_075.npy,1,75,LE07_149034_20060726,74.38007,37.26883
slice_1_img_076.npy,1,76,LE07_149034_20060726,74.5513,37.26961
slice_1_img_077.npy,1,77,LE07_149034_20060726,74.72254,37.27013
slice_1_img_078.npy,1,78,LE07_149034_20060726,74.89377,37.27041
slice_1_img_079.npy,1,79,LE07_149034_20060726,75.06501,37.27044
slice_1_img_080.npy,1,80,LE07_149034_20060726,75.23625,37.27022
slice_1_img_081.npy,1,81,LE07_149034_20060726,75.40748,37.26975
slice_1_img_082.npy,1,82,LE07_149034_20060726,75.57871,37.26904
slice_1_img_083.npy,1,83,LE07_149034_20060726,75.74993,37.26808
slice_1_img_084.npy,1,84,LE07_149034_20060726,75.92114,37.26687
slice_1_img_085.npy,1,85,LE07_149034_20060726,76.09235,37.26542
slice_1_img_086.npy,1,86,LE07_149034_20060726,76.26353,37.26371
slice_1_img_087.npy,1,87,LE07_149034_20060726,76.43471,37.26176
slice_1_img_088.npy,1,88,LE07_149034_20060726,76.60586,37.25956
slice_1_img_089.npy,1,89,LE07_149034_20060726,76.777,37.25712
slice_1_img_090.npy,1,90,LE07_149034_20060726,74.37895,37.40567
slice_1_img_091.npy,1,91,LE07_149034_20060726,74.55049,37.40645
slice_1_img_092.npy,1,92,LE07_149034_20060726,74.72203,37.40698
slice_1_img_093.npy,1,93,LE07_149034_20060726,74.89358,37.40726
slice_1_img_094.npy,1,94,LE07_149034_20060726,75.06513,37.40729
slice_1_img_095.npy,1,95,LE07_149034_20060726,75.23668,37.40707
slice_1_img_096.npy,1,96,LE07_149034_20060726,75.40822,37.4066
slice_1_img_097.npy,1,97,LE07_149034_20060726,75.57976,37.40588
slice_1_img_098.npy,1,98,LE07_149034_20060726,75.75129,37.40492
slice_1_img_099.npy,1,99,LE07_149034_20060726,75.92282,37.4037
slice_1_img_100.npy,1,100,LE07_149034_20060726,76.09433,37.40224
slice_1_img_101.npy,1,101,LE07_149034_20060726,76.26583,37.40053
slice_1_img_102.npy,1,102,LE07_149034_20060726,76.43731,37.39857
slice_1_img_103.npy,1,103,LE07_149034_20060726,76.60878,37.39636
slice_1_img_104.npy,1,104,LE07_149034_20060726,76.78022,37.3939
slice_1_img_105.npy,1,105,LE07_149034_20060726,74.37782,37.54251
slice_1_img_106.npy,1,106,LE07_149034_20060726,74.54967,37.54329
slice_1_img_107.npy,1,107,LE07_149034_20060726,74.72152,37.54382
slice_1_img_108.npy,1,108,LE07_149034_20060726,74.89338,37.5441
slice_1_img_109.npy,1,109,LE07_149034_20060726,75.06525,37.54413
slice_1_img_110.npy,1,110,LE07_149034_20060726,75.23711,37.54391
slice_1_img_111.npy,1,111,LE07_149034_20060726,75.40897,37.54344
slice_1_img_112.npy,1,112,LE07_149034_20060726,75.58082,37.54272
slice_1_img_113.npy,1,113,LE07_149034_20060726,75.75266,37.54175
slice_1_img_114.npy,1,114,LE07_149034_20060726,75.9245,37.54053
slice_1_img_115.npy,1,115,LE07_149034_20060726,76.09633,37.53906
slice_1_img_116.npy,1,116,LE07_149034_20060726,76.26814,37.53734
slice_1_img_117.npy,1,117,LE07_149034_20060726,76.43993,37.53537
slice_1_img_118.npy,1,118,LE07_149034_20060726,76.61171,37.53315
slice_1_img_119.npy,1,119,LE07_149034_20060726,76.78347,37.53068
slice_1_img_120.npy,1,120,LE07_149034_20060726,74.37667,37.67935
slice_1_img_121.npy,1,121,LE07_149034_20060726,74.54884,37.68013
slice_1_img_122.npy,1,122,LE07_149034_20060726,74.72101,37.68067
slice_1_img_123.npy,1,123,LE07_149034_20060726,74.89319,37.68095
slice_1_img_124.npy,1,124,LE07_149034_20060726,75.06537,37.68098
slice_1_img_125.npy,1,125,LE07_149034_20060726,75.23754,37.68076
slice_1_img_126.npy,1,126,LE07_149034_20060726,75.40972,37.68029
slice_1_img_127.npy,1,127,LE07_149034_20060726,75.58188,37.67956
slice_1_img_128.npy,1,128,LE07_149034_20060726,75.75404,37.67859
slice_1_img_129.npy,1,129,LE07_149034_20060726,75.9262,37.67736
slice_1_img_130.npy,1,130,LE07_149034_20060726,76.09834,37.67588
slice_1_img_131.npy,1,131,LE07_149034_20060726,76.27046,37.67415
slice_1_img_132.npy,1,132,LE07_149034_20060726,76.44257,37.67217
slice_1_img_133.npy,1,133,LE07_149034_20060726,76.61467,37.66994
slice_1_img_134.npy,1,134,LE07_149034_20060726,76.78674,37.66746
slice_1_img_135.npy,1,135,LE07_149034_20060726,74.37553,37.81618
slice_1_img_136.npy,1,136,LE07_149034_20060726,74.54801,37.81697
slice_1_img_137.npy,1,137,LE07_149034_20060726,74.7205,37.81751
slice_1_img_138.npy,1,138,LE07_149034_20060726,74.89299,37.81779
slice_1_img_139.npy,1,139,LE07_149034_20060726,75.06549,37.81782
slice_1_img_140.npy,1,140,LE07_149034_20060726,75.23798,37.8176
slice_1_img_141.npy,1,141,LE07_149034_20060726,75.41047,37.81712
slice_1_img_142.npy,1,142,LE07_149034_20060726,75.58296,37.8164
slice_1_img_143.npy,1,143,LE07_149034_20060726,75.75543,37.81542
slice_1_img_144.npy,1,144,LE07_149034_20060726,75.9279,37.81418
slice_1_img_145.npy,1,145,LE07_149034_20060726,76.10036,37.8127
slice_1_img_146.npy,1,146,LE07_149034_20060726,76.2728,37.81096
slice_1_img_147.npy,1,147,LE07_149034_20060726,76.44523,37.80897
slice_1_img_148.npy,1,148,LE07_149034_20060726,76.61764,37.80673
slice_1_img_149.npy,1,149,LE07_149034_20060726,76.79003,37.80424
slice_1_img_150.npy,1,150,LE07_149034_20060726,74.37437,37.95301
slice_1_img_151.npy,1,151,LE07_149034_20060726,74.54717,37.9538
slice_1_img_152.npy,1,152,LE07_149034_20060726,74.71998,37.95434
slice_1_img_153.npy,1,153,LE07_149034_20060726,74.89279,37.95463
slice_1_img_154.npy,1,154,LE07_149034_20060726,75.06561,37.95466
slice_1_img_155.npy,1,155,LE07_149034_20060726,75.23842,37.95443
slice_1_img_156.npy,1,156,LE07_149034_20060726,75.41123,37.95396
slice_1_img_157.npy,1,157,LE07_149034_20060726,75.58404,37.95323
slice_1_img_158.npy,1,158,LE07_149034_20060726,75.75683,37.95224
slice_1_img_159.npy,1,159,LE07_149034_20060726,75.92962,37.951
slice_1_img_160.npy,1,160,LE07_149034_20060726,76.1024,37.94951
slice_1_img_161.npy,1,161,LE07_149034_20060726,76.27516,37.94776
slice_1_img_162.npy,1,162,LE07_149034_20060726,76.44791,37.94577
slice_1_img_163.npy,1,163,LE07_149034_20060726,76.62063,37.94351
slice_1_img_164.npy,1,164,LE07_149034_20060726,76.79334,37.94101
slice_1_img_165.npy,1,165,LE07_149034_20060726,74.3732,38.08984
slice_1_img_166.npy,1,166,LE07_149034_20060726,74.54633,38.09063
slice_1_img_167.npy,1,167,LE07_149034_20060726,74.71946,38.09118
slice_1_img_168.npy,1,168,LE07_149034_20060726,74.89259,38.09146
slice_1_img_169.npy,1,169,LE07_149034_20060726,75.06573,38.09149
slice_1_img_170.npy,1,170,LE07_149034_20060726,75.23886,38.09127
slice_1_img_171.npy,1,171,LE07_149034_20060726,75.412,38.09079
slice_1_img_172.npy,1,172,LE07_149034_20060726,75.58512,38.09005
slice_1_img_173.npy,1,173,LE07_149034_20060726,75.75824,38.08906
slice_1_img_174.npy,1,174,LE07_149034_20060726,75.93135,38.08782
slice_1_img_175.npy,1,175,LE07_149034_20060726,76.10445,38.08632
slice_1_img_176.npy,1,176,LE07_149034_20060726,76.27753,38.08457
slice_1_img_177.npy,1,177,LE07_149034_20060726,76.4506,38.08256
slice_1_img_178.npy,1,178,LE07_149034_20060726,76.62365,38.08029
slice_1_img_179.npy,1,179,LE07_149034_20060726,76.79668,38.07777
slice_1_img_180.npy,1,180,LE07_149034_20060726,74.37203,38.22666
slice_1_img_181.npy,1,181,LE07_149034_20060726,74.54548,38.22746
slice_1_img_182.npy,1,182,LE07_149034_20060726,74.71894,38.228
slice_1_img_183.npy,1,183,LE07_149034_20060726,74.89239,38.22829
slice_1_img_184.npy,1,184,LE07_149034_20060726,75.06585,38.22832
slice_1_img_185.npy,1,185,LE07_149034_20060726,75.23931,38.2281
slice_1_img_186.npy,1,186,LE07_149034_20060726,75.41277,38.22762
slice_1_img_187.npy,1,187,LE07_149034_20060726,75.58622,38.22688
slice_1_img_188.npy,1,188,LE07_149034_20060726,75.75966,38.22588
slice_1_img_189.npy,1,189,LE07_149034_20060726,75.93309,38.22463
slice_1_img_190.npy,1,190,LE07_149034_20060726,76.10651,38.22313
slice_1_img_191.npy,1,191,LE07_149034_20060726,76.27992,38.22136
slice_1_img_192.npy,1,192,LE07_149034_20060726,76.45331,38.21934
slice_1_img_193.npy,1,193,LE07_149034_20060726,76.62668,38.21707
slice_1_img_194.npy,1,194,LE07_149034_20060726,76.80004,38.21454
slice_1_img_195.npy,1,195,LE07_149034_20060726,74.37085,38.36348
slice_1_img_196.npy,1,196,LE07_149034_20060726,74.54463,38.36428
slice_1_img_197.npy,1,197,LE07_149034_20060726,74.71841,38.36483
slice_1_img_198.npy,1,198,LE07_149034_20060726,74.89219,38.36512
slice_1_img_199.npy,1,199,LE07_149034_20060726,75.06598,38.36515
slice_1_img_200.npy,1,200,LE07_149034_20060726,75.23976,38.36492
slice_1_img_201.npy,1,201,LE07_149034_20060726,75.41354,38.36444
slice_1_img_202.npy,1,202,LE07_149034_20060726,75.58732,38.3637
slice_1_img_203.npy,1,203,LE07_149034_20060726,75.76109,38.3627
slice_1_img_204.npy,1,204,LE07_149034_20060726,75.93485,38.36144
slice_1_img_205.npy,1,205,LE07_149034_20060726,76.10859,38.35993
slice_1_img_206.npy,1,206,LE07_149034_20060726,76.28233,38.35816
slice_1_img_207.npy,1,207,LE07_149034_20060726,76.45604,38.35613
slice_1_img_208.npy,1,208,LE07_149034_20060726,76.62974,38.35384
slice_1_img_209.npy,1,209,LE07_149034_20060726,76.80342,38.3513
slice_2_img_000.npy,2,0,LE07_146038_20060923,77.50338,30.81971
slice_2_img_001.npy,2,1,LE07_146038_20060923,77.66183,30.82389
slice_2_img_002.npy,2,2,LE07_146038_20060923,77.82032,30.82788
slice_2_img_003.npy,2,3,LE07_146038_20060923,77.97883,30.83168
slice_2_img_004.npy,2,4,LE07_146038_20060923,78.13738,30.83528
slice_2_img_005.npy,2,5,LE07_146038_20060923,78.29595,30.83869
slice_2_img_006.npy,2,6,LE07_146038_20060923,78.45455,30.84191
slice_2_img_007.npy,2,7,LE07_146038_20060923,78.61317,30.84493
slice_2_img_008.npy,2,8,LE07_146038_20060923,78.77182,30.84776
slice_2_img_009.npy,2,9,LE07_146038_20060923,78.93049,30.85039
slice_2_img_010.npy,2,10,LE07_146038_20060923,79.08917,30.85283
slice_2_img_011.npy,2,11,LE07_146038_20060923,79.24788,30.85508
slice_2_img_012.npy,2,12,LE07_146038_20060923,79.4066,30.85713
slice_2_img_013.npy,2,13,LE07_146038_20060923,79.56534,30.85899
slice_2_img_014.npy,2,14,LE07_146038_20060923,79.72409,30.86065
slice_2_img_015.npy,2,15,LE07_146038_20060923,77.49841,30.95644
slice_2_img_016.npy,2,16,LE07_146038_20060923,77.65708,30.96065
slice_2_img_017.npy,2,17,LE07_146038_20060923,77.81579,30.96466
slice_2_img_018.npy,2,18,LE07_146038_20060923,77.97453,30.96848
slice_2_img_019.npy,2,19,LE07_146038_20060923,78.1333,30.9721
slice_2_img_020.npy,2,20,LE07_146038_20060923,78.2921,30.97553
slice_2_img_021.npy,2,21,LE07_146038_20060923,78.45092,30.97877
slice_2_img_022.npy,2,22,LE07_146038_20060923,78.60977,30.9818
slice_2_img_023.npy,2,23,LE07_146038_20060923,78.76864,30.98465
slice_2_img_024.npy,2,24,LE07_146038_20060923,78.92753,30.9873
slice_2_img_025.npy,2,25,LE07_146038_20060923,79.08645,30.98975
slice_2_img_026.npy,2,26,LE07_146038_20060923,79.24538,30.99201
slice_2_img_027.npy,2,27,LE07_146038_20060923,79.40433,30.99407
slice_2_img_028.npy,2,28,LE07_146038_20060923,79.5633,30.99594
slice_2_img_029.npy,2,29,LE07_146038_20060923,79.72227,30.99761
slice_2_img_030.npy,2,30,LE07_146038_20060923,77.49339,31.09318
slice_2_img_031.npy,2,31,LE07_146038_20060923,77.6523,31.09741
slice_2_img_032.npy,2,32,LE07_146038_20060923,77.81123,31.10144
slice_2_img_033.npy,2,33,LE07_146038_20060923,77.9702,31.10528
slice_2_img_034.npy,2,34,LE07_146038_20060923,78.12919,31.10892
slice_2_img_035.npy,2,35,LE07_146038_20060923,78.28822,31.11237
slice_2_img_036.npy,2,36,LE07_146038_20060923,78.44727,31.11562
slice_2_img_037.npy,2,37,LE07_146038_20060923,78.60634,31.11868
slice_2_img_038.npy,2,38,LE07_146038_20060923,78.76544,31.12153
slice_2_img_039.npy,2,39,LE07_146038_20060923,78.92456,31.1242
slice_2_img_040.npy,2,40,LE07_146038_20060923,79.08371,31.12666
slice_2_img_041.npy,2,41,LE07_146038_20060923,79.24287,31.12893
slice_2_img_042.npy,2,42,LE07_146038_20060923,79.40204,31.13101
slice_2_img_043.npy,2,43,LE07_146038_20060923,79.56124,31.13288
slice_2_img_044.npy,2,44,LE07_146038_20060923,79.72044,31.13456
slice_2_img_045.npy,2,45,LE07_146038_20060923,77.48835,31.22991
slice_2_img_046.npy,2,46,LE07_146038_20060923,77.64748,31.23416
slice_2_img_047.npy,2,47,LE07_146038_20060923,77.80664,31.23822
slice_2_img_048.npy,2,48,LE07_146038_20060923,77.96584,31.24208
slice_2_img_049.npy,2,49,LE07_146038_20060923,78.12506,31.24574
slice_2_img_050.npy,2,50,LE07_146038_20060923,78.28431,31.2492
slice_2_img_051.npy,2,51,LE07_146038_20060923,78.44359,31.25247
slice_2_img_052.npy,2,52,LE07_146038_20060923,78.6029,31.25554
slice_2_img_053.npy,2,53,LE07_146038_20060923,78.76222,31.25842
slice_2_img_054.npy,2,54,LE07_146038_20060923,78.92157,31.26109
slice_2_img_055.npy,2,55,LE07_146038_20060923,79.08094,31.26357
slice_2_img_056.npy,2,56,LE07_146038_20060923,79.24033,31.26586
slice_2_img_057.npy,2,57,LE07_146038_20060923,79.39974,31.26794
slice_2_img_058.npy,2,58,LE07_146038_20060923,79.55916,31.26983
slice_2_img_059.npy,2,59,LE07_146038_20060923,79.7186,31.27152
slice_2_img_060.npy,2,60,LE07_146038_20060923,77.48327,31.36664
slice_2_img_061.npy,2,61,LE07_146038_20060923,77.64263,31.37091
slice_2_img_062.npy,2,62,LE07_146038_20060923,77.80202,31.37499
slice_2_img_063.npy,2,63,LE07_146038_20060923,77.96144,31.37887
slice_2_img_064.npy,2,64,LE07_146038_20060923,78.1209,31.38255
slice_2_img_065.npy,2,65,LE07_146038_20060923,78.28038,31.38603
slice_2_img_066.npy,2,66,LE07_146038_20060923,78.43989,31.38932
slice_2_img_067.npy,2,67,LE07_146038_20060923,78.59942,31.39241
slice_2_img_068.npy,2,68,LE07_146038_20060923,78.75898,31.3953
slice_2_img_069.npy,2,69,LE07_146038_20060923,78.91856,31.39799
slice_2_img_070.npy,2,70,LE07_146038_20060923,79.07816,31.40048
slice_2_img_071.npy,2,71,LE07_146038_20060923,79.23778,31.40277
slice_2_img_072.npy,2,72,LE07_146038_20060923,79.39742,31.40487
slice_2_img_073.npy,2,73,LE07_146038_20060923,79.55707,31.40677
slice_2_img_074.npy,2,74,LE07_146038_20060923,79.71674,31.40847
slice_2_img_075.npy,2,75,LE07_146038_20060923,77.47815,31.50336
slice_2_img_076.npy,2,76,LE07_146038_20060923,77.63774,31.50766
slice_2_img_077.npy,2,77,LE07_146038_20060923,77.79737,31.51176
slice_2_img_078.npy,2,78,LE07_146038_20060923,77.95702,31.51566
slice_2_img_079.npy,2,79,LE07_146038_20060923,78.11671,31.51936
slice_2_img_080.npy,2,80,LE07_146038_20060923,78.27642,31.52286
slice_2_img_081.npy,2,81,LE07_146038_20060923,78.43616,31.52616
slice_2_img_082.npy,2,82,LE07_146038_20060923,78.59593,31.52927
slice_2_img_083.npy,2,83,LE07_146038_20060923,78.75572,31.53217
slice_2_img_084.npy,2,84,LE07_146038_20060923,78.91553,31.53488
slice_2_img_085.npy,2,85,LE07_146038_20060923,79.07536,31.53738
slice_2_img_086.npy,2,86,LE07_146038_20060923,79.23521,31.53969
slice_2_img_087.npy,2,87,LE07_146038_20060923,79.39508,31.5418
slice_2_img_088.npy,2,88,LE07_146038_20060923,79.55497,31.5437
slice_2_img_089.npy,2,89,LE07_146038_20060923,79.71487,31.54541
slice_2_img_090.npy,2,90,LE07_146038_20060923,77.47301,31.64008
slice_2_img_091.npy,2,91,LE07_146038_20060923,77.63283,31.6444
slice_2_img_092.npy,2,92,LE07_146038_20060923,77.79268,31.64852
slice_2_img_093.npy,2,93,LE07_146038_20060923,77.95257,31.65244
slice_2_img_094.npy,2,94,LE07_146038_20060923,78.11249,31.65616
slice_2_img_095.npy,2,95,LE07_146038_20060923,78.27243,31.65968
slice_2_img_096.npy,2,96,LE07_146038_20060923,78.43241,31.663
slice_2_img_097.npy,2,97,LE07_146038_20060923,78.59241,31.66613
slice_2_img_098.npy,2,98,LE07_146038_20060923,78.75243,31.66905
slice_2_img_099.npy,2,99,LE07_146038_20060923,78.91248,31.67177
slice_2_img_100.npy,2,100,LE07_146038_20060923,79.07254,31.67429
slice_2_img_101.npy,2,101,LE07_146038_20060923,79.23263,31.6766
slice_2_img_102.npy,2,102,LE07_146038_20060923,79.39273,31.67872
slice_2_img_103.npy,2,103,LE07_146038_20060923,79.55285,31.68064
slice_2_img_104.npy,2,104,LE07_146038_20060923,79.71299,31.68236
slice_2_img_105.npy,2,105,LE07_146038_20060923,77.46782,31.77679
slice_2_img_106.npy,2,106,LE07_146038_20060923,77.62788,31.78114
slice_2_img_107.npy,2,107,LE07_146038_20060923,77.78797,31.78528
slice_2_img_108.npy,2,108,LE07_146038_20060923,77.94809,31.78922
slice_2_img_109.npy,2,109,LE07_146038_20060923,78.10824,31.79296
slice_2_img_110.npy,2,110,LE07_146038_20060923,78.26842,31.7965
slice_2_img_111.npy,2,111,LE07_146038_20060923,78.42863,31.79984
slice_2_img_112.npy,2,112,LE07_146038_20060923,78.58886,31.80298
slice_2_img_113.npy,2,113,LE07_146038_20060923,78.74912,31.80592
slice_2_img_114.npy,2,114,LE07_146038_20060923,78.9094,31.80865
slice_2_img_115.npy,2,115,LE07_146038_20060923,79.0697,31.81118
slice_2_img_116.npy,2,116,LE07_146038_20060923,79.23003,31.81351
slice_2_img_117.npy,2,117,LE07_146038_20060923,79.39036,31.81564
slice_2_img_118.npy,2,118,LE07_146038_20060923,79.55072,31.81757
slice_2_img_119.npy,2,119,LE07_146038_20060923,79.71109,31.8193
slice_2_img_120.npy,2,120,LE07_146038_20060923,77.4626,31.91351
slice_2_img_121.npy,2,121,LE07_146038_20060923,77.62289,31.91787
slice_2_img_122.npy,2,122,LE07_146038_20060923,77.78322,31.92204
slice_2_img_123.npy,2,123,LE07_146038_20060923,77.94357,31.926
slice_2_img_124.npy,2,124,LE07_146038_20060923,78.10396,31.92976
slice_2_img_125.npy,2,125,LE07_146038_20060923,78.26438,31.93332
slice_2_img_126.npy,2,126,LE07_146038_20060923,78.42482,31.93668
slice_2_img_127.npy,2,127,LE07_146038_20060923,78.58529,31.93983
slice_2_img_128.npy,2,128,LE07_146038_20060923,78.74579,31.94278
slice_2_img_129.npy,2,129,LE07_146038_20060923,78.90631,31.94553
slice_2_img_130.npy,2,130,LE07_146038_20060923,79.06685,31.94808
slice_2_img_131.npy,2,131,LE07_146038_20060923,79.22741,31.95042
slice_2_img_132.npy,2,132,LE07_146038_20060923,79.38798,31.95256
slice_2_img_133.npy,2,133,LE07_146038_20060923,79.54857,31.9545
slice_2_img_134.npy,2,134,LE07_146038_20060923,79.70918,31.95623
slice_2_img_135.npy,2,135,LE07_146038_20060923,77.45735,32.05021
slice_2_img_136.npy,2,136,LE07_146038_20060923,77.61787,32.0546
slice_2_img_137.npy,2,137,LE07_146038_20060923,77.77844,32.05879
slice_2_img_138.npy,2,138,LE07_146038_20060923,77.93903,32.06277
slice_2_img_139.npy,2,139,LE07_146038_20060923,78.09966,32.06656
slice_2_img_140.npy,2,140,LE07_146038_20060923,78.26031,32.07013
slice_2_img_141.npy,2,141,LE07_146038_20060923,78.42099,32.07351
slice_2_img_142.npy,2,142,LE07_146038_20060923,78.5817,32.07668
slice_2_img_143.npy,2,143,LE07_146038_20060923,78.74244,32.07965
slice_2_img_144.npy,2,144,LE07_146038_20060923,78.90319,32.08241
slice_2_img_145.npy,2,145,LE07_146038_20060923,79.06397,32.08497
slice_2_img_146.npy,2,146,LE07_146038_20060923,79.22477,32.08733
slice_2_img_147.npy,2,147,LE07_146038_20060923,79.38558,32.08948
slice_2_img_148.npy,2,148,LE07_146038_20060923,79.54641,32.09143
slice_2_img_149.npy,2,149,LE07_146038_20060923,79.70726,32.09317
slice_2_img_150.npy,2,150,LE07_146038_20060923,77.45205,32.18692
slice_2_img_151.npy,2,151,LE07_146038_20060923,77.61282,32.19133
slice_2_img_152.npy,2,152,LE07_146038_20060923,77.77362,32.19554
slice_2_img_153.npy,2,153,LE07_146038_20060923,77.93446,32.19955
slice_2_img_154.npy,2,154,LE07_146038_20060923,78.09532,32.20335
slice_2_img_155.npy,2,155,LE07_146038_20060923,78.25621,32.20694
slice_2_img_156.npy,2,156,LE07_146038_20060923,78.41714,32.21034
slice_2_img_157.npy,2,157,LE07_146038_20060923,78.57809,32.21352
slice_2_img_158.npy,2,158,LE07_146038_20060923,78.73906,32.21651
slice_2_img_159.npy,2,159,LE07_146038_20060923,78.90005,32.21928
slice_2_img_160.npy,2,160,LE07_146038_20060923,79.06107,32.22186
slice_2_img_161.npy,2,161,LE07_146038_20060923,79.22211,32.22423
slice_2_img_162.npy,2,162,LE07_146038_20060923,79.38317,32.22639
slice_2_img_163.npy,2,163,LE07_146038_20060923,79.54424,32.22835
slice_2_img_164.npy,2,164,LE07_146038_20060923,79.70532,32.2301
slice_2_img_165.npy,2,165,LE07_146038_20060923,77.44673,32.32362
slice_2_img_166.npy,2,166,LE07_146038_20060923,77.60773,32.32806
slice_2_img_167.npy,2,167,LE07_146038_20060923,77.76877,32.33229
slice_2_img_168.npy,2,168,LE07_146038_20060923,77.92985,32.33631
slice_2_img_169.npy,2,169,LE07_146038_20060923,78.09096,32.34013
slice_2_img_170.npy,2,170,LE07_146038_20060923,78.25209,32.34375
slice_2_img_171.npy,2,171,LE07_146038_20060923,78.41325,32.34716
slice_2_img_172.npy,2,172,LE07_146038_20060923,78.57444,32.35036
slice_2_img_173.npy,2,173,LE07_146038_20060923,78.73566,32.35336
slice_2_img_174.npy,2,174,LE07_146038_20060923,78.8969,32.35616
slice_2_img_175.npy,2,175,LE07_146038_20060923,79.05816,32.35874
slice_2_img_176.npy,2,176,LE07_146038_20060923,79.21944,32.36112
slice_2_img_177.npy,2,177,LE07_146038_20060923,79.38073,32.3633
slice_2_img_178.npy,2,178,LE07_146038_20060923,79.54205,32.36527
slice_2_img_179.npy,2,179,LE07_146038_20060923,79.70338,32.36703
slice_2_img_180.npy,2,180,LE07_146038_20060923,77.44136,32.46032
slice_2_img_181.npy,2,181,LE07_146038_20060923,77.60261,32.46478
slice_2_img_182.npy,2,182,LE07_146038_20060923,77.7639,32.46903
slice_2_img_183.npy,2,183,LE07_146038_20060923,77.92521,32.47308
slice_2_img_184.npy,2,184,LE07_146038_20060923,78.08656,32.47692
slice_2_img_185.npy,2,185,LE07_146038_20060923,78.24794,32.48055
slice_2_img_186.npy,2,186,LE07_146038_20060923,78.40934,32.48398
slice_2_img_187.npy,2,187,LE07_146038_20060923,78.57078,32.4872
slice_2_img_188.npy,2,188,LE07_146038_20060923,78.73224,32.49022
slice_2_img_189.npy,2,189,LE07_146038_20060923,78.89372,32.49302
slice_2_img_190.npy,2,190,LE07_146038_20060923,79.05522,32.49562
slice_2_img_191.npy,2,191,LE07_146038_20060923,79.21674,32.49802
slice_2_img_192.npy,2,192,LE07_146038_20060923,79.37828,32.5002
slice_2_img_193.npy,2,193,LE07_146038_20060923,79.53984,32.50218
slice_2_img_194.npy,2,194,LE07_146038_20060923,79.70141,32.50395
slice_2_img_195.npy,2,195,LE07_146038_20060923,77.43596,32.59701
slice_2_img_196.npy,2,196,LE07_146038_20060923,77.59746,32.60149
slice_2_img_197.npy,2,197,LE07_146038_20060923,77.75898,32.60577
slice_2_img_198.npy,2,198,LE07_146038_20060923,77.92054,32.60984
slice_2_img_199.npy,2,199,LE07_146038_20060923,78.08214,32.6137
slice_2_img_200.npy,2,200,LE07_146038_20060923,78.24376,32.61735
slice_2_img_201.npy,2,201,LE07_146038_20060923,78.40541,32.6208
slice_2_img_202.npy,2,202,LE07_146038_20060923,78.56709,32.62404
slice_2_img_203.npy,2,203,LE07_146038_20060923,78.72879,32.62707
slice_2_img_204.npy,2,204,LE07_146038_20060923,78.89052,32.62989
slice_2_img_205.npy,2,205,LE07_146038_20060923,79.05226,32.6325
slice_2_img_206.npy,2,206,LE07_146038_20060923,79.21403,32.63491
slice_2_img_207.npy,2,207,LE07_146038_20060923,79.37582,32.63711
slice_2_img_208.npy,2,208,LE07_146038_20060923,79.53762,32.6391
slice_2_img_209.npy,2,209,LE07_146038_20060923,79.69944,32.64088
slice_3_img_000.npy,3,0,LE07_147038_20040908,75.97984,30.88434
slice_3_img_001.npy,3,1,LE07_147038_20040908,76.13865,30.88304
slice_3_img_002.npy,3,2,LE07_147038_20040908,76.29745,30.88155
slice_3_img_003.npy,3,3,LE07_147038_20040908,76.45623,30.87986
slice_3_img_004.npy,3,4,LE07_147038_20040908,76.615,30.87797
slice_3_img_005.npy,3,5,LE07_147038_20040908,76.77376,30.87589
slice_3_img_006.npy,3,6,LE07_147038_20040908,76.9325,30.87362
slice_3_img_007.npy,3,7,LE07_147038_20040908,77.09122,30.87115
slice_3_img_008.npy,3,8,LE07_147038_20040908,77.24992,30.86849
slice_3_img_009.npy,3,9,LE07_147038_20040908,77.4086,30.86563
slice_3_img_010.npy,3,10,LE07_147038_20040908,77.56725,30.86258
slice_3_img_011.npy,3,11,LE07_147038_20040908,77.72588,30.85934
slice_3_img_012.npy,3,12,LE07_147038_20040908,77.88449,30.8559
slice_3_img_013.npy,3,13,LE07_147038_20040908,78.04306,30.85227
slice_3_img_014.npy,3,14,LE07_147038_20040908,78.20161,30.84844
slice_3_img_015.npy,3,15,LE07_147038_20040908,75.98123,31.02131
slice_3_img_016.npy,3,16,LE07_147038_20040908,76.14027,31.02001
slice_3_img_017.npy,3,17,LE07_147038_20040908,76.2993,31.0185
slice_3_img_018.npy,3,18,LE07_147038_20040908,76.45831,31.01681
slice_3_img_019.npy,3,19,LE07_147038_20040908,76.61731,31.01491
slice_3_img_020.npy,3,20,LE07_147038_20040908,76.77629,31.01282
slice_3_img_021.npy,3,21,LE07_147038_20040908,76.93526,31.01054
slice_3_img_022.npy,3,22,LE07_147038_20040908,77.0942,31.00805
slice_3_img_023.npy,3,23,LE07_147038_20040908,77.25313,31.00538
slice_3_img_024.npy,3,24,LE07_147038_20040908,77.41203,31.00251
slice_3_img_025.npy,3,25,LE07_147038_20040908,77.57092,30.99944
slice_3_img_026.npy,3,26,LE07_147038_20040908,77.72977,30.99618
slice_3_img_027.npy,3,27,LE07_147038_20040908,77.8886,30.99272
slice_3_img_028.npy,3,28,LE07_147038_20040908,78.0474,30.98907
slice_3_img_029.npy,3,29,LE07_147038_20040908,78.20617,30.98522
slice_3_img_030.npy,3,30,LE07_147038_20040908,75.98264,31.15828
slice_3_img_031.npy,3,31,LE07_147038_20040908,76.14191,31.15697
slice_3_img_032.npy,3,32,LE07_147038_20040908,76.30116,31.15546
slice_3_img_033.npy,3,33,LE07_147038_20040908,76.4604,31.15375
slice_3_img_034.npy,3,34,LE07_147038_20040908,76.61963,31.15185
slice_3_img_035.npy,3,35,LE07_147038_20040908,76.77884,31.14974
slice_3_img_036.npy,3,36,LE07_147038_20040908,76.93803,31.14745
slice_3_img_037.npy,3,37,LE07_147038_20040908,77.09721,31.14495
slice_3_img_038.npy,3,38,LE07_147038_20040908,77.25636,31.14226
slice_3_img_039.npy,3,39,LE07_147038_20040908,77.41549,31.13937
slice_3_img_040.npy,3,40,LE07_147038_20040908,77.5746,31.13629
slice_3_img_041.npy,3,41,LE07_147038_20040908,77.73368,31.13301
slice_3_img_042.npy,3,42,LE07_147038_20040908,77.89274,31.12953
slice_3_img_043.npy,3,43,LE07_147038_20040908,78.05177,31.12586
slice_3_img_044.npy,3,44,LE07_147038_20040908,78.21077,31.12199
slice_3_img_045.npy,3,45,LE07_147038_20040908,75.98406,31.29525
slice_3_img_046.npy,3,46,LE07_147038_20040908,76.14356,31.29393
slice_3_img_047.npy,3,47,LE07_147038_20040908,76.30304,31.29241
slice_3_img_048.npy,3,48,LE07_147038_20040908,76.46251,31.29069
slice_3_img_049.npy,3,49,LE07_147038_20040908,76.62197,31.28878
slice_3_img_050.npy,3,50,LE07_147038_20040908,76.78141,31.28667
slice_3_img_051.npy,3,51,LE07_147038_20040908,76.94083,31.28436
slice_3_img_052.npy,3,52,LE07_147038_20040908,77.10023,31.28185
slice_3_img_053.npy,3,53,LE07_147038_20040908,77.25962,31.27914
slice_3_img_054.npy,3,54,LE07_147038_20040908,77.41898,31.27624
slice_3_img_055.npy,3,55,LE07_147038_20040908,77.57831,31.27314
slice_3_img_056.npy,3,56,LE07_147038_20040908,77.73763,31.26984
slice_3_img_057.npy,3,57,LE07_147038_20040908,77.89691,31.26635
slice_3_img_058.npy,3,58,LE07_147038_20040908,78.05617,31.26266
slice_3_img_059.npy,3,59,LE07_147038_20040908,78.21539,31.25877
slice_3_img_060.npy,3,60,LE07_147038_20040908,75.98549,31.43221
slice_3_img_061.npy,3,61,LE07_147038_20040908,76.14522,31.43089
slice_3_img_062.npy,3,62,LE07_147038_20040908,76.30493,31.42936
slice_3_img_063.npy,3,63,LE07_147038_20040908,76.46463,31.42763
slice_3_img_064.npy,3,64,LE07_147038_20040908,76.62432,31.42571
slice_3_img_065.npy,3,65,LE07_147038_20040908,76.78399,31.42358
slice_3_img_066.npy,3,66,LE07_147038_20040908,76.94364,31.42126
slice_3_img_067.npy,3,67,LE07_147038_20040908,77.10328,31.41874
slice_3_img_068.npy,3,68,LE07_147038_20040908,77.26289,31.41602
slice_3_img_069.npy,3,69,LE07_147038_20040908,77.42248,31.4131
slice_3_img_070.npy,3,70,LE07_147038_20040908,77.58205,31.40998
slice_3_img_071.npy,3,71,LE07_147038_20040908,77.74159,31.40667
slice_3_img_072.npy,3,72,LE07_147038_20040908,77.90111,31.40316
slice_3_img_073.npy,3,73,LE07_147038_20040908,78.06059,31.39944
slice_3_img_074.npy,3,74,LE07_147038_20040908,78.22005,31.39553
slice_3_img_075.npy,3,75,LE07_147038_20040908,75.98693,31.56918
slice_3_img_076.npy,3,76,LE07_147038_20040908,76.14689,31.56784
slice_3_img_077.npy,3,77,LE07_147038_20040908,76.30683,31.5663
slice_3_img_078.npy,3,78,LE07_147038_20040908,76.46677,31.56457
slice_3_img_079.npy,3,79,LE07_147038_20040908,76.62669,31.56263
slice_3_img_080.npy,3,80,LE07_147038_20040908,76.78659,31.5605
slice_3_img_081.npy,3,81,LE07_147038_20040908,76.94648,31.55816
slice_3_img_082.npy,3,82,LE07_147038_20040908,77.10635,31.55563
slice_3_img_083.npy,3,83,LE07_147038_20040908,77.26619,31.55289
slice_3_img_084.npy,3,84,LE07_147038_20040908,77.42601,31.54996
slice_3_img_085.npy,3,85,LE07_147038_20040908,77.58581,31.54683
slice_3_img_086.npy,3,86,LE07_147038_20040908,77.74559,31.54349
slice_3_img_087.npy,3,87,LE07_147038_20040908,77.90533,31.53996
slice_3_img_088.npy,3,88,LE07_147038_20040908,78.06505,31.53623
slice_3_img_089.npy,3,89,LE07_147038_20040908,78.22474,31.5323
slice_3_img_090.npy,3,90,LE07_147038_20040908,75.98838,31.70613
slice_3_img_091.npy,3,91,LE07_147038_20040908,76.14857,31.70479
slice_3_img_092.npy,3,92,LE07_147038_20040908,76.30875,31.70325
slice_3_img_093.npy,3,93,LE07_147038_20040908,76.46892,31.7015
slice_3_img_094.npy,3,94,LE07_147038_20040908,76.62907,31.69956
slice_3_img_095.npy,3,95,LE07_147038_20040908,76.78921,31.69741
slice_3_img_096.npy,3,96,LE07_147038_20040908,76.94933,31.69506
slice_3_img_097.npy,3,97,LE07_147038_20040908,77.10943,31.69251
slice_3_img_098.npy,3,98,LE07_147038_20040908,77.26951,31.68977
slice_3_img_099.npy,3,99,LE07_147038_20040908,77.42957,31.68682
slice_3_img_100.npy,3,100,LE07_147038_20040908,77.5896,31.68367
slice_3_img_101.npy,3,101,LE07_147038_20040908,77.74961,31.68031
slice_3_img_102.npy,3,102,LE07_147038_20040908,77.90959,31.67676
slice_3_img_103.npy,3,103,LE07_147038_20040908,78.06954,31.67301
slice_3_img_104.npy,3,104,LE07_147038_20040908,78.22946,31.66906
slice_3_img_105.npy,3,105,LE07_147038_20040908,75.98983,31.84309
slice_3_img_106.npy,3,106,LE07_147038_20040908,76.15026,31.84174
slice_3_img_107.npy,3,107,LE07_147038_20040908,76.31068,31.84019
slice_3_img_108.npy,3,108,LE07_147038_20040908,76.47109,31.83843
slice_3_img_109.npy,3,109,LE07_147038_20040908,76.63148,31.83648
slice_3_img_110.npy,3,110,LE07_147038_20040908,76.79185,31.83432
slice_3_img_111.npy,3,111,LE07_147038_20040908,76.95221,31.83196
slice_3_img_112.npy,3,112,LE07_147038_20040908,77.11254,31.8294
slice_3_img_113.npy,3,113,LE07_147038_20040908,77.27286,31.82663
slice_3_img_114.npy,3,114,LE07_147038_20040908,77.43315,31.82367
slice_3_img_115.npy,3,115,LE07_147038_20040908,77.59342,31.8205
slice_3_img_116.npy,3,116,LE07_147038_20040908,77.75366,31.81713
slice_3_img_117.npy,3,117,LE07_147038_20040908,77.91387,31.81356
slice_3_img_118.npy,3,118,LE07_147038_20040908,78.07406,31.80979
slice_3_img_119.npy,3,119,LE07_147038_20040908,78.23421,31.80582
slice_3_img_120.npy,3,120,LE07_147038_20040908,75.9913,31.98004
slice_3_img_121.npy,3,121,LE07_147038_20040908,76.15197,31.97868
slice_3_img_122.npy,3,122,LE07_147038_20040908,76.31262,31.97712
slice_3_img_123.npy,3,123,LE07_147038_20040908,76.47327,31.97536
slice_3_img_124.npy,3,124,LE07_147038_20040908,76.63389,31.97339
slice_3_img_125.npy,3,125,LE07_147038_20040908,76.7945,31.97122
slice_3_img_126.npy,3,126,LE07_147038_20040908,76.9551,31.96885
slice_3_img_127.npy,3,127,LE07_147038_20040908,77.11567,31.96628
slice_3_img_128.npy,3,128,LE07_147038_20040908,77.27622,31.9635
slice_3_img_129.npy,3,129,LE07_147038_20040908,77.43675,31.96052
slice_3_img_130.npy,3,130,LE07_147038_20040908,77.59726,31.95733
slice_3_img_131.npy,3,131,LE07_147038_20040908,77.75774,31.95395
slice_3_img_132.npy,3,132,LE07_147038_20040908,77.91819,31.95036
slice_3_img_133.npy,3,133,LE07_147038_20040908,78.07861,31.94657
slice_3_img_134.npy,3,134,LE07_147038_20040908,78.239,31.94257
slice_3_img_135.npy,3,135,LE07_147038_20040908,75.99278,32.11699
slice_3_img_136.npy,3,136,LE07_147038_20040908,76.15368,32.11563
slice_3_img_137.npy,3,137,LE07_147038_20040908,76.31458,32.11406
slice_3_img_138.npy,3,138,LE07_147038_20040908,76.47546,32.11229
slice_3_img_139.npy,3,139,LE07_147038_20040908,76.63633,32.11031
slice_3_img_140.npy,3,140,LE07_147038_20040908,76.79718,32.10813
slice_3_img_141.npy,3,141,LE07_147038_20040908,76.95801,32.10574
slice_3_img_142.npy,3,142,LE07_147038_20040908,77.11882,32.10315
slice_3_img_143.npy,3,143,LE07_147038_20040908,77.27961,32.10036
slice_3_img_144.npy,3,144,LE07_147038_20040908,77.44038,32.09736
slice_3_img_145.npy,3,145,LE07_147038_20040908,77.60112,32.09416
slice_3_img_146.npy,3,146,LE07_147038_20040908,77.76184,32.09076
slice_3_img_147.npy,3,147,LE07_147038_20040908,77.92253,32.08715
slice_3_img_148.npy,3,148,LE07_147038_20040908,78.08319,32.08334
slice_3_img_149.npy,3,149,LE07_147038_20040908,78.24382,32.07932
slice_3_img_150.npy,3,150,LE07_147038_20040908,75.99427,32.25394
slice_3_img_151.npy,3,151,LE07_147038_20040908,76.15541,32.25256
slice_3_img_152.npy,3,152,LE07_147038_20040908,76.31655,32.25099
slice_3_img_153.npy,3,153,LE07_147038_20040908,76.47767,32.24921
slice_3_img_154.npy,3,154,LE07_147038_20040908,76.63878,32.24722
slice_3_img_155.npy,3,155,LE07_147038_20040908,76.79987,32.24503
slice_3_img_156.npy,3,156,LE07_147038_20040908,76.96094,32.24263
slice_3_img_157.npy,3,157,LE07_147038_20040908,77.12199,32.24003
slice_3_img_158.npy,3,158,LE07_147038_20040908,77.28303,32.23722
slice_3_img_159.npy,3,159,LE07_147038_20040908,77.44403,32.2342
slice_3_img_160.npy,3,160,LE07_147038_20040908,77.60502,32.23099
slice_3_img_161.npy,3,161,LE07_147038_20040908,77.76597,32.22756
slice_3_img_162.npy,3,162,LE07_147038_20040908,77.9269,32.22394
slice_3_img_163.npy,3,163,LE07_147038_20040908,78.0878,32.22011
slice_3_img_164.npy,3,164,LE07_147038_20040908,78.24867,32.21607
slice_3_img_165.npy,3,165,LE07_147038_20040908,75.99576,32.39088
slice_3_img_166.npy,3,166,LE07_147038_20040908,76.15715,32.3895
slice_3_img_167.npy,3,167,LE07_147038_20040908,76.31853,32.38792
slice_3_img_168.npy,3,168,LE07_147038_20040908,76.4799,32.38612
slice_3_img_169.npy,3,169,LE07_147038_20040908,76.64125,32.38413
slice_3_img_170.npy,3,170,LE07_147038_20040908,76.80258,32.38192
slice_3_img_171.npy,3,171,LE07_147038_20040908,76.96389,32.37951
slice_3_img_172.npy,3,172,LE07_147038_20040908,77.12519,32.3769
slice_3_img_173.npy,3,173,LE07_147038_20040908,77.28646,32.37407
slice_3_img_174.npy,3,174,LE07_147038_20040908,77.44771,32.37104
slice_3_img_175.npy,3,175,LE07_147038_20040908,77.60894,32.36781
slice_3_img_176.npy,3,176,LE07_147038_20040908,77.77013,32.36437
slice_3_img_177.npy,3,177,LE07_147038_20040908,77.9313,32.36072
slice_3_img_178.npy,3,178,LE07_147038_20040908,78.09244,32.35687
slice_3_img_179.npy,3,179,LE07_147038_20040908,78.25355,32.35281
slice_3_img_180.npy,3,180,LE07_147038_20040908,75.99727,32.52782
slice_3_img_181.npy,3,181,LE07_147038_20040908,76.15891,32.52643
slice_3_img_182.npy,3,182,LE07_147038_20040908,76.32053,32.52484
slice_3_img_183.npy,3,183,LE07_147038_20040908,76.48214,32.52304
slice_3_img_184.npy,3,184,LE07_147038_20040908,76.64373,32.52103
slice_3_img_185.npy,3,185,LE07_147038_20040908,76.80531,32.51882
slice_3_img_186.npy,3,186,LE07_147038_20040908,76.96687,32.51639
slice_3_img_187.npy,3,187,LE07_147038_20040908,77.1284,32.51376
slice_3_img_188.npy,3,188,LE07_147038_20040908,77.28992,32.51092
slice_3_img_189.npy,3,189,LE07_147038_20040908,77.45141,32.50788
slice_3_img_190.npy,3,190,LE07_147038_20040908,77.61288,32.50463
slice_3_img_191.npy,3,191,LE07_147038_20040908,77.77432,32.50117
slice_3_img_192.npy,3,192,LE07_147038_20040908,77.93573,32.4975
slice_3_img_193.npy,3,193,LE07_147038_20040908,78.09712,32.49363
slice_3_img_194.npy,3,194,LE07_147038_20040908,78.25847,32.48955
slice_4_img_000.npy,4,0,LE07_143039_20081212,81.72194,29.44309
slice_4_img_001.npy,4,1,LE07_143039_20081212,81.87847,29.44215
slice_4_img_002.npy,4,2,LE07_143039_20081212,82.03499,29.44103
slice_4_img_003.npy,4,3,LE07_143039_20081212,82.1915,29.43972
slice_4_img_004.npy,4,4,LE07_143039_20081212,82.348,29.43823
slice_4_img_005.npy,4,5,LE07_143039_20081212,82.50449,29.43655
slice_4_img_006.npy,4,6,LE07_143039_20081212,82.66096,29.43469
slice_4_img_007.npy,4,7,LE07_143039_20081212,82.81742,29.43265
slice_4_img_008.npy,4,8,LE07_143039_20081212,82.97386,29.43042
slice_4_img_009.npy,4,9,LE07_143039_20081212,83.13028,29.42801
slice_4_img_010.npy,4,10,LE07_143039_20081212,83.28669,29.42542
slice_4_img_011.npy,4,11,LE07_143039_20081212,83.44307,29.42264
slice_4_img_012.npy,4,12,LE07_143039_20081212,83.59943,29.41968
slice_4_img_013.npy,4,13,LE07_143039_20081212,83.75576,29.41653
slice_4_img_014.npy,4,14,LE07_143039_20081212,83.91207,29.41321
slice_4_img_015.npy,4,15,LE07_143039_20081212,81.72291,29.58011
slice_4_img_016.npy,4,16,LE07_143039_20081212,81.87965,29.57916
slice_4_img_017.npy,4,17,LE07_143039_20081212,82.03638,29.57803
slice_4_img_018.npy,4,18,LE07_143039_20081212,82.19311,29.57671
slice_4_img_019.npy,4,19,LE07_143039_20081212,82.34982,29.57521
slice_4_img_020.npy,4,20,LE07_143039_20081212,82.50651,29.57353
slice_4_img_021.npy,4,21,LE07_143039_20081212,82.6632,29.57166
slice_4_img_022.npy,4,22,LE07_143039_20081212,82.81987,29.5696
slice_4_img_023.npy,4,23,LE07_143039_20081212,82.97652,29.56736
slice_4_img_024.npy,4,24,LE07_143039_20081212,83.13315,29.56494
slice_4_img_025.npy,4,25,LE07_143039_20081212,83.28976,29.56233
slice_4_img_026.npy,4,26,LE07_143039_20081212,83.44636,29.55954
slice_4_img_027.npy,4,27,LE07_143039_20081212,83.60292,29.55656
slice_4_img_028.npy,4,28,LE07_143039_20081212,83.75947,29.5534
slice_4_img_029.npy,4,29,LE07_143039_20081212,83.91599,29.55005
slice_4_img_030.npy,4,30,LE07_143039_20081212,81.72389,29.71712
slice_4_img_031.npy,4,31,LE07_143039_20081212,81.88085,29.71617
slice_4_img_032.npy,4,32,LE07_143039_20081212,82.03779,29.71503
slice_4_img_033.npy,4,33,LE07_143039_20081212,82.19472,29.71371
slice_4_img_034.npy,4,34,LE07_143039_20081212,82.35165,29.7122
slice_4_img_035.npy,4,35,LE07_143039_20081212,82.50856,29.7105
slice_4_img_036.npy,4,36,LE07_143039_20081212,82.66545,29.70862
slice_4_img_037.npy,4,37,LE07_143039_20081212,82.82233,29.70655
slice_4_img_038.npy,4,38,LE07_143039_20081212,82.97919,29.7043
slice_4_img_039.npy,4,39,LE07_143039_20081212,83.13604,29.70186
slice_4_img_040.npy,4,40,LE07_143039_20081212,83.29286,29.69924
slice_4_img_041.npy,4,41,LE07_143039_20081212,83.44967,29.69643
slice_4_img_042.npy,4,42,LE07_143039_20081212,83.60645,29.69344
slice_4_img_043.npy,4,43,LE07_143039_20081212,83.7632,29.69026
slice_4_img_044.npy,4,44,LE07_143039_20081212,83.91993,29.6869
slice_4_img_045.npy,4,45,LE07_143039_20081212,81.72488,29.85412
slice_4_img_046.npy,4,46,LE07_143039_20081212,81.88205,29.85317
slice_4_img_047.npy,4,47,LE07_143039_20081212,82.0392,29.85202
slice_4_img_048.npy,4,48,LE07_143039_20081212,82.19635,29.85069
slice_4_img_049.npy,4,49,LE07_143039_20081212,82.35349,29.84918
slice_4_img_050.npy,4,50,LE07_143039_20081212,82.51061,29.84747
slice_4_img_051.npy,4,51,LE07_143039_20081212,82.66772,29.84558
slice_4_img_052.npy,4,52,LE07_143039_20081212,82.82481,29.8435
slice_4_img_053.npy,4,53,LE07_143039_20081212,82.98189,29.84124
slice_4_img_054.npy,4,54,LE07_143039_20081212,83.13895,29.83879
slice_4_img_055.npy,4,55,LE07_143039_20081212,83.29599,29.83615
slice_4_img_056.npy,4,56,LE07_143039_20081212,83.453,29.83333
slice_4_img_057.npy,4,57,LE07_143039_20081212,83.61,29.83031
slice_4_img_058.npy,4,58,LE07_143039_20081212,83.76696,29.82712
slice_4_img_059.npy,4,59,LE07_143039_20081212,83.92391,29.82374
slice_4_img_060.npy,4,60,LE07_143039_20081212,81.72587,29.99113
slice_4_img_061.npy,4,61,LE07_143039_20081212,81.88325,29.99017
slice_4_img_062.npy,4,62,LE07_143039_20081212,82.04063,29.98902
slice_4_img_063.npy,4,63,LE07_143039_20081212,82.19799,29.98768
slice_4_img_064.npy,4,64,LE07_143039_20081212,82.35534,29.98615
slice_4_img_065.npy,4,65,LE07_143039_20081212,82.51268,29.98444
slice_4_img_066.npy,4,66,LE07_143039_20081212,82.67,29.98254
slice_4_img_067.npy,4,67,LE07_143039_20081212,82.82731,29.98045
slice_4_img_068.npy,4,68,LE07_143039_20081212,82.9846,29.97817
slice_4_img_069.npy,4,69,LE07_143039_20081212,83.14188,29.97571
slice_4_img_070.npy,4,70,LE07_143039_20081212,83.29913,29.97305
slice_4_img_071.npy,4,71,LE07_143039_20081212,83.45636,29.97021
slice_4_img_072.npy,4,72,LE07_143039_20081212,83.61357,29.96719
slice_4_img_073.npy,4,73,LE07_143039_20081212,83.77075,29.96397
slice_4_img_074.npy,4,74,LE07_143039_20081212,83.92791,29.96057
slice_4_img_075.npy,4,75,LE07_143039_20081212,81.72687,30.12813
slice_4_img_076.npy,4,76,LE07_143039_20081212,81.88447,30.12716
slice_4_img_077.npy,4,77,LE07_143039_20081212,82.04206,30.12601
slice_4_img_078.npy,4,78,LE07_143039_20081212,82.19964,30.12466
slice_4_img_079.npy,4,79,LE07_143039_20081212,82.35721,30.12313
slice_4_img_080.npy,4,80,LE07_143039_20081212,82.51476,30.1214
slice_4_img_081.npy,4,81,LE07_143039_20081212,82.6723,30.11949
slice_4_img_082.npy,4,82,LE07_143039_20081212,82.82983,30.11739
slice_4_img_083.npy,4,83,LE07_143039_20081212,82.98734,30.1151
slice_4_img_084.npy,4,84,LE07_143039_20081212,83.14483,30.11262
slice_4_img_085.npy,4,85,LE07_143039_20081212,83.30229,30.10996
slice_4_img_086.npy,4,86,LE07_143039_20081212,83.45974,30.1071
slice_4_img_087.npy,4,87,LE07_143039_20081212,83.61716,30.10406
slice_4_img_088.npy,4,88,LE07_143039_20081212,83.77456,30.10082
slice_4_img_089.npy,4,89,LE07_143039_20081212,83.93193,30.0974
slice_4_img_090.npy,4,90,LE07_143039_20081212,81.72788,30.26513
slice_4_img_091.npy,4,91,LE07_143039_20081212,81.8857,30.26415
slice_4_img_092.npy,4,92,LE07_143039_20081212,82.0435,30.26299
slice_4_img_093.npy,4,93,LE07_143039_20081212,82.2013,30.26164
slice_4_img_094.npy,4,94,LE07_143039_20081212,82.35909,30.2601
slice_4_img_095.npy,4,95,LE07_143039_20081212,82.51686,30.25836
slice_4_img_096.npy,4,96,LE07_143039_20081212,82.67462,30.25644
slice_4_img_097.npy,4,97,LE07_143039_20081212,82.83236,30.25433
slice_4_img_098.npy,4,98,LE07_143039_20081212,82.99009,30.25203
slice_4_img_099.npy,4,99,LE07_143039_20081212,83.14779,30.24954
slice_4_img_100.npy,4,100,LE07_143039_20081212,83.30548,30.24685
slice_4_img_101.npy,4,101,LE07_143039_20081212,83.46314,30.24398
slice_4_img_102.npy,4,102,LE07_143039_20081212,83.62079,30.24092
slice_4_img_103.npy,4,103,LE07_143039_20081212,83.7784,30.23767
slice_4_img_104.npy,4,104,LE07_143039_20081212,83.93599,30.23423
slice_4_img_105.npy,4,105,LE07_143039_20081212,81.72889,30.40212
slice_4_img_106.npy,4,106,LE07_143039_20081212,81.88693,30.40114
slice_4_img_107.npy,4,107,LE07_143039_20081212,82.04496,30.39997
slice_4_img_108.npy,4,108,LE07_143039_20081212,82.20298,30.39861
slice_4_img_109.npy,4,109,LE07_143039_20081212,82.36098,30.39706
slice_4_img_110.npy,4,110,LE07_143039_20081212,82.51897,30.39532
slice_4_img_111.npy,4,111,LE07_143039_20081212,82.67695,30.39339
slice_4_img_112.npy,4,112,LE07_143039_20081212,82.83491,30.39127
slice_4_img_113.npy,4,113,LE07_143039_20081212,82.99286,30.38895
slice_4_img_114.npy,4,114,LE07_143039_20081212,83.15078,30.38644
slice_4_img_115.npy,4,115,LE07_143039_20081212,83.30869,30.38375
slice_4_img_116.npy,4,116,LE07_143039_20081212,83.46657,30.38086
slice_4_img_117.npy,4,117,LE07_143039_20081212,83.62443,30.37778
slice_4_img_118.npy,4,118,LE07_143039_20081212,83.78227,30.37452
slice_4_img_119.npy,4,119,LE07_143039_20081212,83.94007,30.37106
slice_4_img_120.npy,4,120,LE07_143039_20081212,81.72992,30.53911
slice_4_img_121.npy,4,121,LE07_143039_20081212,81.88817,30.53813
slice_4_img_122.npy,4,122,LE07_143039_20081212,82.04642,30.53696
slice_4_img_123.npy,4,123,LE07_143039_20081212,82.20466,30.53559
slice_4_img_124.npy,4,124,LE07_143039_20081212,82.36289,30.53403
slice_4_img_125.npy,4,125,LE07_143039_20081212,82.5211,30.53228
slice_4_img_126.npy,4,126,LE07_143039_20081212,82.6793,30.53033
slice_4_img_127.npy,4,127,LE07_143039_20081212,82.83748,30.5282
slice_4_img_128.npy,4,128,LE07_143039_20081212,82.99565,30.52587
slice_4_img_129.npy,4,129,LE07_143039_20081212,83.15379,30.52335
slice_4_img_130.npy,4,130,LE07_143039_20081212,83.31192,30.52064
slice_4_img_131.npy,4,131,LE07_143039_20081212,83.47002,30.51774
slice_4_img_132.npy,4,132,LE07_143039_20081212,83.6281,30.51464
slice_4_img_133.npy,4,133,LE07_143039_20081212,83.78616,30.51136
slice_4_img_134.npy,4,134,LE07_143039_20081212,83.94418,30.50788
slice_4_img_135.npy,4,135,LE07_143039_20081212,81.73094,30.6761
slice_4_img_136.npy,4,136,LE07_143039_20081212,81.88942,30.67511
slice_4_img_137.npy,4,137,LE07_143039_20081212,82.0479,30.67393
slice_4_img_138.npy,4,138,LE07_143039_20081212,82.20636,30.67256
slice_4_img_139.npy,4,139,LE07_143039_20081212,82.36481,30.67099
slice_4_img_140.npy,4,140,LE07_143039_20081212,82.52324,30.66923
slice_4_img_141.npy,4,141,LE07_143039_20081212,82.68166,30.66728
slice_4_img_142.npy,4,142,LE07_143039_20081212,82.84007,30.66513
slice_4_img_143.npy,4,143,LE07_143039_20081212,82.99846,30.66279
slice_4_img_144.npy,4,144,LE07_143039_20081212,83.15683,30.66026
slice_4_img_145.npy,4,145,LE07_143039_20081212,83.31517,30.65753
slice_4_img_146.npy,4,146,LE07_143039_20081212,83.4735,30.65461
slice_4_img_147.npy,4,147,LE07_143039_20081212,83.6318,30.6515
slice_4_img_148.npy,4,148,LE07_143039_20081212,83.79008,30.6482
slice_4_img_149.npy,4,149,LE07_143039_20081212,83.94832,30.6447
slice_4_img_150.npy,4,150,LE07_143039_20081212,81.73198,30.81309
slice_4_img_151.npy,4,151,LE07_143039_20081212,81.89068,30.8121
slice_4_img_152.npy,4,152,LE07_143039_20081212,82.04938,30.81091
slice_4_img_153.npy,4,153,LE07_143039_20081212,82.20806,30.80953
slice_4_img_154.npy,4,154,LE07_143039_20081212,82.36674,30.80795
slice_4_img_155.npy,4,155,LE07_143039_20081212,82.5254,30.80618
slice_4_img_156.npy,4,156,LE07_143039_20081212,82.68404,30.80421
slice_4_img_157.npy,4,157,LE07_143039_20081212,82.84267,30.80205
slice_4_img_158.npy,4,158,LE07_143039_20081212,83.00129,30.7997
slice_4_img_159.npy,4,159,LE07_143039_20081212,83.15988,30.79716
slice_4_img_160.npy,4,160,LE07_143039_20081212,83.31845,30.79442
slice_4_img_161.npy,4,161,LE07_143039_20081212,83.477,30.79148
slice_4_img_162.npy,4,162,LE07_143039_20081212,83.63552,30.78835
slice_4_img_163.npy,4,163,LE07_143039_20081212,83.79402,30.78503
slice_4_img_164.npy,4,164,LE07_143039_20081212,83.95249,30.78152
slice_4_img_165.npy,4,165,LE07_143039_20081212,81.73302,30.95007
slice_4_img_166.npy,4,166,LE07_143039_20081212,81.89195,30.94907
slice_4_img_167.npy,4,167,LE07_143039_20081212,82.05087,30.94788
slice_4_img_168.npy,4,168,LE07_143039_20081212,82.20978,30.94649
slice_4_img_169.npy,4,169,LE07_143039_20081212,82.36868,30.9449
slice_4_img_170.npy,4,170,LE07_143039_20081212,82.52757,30.94312
slice_4_img_171.npy,4,171,LE07_143039_20081212,82.68644,30.94115
slice_4_img_172.npy,4,172,LE07_143039_20081212,82.8453,30.93898
slice_4_img_173.npy,4,173,LE07_143039_20081212,83.00413,30.93661
slice_4_img_174.npy,4,174,LE07_143039_20081212,83.16295,30.93405
slice_4_img_175.npy,4,175,LE07_143039_20081212,83.32175,30.9313
slice_4_img_176.npy,4,176,LE07_143039_20081212,83.48052,30.92835
slice_4_img_177.npy,4,177,LE07_143039_20081212,83.63927,30.9252
slice_4_img_178.npy,4,178,LE07_143039_20081212,83.79799,30.92186
slice_4_img_179.npy,4,179,LE07_143039_20081212,83.95669,30.91833
slice_4_img_180.npy,4,180,LE07_143039_20081212,81.73407,31.08705
slice_4_img_181.npy,4,181,LE07_143039_20081212,81.89323,31.08605
slice_4_img_182.npy,4,182,LE07_143039_20081212,82.05238,31.08485
slice_4_img_183.npy,4,183,LE07_143039_20081212,82.21152,31.08345
slice_4_img_184.npy,4,184,LE07_143039_20081212,82.37064,31.08186
slice_4_img_185.npy,4,185,LE07_143039_20081212,82.52976,31.08007
slice_4_img_186.npy,4,186,LE07_143039_20081212,82.68885,31.07808
slice_4_img_187.npy,4,187,LE07_143039_20081212,82.84794,31.0759
slice_4_img_188.npy,4,188,LE07_143039_20081212,83.007,31.07352
slice_4_img_189.npy,4,189,LE07_143039_20081212,83.16604,31.07095
slice_4_img_190.npy,4,190,LE07_143039_20081212,83.32507,31.06818
slice_4_img_191.npy,4,191,LE07_143039_20081212,83.48407,31.06521
slice_4_img_192.npy,4,192,LE07_143039_20081212,83.64304,31.06205
slice_4_img_193.npy,4,193,LE07_143039_20081212,83.80199,31.05869
slice_4_img_194.npy,4,194,LE07_143039_20081212,83.96092,31.05514
slice_5_img_000.npy,5,0,LE07_146037_20071231,77.81453,32.25264
slice_5_img_001.npy,5,1,LE07_146037_20071231,77.97547,32.2566
slice_5_img_002.npy,5,2,LE07_146037_20071231,78.13644,32.26036
slice_5_img_003.npy,5,3,LE07_146037_20071231,78.29744,32.26391
slice_5_img_004.npy,5,4,LE07_146037_20071231,78.45847,32.26725
slice_5_img_005.npy,5,5,LE07_146037_20071231,78.61952,32.27039
slice_5_img_006.npy,5,6,LE07_146037_20071231,78.7806,32.27333
slice_5_img_007.npy,5,7,LE07_146037_20071231,78.9417,32.27606
slice_5_img_008.npy,5,8,LE07_146037_20071231,79.10282,32.27858
slice_5_img_009.npy,5,9,LE07_146037_20071231,79.26396,32.2809
slice_5_img_010.npy,5,10,LE07_146037_20071231,79.42512,32.28301
slice_5_img_011.npy,5,11,LE07_146037_20071231,79.5863,32.28492
slice_5_img_012.npy,5,12,LE07_146037_20071231,79.74749,32.28662
slice_5_img_013.npy,5,13,LE07_146037_20071231,79.90869,32.28812
slice_5_img_014.npy,5,14,LE07_146037_20071231,80.0699,32.28941
slice_5_img_015.npy,5,15,LE07_146037_20071231,77.80973,32.38939
slice_5_img_016.npy,5,16,LE07_146037_20071231,77.97091,32.39338
slice_5_img_017.npy,5,17,LE07_146037_20071231,78.13213,32.39715
slice_5_img_018.npy,5,18,LE07_146037_20071231,78.29337,32.40072
slice_5_img_019.npy,5,19,LE07_146037_20071231,78.45464,32.40408
slice_5_img_020.npy,5,20,LE07_146037_20071231,78.61594,32.40724
slice_5_img_021.npy,5,21,LE07_146037_20071231,78.77726,32.41019
slice_5_img_022.npy,5,22,LE07_146037_20071231,78.9386,32.41293
slice_5_img_023.npy,5,23,LE07_146037_20071231,79.09996,32.41547
slice_5_img_024.npy,5,24,LE07_146037_20071231,79.26135,32.4178
slice_5_img_025.npy,5,25,LE07_146037_20071231,79.42275,32.41992
slice_5_img_026.npy,5,26,LE07_146037_20071231,79.58417,32.42184
slice_5_img_027.npy,5,27,LE07_146037_20071231,79.7456,32.42355
slice_5_img_028.npy,5,28,LE07_146037_20071231,79.90704,32.42506
slice_5_img_029.npy,5,29,LE07_146037_20071231,80.0685,32.42635
slice_5_img_030.npy,5,30,LE07_146037_20071231,77.8049,32.52614
slice_5_img_031.npy,5,31,LE07_146037_20071231,77.96633,32.53014
slice_5_img_032.npy,5,32,LE07_146037_20071231,78.12778,32.53394
slice_5_img_033.npy,5,33,LE07_146037_20071231,78.28927,32.53752
slice_5_img_034.npy,5,34,LE07_146037_20071231,78.45078,32.5409
slice_5_img_035.npy,5,35,LE07_146037_20071231,78.61232,32.54408
slice_5_img_036.npy,5,36,LE07_146037_20071231,78.77389,32.54704
slice_5_img_037.npy,5,37,LE07_146037_20071231,78.93548,32.5498
slice_5_img_038.npy,5,38,LE07_146037_20071231,79.09708,32.55235
slice_5_img_039.npy,5,39,LE07_146037_20071231,79.25871,32.5547
slice_5_img_040.npy,5,40,LE07_146037_20071231,79.42036,32.55683
slice_5_img_041.npy,5,41,LE07_146037_20071231,79.58202,32.55876
slice_5_img_042.npy,5,42,LE07_146037_20071231,79.7437,32.56048
slice_5_img_043.npy,5,43,LE07_146037_20071231,79.90539,32.56199
slice_5_img_044.npy,5,44,LE07_146037_20071231,80.06709,32.5633
slice_5_img_045.npy,5,45,LE07_146037_20071231,77.80004,32.66289
slice_5_img_046.npy,5,46,LE07_146037_20071231,77.96171,32.66691
slice_5_img_047.npy,5,47,LE07_146037_20071231,78.12341,32.67072
slice_5_img_048.npy,5,48,LE07_146037_20071231,78.28514,32.67433
slice_5_img_049.npy,5,49,LE07_146037_20071231,78.4469,32.67773
slice_5_img_050.npy,5,50,LE07_146037_20071231,78.60869,32.68091
slice_5_img_051.npy,5,51,LE07_146037_20071231,78.7705,32.6839
slice_5_img_052.npy,5,52,LE07_146037_20071231,78.93233,32.68667
slice_5_img_053.npy,5,53,LE07_146037_20071231,79.09418,32.68923
slice_5_img_054.npy,5,54,LE07_146037_20071231,79.25606,32.69159
slice_5_img_055.npy,5,55,LE07_146037_20071231,79.41795,32.69374
slice_5_img_056.npy,5,56,LE07_146037_20071231,79.57986,32.69567
slice_5_img_057.npy,5,57,LE07_146037_20071231,79.74178,32.6974
slice_5_img_058.npy,5,58,LE07_146037_20071231,79.90372,32.69892
slice_5_img_059.npy,5,59,LE07_146037_20071231,80.06567,32.70023
slice_5_img_060.npy,5,60,LE07_146037_20071231,77.79515,32.79962
slice_5_img_061.npy,5,61,LE07_146037_20071231,77.95706,32.80367
slice_5_img_062.npy,5,62,LE07_146037_20071231,78.11901,32.8075
slice_5_img_063.npy,5,63,LE07_146037_20071231,78.28099,32.81113
slice_5_img_064.npy,5,64,LE07_146037_20071231,78.44299,32.81454
slice_5_img_065.npy,5,65,LE07_146037_20071231,78.60503,32.81775
slice_5_img_066.npy,5,66,LE07_146037_20071231,78.76708,32.82075
slice_5_img_067.npy,5,67,LE07_146037_20071231,78.92916,32.82353
slice_5_img_068.npy,5,68,LE07_146037_20071231,79.09127,32.82611
slice_5_img_069.npy,5,69,LE07_146037_20071231,79.25339,32.82848
slice_5_img_070.npy,5,70,LE07_146037_20071231,79.41553,32.83064
slice_5_img_071.npy,5,71,LE07_146037_20071231,79.57768,32.83258
slice_5_img_072.npy,5,72,LE07_146037_20071231,79.73985,32.83432
slice_5_img_073.npy,5,73,LE07_146037_20071231,79.90204,32.83585
slice_5_img_074.npy,5,74,LE07_146037_20071231,80.06423,32.83717
slice_5_img_075.npy,5,75,LE07_146037_20071231,77.79022,32.93636
slice_5_img_076.npy,5,76,LE07_146037_20071231,77.95238,32.94042
slice_5_img_077.npy,5,77,LE07_146037_20071231,78.11458,32.94428
slice_5_img_078.npy,5,78,LE07_146037_20071231,78.27681,32.94792
slice_5_img_079.npy,5,79,LE07_146037_20071231,78.43906,32.95136
slice_5_img_080.npy,5,80,LE07_146037_20071231,78.60134,32.95458
slice_5_img_081.npy,5,81,LE07_146037_20071231,78.76365,32.95759
slice_5_img_082.npy,5,82,LE07_146037_20071231,78.92598,32.96039
slice_5_img_083.npy,5,83,LE07_146037_20071231,79.08833,32.96298
slice_5_img_084.npy,5,84,LE07_146037_20071231,79.2507,32.96537
slice_5_img_085.npy,5,85,LE07_146037_20071231,79.41309,32.96753
slice_5_img_086.npy,5,86,LE07_146037_20071231,79.57549,32.96949
slice_5_img_087.npy,5,87,LE07_146037_20071231,79.73791,32.97124
slice_5_img_088.npy,5,88,LE07_146037_20071231,79.90035,32.97278
slice_5_img_089.npy,5,89,LE07_146037_20071231,80.06279,32.9741
slice_5_img_090.npy,5,90,LE07_146037_20071231,77.78526,33.07309
slice_5_img_091.npy,5,91,LE07_146037_20071231,77.94767,33.07718
slice_5_img_092.npy,5,92,LE07_146037_20071231,78.11012,33.08105
slice_5_img_093.npy,5,93,LE07_146037_20071231,78.27259,33.08472
slice_5_img_094.npy,5,94,LE07_146037_20071231,78.4351,33.08817
slice_5_img_095.npy,5,95,LE07_146037_20071231,78.59763,33.09141
slice_5_img_096.npy,5,96,LE07_146037_20071231,78.76019,33.09443
slice_5_img_097.npy,5,97,LE07_146037_20071231,78.92277,33.09725
slice_5_img_098.npy,5,98,LE07_146037_20071231,79.08537,33.09986
slice_5_img_099.npy,5,99,LE07_146037_20071231,79.24799,33.10225
slice_5_img_100.npy,5,100,LE07_146037_20071231,79.41063,33.10443
slice_5_img_101.npy,5,101,LE07_146037_20071231,79.57329,33.1064
slice_5_img_102.npy,5,102,LE07_146037_20071231,79.73596,33.10815
slice_5_img_103.npy,5,103,LE07_146037_20071231,79.89864,33.1097
slice_5_img_104.npy,5,104,LE07_146037_20071231,80.06134,33.11103
slice_5_img_105.npy,5,105,LE07_146037_20071231,77.78026,33.20982
slice_5_img_106.npy,5,106,LE07_146037_20071231,77.94293,33.21393
slice_5_img_107.npy,5,107,LE07_146037_20071231,78.10563,33.21782
slice_5_img_108.npy,5,108,LE07_146037_20071231,78.26835,33.2215
slice_5_img_109.npy,5,109,LE07_146037_20071231,78.43111,33.22497
slice_5_img_110.npy,5,110,LE07_146037_20071231,78.59389,33.22823
slice_5_img_111.npy,5,111,LE07_146037_20071231,78.7567,33.23127
slice_5_img_112.npy,5,112,LE07_146037_20071231,78.91954,33.23411
slice_5_img_113.npy,5,113,LE07_146037_20071231,79.08239,33.23672
slice_5_img_114.npy,5,114,LE07_146037_20071231,79.24526,33.23913
slice_5_img_115.npy,5,115,LE07_146037_20071231,79.40816,33.24132
slice_5_img_116.npy,5,116,LE07_146037_20071231,79.57107,33.2433
slice_5_img_117.npy,5,117,LE07_146037_20071231,79.73399,33.24506
slice_5_img_118.npy,5,118,LE07_146037_20071231,79.89693,33.24662
slice_5_img_119.npy,5,119,LE07_146037_20071231,80.05988,33.24796
slice_5_img_120.npy,5,120,LE07_146037_20071231,77.77524,33.34655
slice_5_img_121.npy,5,121,LE07_146037_20071231,77.93815,33.35067
slice_5_img_122.npy,5,122,LE07_146037_20071231,78.1011,33.35459
slice_5_img_123.npy,5,123,LE07_146037_20071231,78.26409,33.35829
slice_5_img_124.npy,5,124,LE07_146037_20071231,78.4271,33.36178
slice_5_img_125.npy,5,125,LE07_146037_20071231,78.59013,33.36505
slice_5_img_126.npy,5,126,LE07_146037_20071231,78.7532,33.36811
slice_5_img_127.npy,5,127,LE07_146037_20071231,78.91628,33.37096
slice_5_img_128.npy,5,128,LE07_146037_20071231,79.07939,33.37359
slice_5_img_129.npy,5,129,LE07_146037_20071231,79.24252,33.37601
slice_5_img_130.npy,5,130,LE07_146037_20071231,79.40567,33.37821
slice_5_img_131.npy,5,131,LE07_146037_20071231,79.56883,33.3802
slice_5_img_132.npy,5,132,LE07_146037_20071231,79.73201,33.38197
slice_5_img_133.npy,5,133,LE07_146037_20071231,79.8952,33.38353
slice_5_img_134.npy,5,134,LE07_146037_20071231,80.05841,33.38488
slice_5_img_135.npy,5,135,LE07_146037_20071231,77.77017,33.48327
slice_5_img_136.npy,5,136,LE07_146037_20071231,77.93335,33.48742
slice_5_img_137.npy,5,137,LE07_146037_20071231,78.09655,33.49135
slice_5_img_138.npy,5,138,LE07_146037_20071231,78.25979,33.49507
slice_5_img_139.npy,5,139,LE07_146037_20071231,78.42305,33.49858
slice_5_img_140.npy,5,140,LE07_146037_20071231,78.58635,33.50187
slice_5_img_141.npy,5,141,LE07_146037_20071231,78.74966,33.50494
slice_5_img_142.npy,5,142,LE07_146037_20071231,78.91301,33.5078
slice_5_img_143.npy,5,143,LE07_146037_20071231,79.07637,33.51045
slice_5_img_144.npy,5,144,LE07_146037_20071231,79.23976,33.51288
slice_5_img_145.npy,5,145,LE07_146037_20071231,79.40316,33.51509
slice_5_img_146.npy,5,146,LE07_146037_20071231,79.56658,33.51709
slice_5_img_147.npy,5,147,LE07_146037_20071231,79.73002,33.51888
slice_5_img_148.npy,5,148,LE07_146037_20071231,79.89347,33.52045
slice_5_img_149.npy,5,149,LE07_146037_20071231,80.05693,33.5218
slice_5_img_150.npy,5,150,LE07_146037_20071231,77.76508,33.61999
slice_5_img_151.npy,5,151,LE07_146037_20071231,77.92851,33.62416
slice_5_img_152.npy,5,152,LE07_146037_20071231,78.09197,33.62811
slice_5_img_153.npy,5,153,LE07_146037_20071231,78.25546,33.63185
slice_5_img_154.npy,5,154,LE07_146037_20071231,78.41898,33.63537
slice_5_img_155.npy,5,155,LE07_146037_20071231,78.58253,33.63868
slice_5_img_156.npy,5,156,LE07_146037_20071231,78.74611,33.64177
slice_5_img_157.npy,5,157,LE07_146037_20071231,78.90971,33.64465
slice_5_img_158.npy,5,158,LE07_146037_20071231,79.07333,33.64731
slice_5_img_159.npy,5,159,LE07_146037_20071231,79.23697,33.64975
slice_5_img_160.npy,5,160,LE07_146037_20071231,79.40064,33.65198
slice_5_img_161.npy,5,161,LE07_146037_20071231,79.56432,33.65399
slice_5_img_162.npy,5,162,LE07_146037_20071231,79.72801,33.65578
slice_5_img_163.npy,5,163,LE07_146037_20071231,79.89172,33.65736
slice_5_img_164.npy,5,164,LE07_146037_20071231,80.05544,33.65871
slice_5_img_165.npy,5,165,LE07_146037_20071231,77.75995,33.7567
slice_5_img_166.npy,5,166,LE07_146037_20071231,77.92363,33.76089
slice_5_img_167.npy,5,167,LE07_146037_20071231,78.08735,33.76487
slice_5_img_168.npy,5,168,LE07_146037_20071231,78.25111,33.76863
slice_5_img_169.npy,5,169,LE07_146037_20071231,78.41489,33.77217
slice_5_img_170.npy,5,170,LE07_146037_20071231,78.5787,33.77549
slice_5_img_171.npy,5,171,LE07_146037_20071231,78.74253,33.7786
slice_5_img_172.npy,5,172,LE07_146037_20071231,78.90639,33.78149
slice_5_img_173.npy,5,173,LE07_146037_20071231,79.07027,33.78416
slice_5_img_174.npy,5,174,LE07_146037_20071231,79.23417,33.78662
slice_5_img_175.npy,5,175,LE07_146037_20071231,79.3981,33.78886
slice_5_img_176.npy,5,176,LE07_146037_20071231,79.56203,33.79088
slice_5_img_177.npy,5,177,LE07_146037_20071231,79.72599,33.79268
slice_5_img_178.npy,5,178,LE07_146037_20071231,79.88996,33.79426
slice_5_img_179.npy,5,179,LE07_146037_20071231,80.05394,33.79563
slice_5_img_180.npy,5,180,LE07_146037_20071231,77.75478,33.89341
slice_5_img_181.npy,5,181,LE07_146037_20071231,77.91873,33.89762
slice_5_img_182.npy,5,182,LE07_146037_20071231,78.08271,33.90162
slice_5_img_183.npy,5,183,LE07_146037_20071231,78.24672,33.9054
slice_5_img_184.npy,5,184,LE07_146037_20071231,78.41076,33.90896
slice_5_img_185.npy,5,185,LE07_146037_20071231,78.57483,33.9123
slice_5_img_186.npy,5,186,LE07_146037_20071231,78.73893,33.91542
slice_5_img_187.npy,5,187,LE07_146037_20071231,78.90305,33.91833
slice_5_img_188.npy,5,188,LE07_146037_20071231,79.06719,33.92101
slice_5_img_189.npy,5,189,LE07_146037_20071231,79.23135,33.92348
slice_5_img_190.npy,5,190,LE07_146037_20071231,79.39554,33.92573
slice_5_img_191.npy,5,191,LE07_146037_20071231,79.55974,33.92776
slice_5_img_192.npy,5,192,LE07_146037_20071231,79.72395,33.92957
slice_5_img_193.npy,5,193,LE07_146037_20071231,79.88818,33.93117
slice_5_img_194.npy,5,194,LE07_146037_20071231,80.05242,33.93254
slice_5_img_195.npy,5,195,LE07_146037_20071231,77.74958,34.03012
slice_5_img_196.npy,5,196,LE07_146037_20071231,77.91379,34.03435
slice_5_img_197.npy,5,197,LE07_146037_20071231,78.07803,34.03837
slice_5_img_198.npy,5,198,LE07_146037_20071231,78.2423,34.04217
slice_5_img_199.npy,5,199,LE07_146037_20071231,78.40661,34.04574
slice_5_img_200.npy,5,200,LE07_146037_20071231,78.57094,34.0491
slice_5_img_201.npy,5,201,LE07_146037_20071231,78.7353,34.05224
slice_5_img_202.npy,5,202,LE07_146037_20071231,78.89968,34.05516
slice_5_img_203.npy,5,203,LE07_146037_20071231,79.06409,34.05786
slice_5_img_204.npy,5,204,LE07_146037_20071231,79.22852,34.06034
slice_5_img_205.npy,5,205,LE07_146037_20071231,79.39296,34.0626
slice_5_img_206.npy,5,206,LE07_146037_20071231,79.55743,34.06464
slice_5_img_207.npy,5,207,LE07_146037_20071231,79.7219,34.06646
slice_5_img_208.npy,5,208,LE07_146037_20071231,79.8864,34.06807
slice_5_img_209.npy,5,209,LE07_146037_20071231,80.0509,34.06945
slice_6_img_000.npy,6,0,LE07_149036_20071102,73.58641,33.71357
slice_6_img_001.npy,6,1,LE07_149036_20071102,73.75021,33.71534
slice_6_img_002.npy,6,2,LE07_149036_20071102,73.91404,33.71689
slice_6_img_003.npy,6,3,LE07_149036_20071102,74.07787,33.71822
slice_6_img_004.npy,6,4,LE07_149036_20071102,74.24171,33.71933
slice_6_img_005.npy,6,5,LE07_149036_20071102,74.40557,33.72023
slice_6_img_006.npy,6,6,LE07_149036_20071102,74.56942,33.72091
slice_6_img_007.npy,6,7,LE07_149036_20071102,74.73329,33.72137
slice_6_img_008.npy,6,8,LE07_149036_20071102,74.89715,33.72162
slice_6_img_009.npy,6,9,LE07_149036_20071102,75.06102,33.72165
slice_6_img_010.npy,6,10,LE07_149036_20071102,75.22489,33.72146
slice_6_img_011.npy,6,11,LE07_149036_20071102,75.38875,33.72105
slice_6_img_012.npy,6,12,LE07_149036_20071102,75.55261,33.72042
slice_6_img_013.npy,6,13,LE07_149036_20071102,75.71646,33.71958
slice_6_img_014.npy,6,14,LE07_149036_20071102,75.88031,33.71852
slice_6_img_015.npy,6,15,LE07_149036_20071102,73.58415,33.85046
slice_6_img_016.npy,6,16,LE07_149036_20071102,73.74822,33.85224
slice_6_img_017.npy,6,17,LE07_149036_20071102,73.91231,33.85379
slice_6_img_018.npy,6,18,LE07_149036_20071102,74.0764,33.85513
slice_6_img_019.npy,6,19,LE07_149036_20071102,74.24051,33.85625
slice_6_img_020.npy,6,20,LE07_149036_20071102,74.40462,33.85715
slice_6_img_021.npy,6,21,LE07_149036_20071102,74.56874,33.85784
slice_6_img_022.npy,6,22,LE07_149036_20071102,74.73286,33.8583
slice_6_img_023.npy,6,23,LE07_149036_20071102,74.89699,33.85855
slice_6_img_024.npy,6,24,LE07_149036_20071102,75.06112,33.85858
slice_6_img_025.npy,6,25,LE07_149036_20071102,75.22524,33.85839
slice_6_img_026.npy,6,26,LE07_149036_20071102,75.38937,33.85798
slice_6_img_027.npy,6,27,LE07_149036_20071102,75.55349,33.85735
slice_6_img_028.npy,6,28,LE07_149036_20071102,75.7176,33.8565
slice_6_img_029.npy,6,29,LE07_149036_20071102,75.88171,33.85544
slice_6_img_030.npy,6,30,LE07_149036_20071102,73.58189,33.98735
slice_6_img_031.npy,6,31,LE07_149036_20071102,73.74622,33.98913
slice_6_img_032.npy,6,32,LE07_149036_20071102,73.91057,33.9907
slice_6_img_033.npy,6,33,LE07_149036_20071102,74.07492,33.99204
slice_6_img_034.npy,6,34,LE07_149036_20071102,74.23929,33.99317
slice_6_img_035.npy,6,35,LE07_149036_20071102,74.40367,33.99407
slice_6_img_036.npy,6,36,LE07_149036_20071102,74.56805,33.99476
slice_6_img_037.npy,6,37,LE07_149036_20071102,74.73243,33.99523
slice_6_img_038.npy,6,38,LE07_149036_20071102,74.89682,33.99548
slice_6_img_039.npy,6,39,LE07_149036_20071102,75.06122,33.99551
slice_6_img_040.npy,6,40,LE07_149036_20071102,75.22561,33.99531
slice_6_img_041.npy,6,41,LE07_149036_20071102,75.38999,33.9949
slice_6_img_042.npy,6,42,LE07_149036_20071102,75.55438,33.99427
slice_6_img_043.npy,6,43,LE07_149036_20071102,75.71875,33.99342
slice_6_img_044.npy,6,44,LE07_149036_20071102,75.88312,33.99235
slice_6_img_045.npy,6,45,LE07_149036_20071102,73.57961,34.12423
slice_6_img_046.npy,6,46,LE07_149036_20071102,73.7442,34.12602
slice_6_img_047.npy,6,47,LE07_149036_20071102,73.90881,34.1276
slice_6_img_048.npy,6,48,LE07_149036_20071102,74.07343,34.12895
slice_6_img_049.npy,6,49,LE07_149036_20071102,74.23807,34.13008
slice_6_img_050.npy,6,50,LE07_149036_20071102,74.40271,34.13099
slice_6_img_051.npy,6,51,LE07_149036_20071102,74.56735,34.13168
slice_6_img_052.npy,6,52,LE07_149036_20071102,74.732,34.13215
slice_6_img_053.npy,6,53,LE07_149036_20071102,74.89666,34.1324
slice_6_img_054.npy,6,54,LE07_149036_20071102,75.06131,34.13243
slice_6_img_055.npy,6,55,LE07_149036_20071102,75.22597,34.13224
slice_6_img_056.npy,6,56,LE07_149036_20071102,75.39062,34.13182
slice_6_img_057.npy,6,57,LE07_149036_20071102,75.55527,34.13119
slice_6_img_058.npy,6,58,LE07_149036_20071102,75.71991,34.13033
slice_6_img_059.npy,6,59,LE07_149036_20071102,75.88454,34.12926
slice_6_img_060.npy,6,60,LE07_149036_20071102,73.57731,34.26111
slice_6_img_061.npy,6,61,LE07_149036_20071102,73.74217,34.26291
slice_6_img_062.npy,6,62,LE07_149036_20071102,73.90705,34.26449
slice_6_img_063.npy,6,63,LE07_149036_20071102,74.07194,34.26585
slice_6_img_064.npy,6,64,LE07_149036_20071102,74.23683,34.26699
slice_6_img_065.npy,6,65,LE07_149036_20071102,74.40174,34.26791
slice_6_img_066.npy,6,66,LE07_149036_20071102,74.56665,34.2686
slice_6_img_067.npy,6,67,LE07_149036_20071102,74.73157,34.26907
slice_6_img_068.npy,6,68,LE07_149036_20071102,74.89649,34.26932
slice_6_img_069.npy,6,69,LE07_149036_20071102,75.06141,34.26935
slice_6_img_070.npy,6,70,LE07_149036_20071102,75.22633,34.26916
slice_6_img_071.npy,6,71,LE07_149036_20071102,75.39125,34.26874
slice_6_img_072.npy,6,72,LE07_149036_20071102,75.55617,34.26811
slice_6_img_073.npy,6,73,LE07_149036_20071102,75.72108,34.26725
slice_6_img_074.npy,6,74,LE07_149036_20071102,75.88598,34.26616
slice_6_img_075.npy,6,75,LE07_149036_20071102,73.575,34.39799
slice_6_img_076.npy,6,76,LE07_149036_20071102,73.74013,34.3998
slice_6_img_077.npy,6,77,LE07_149036_20071102,73.90527,34.40139
slice_6_img_078.npy,6,78,LE07_149036_20071102,74.07043,34.40275
slice_6_img_079.npy,6,79,LE07_149036_20071102,74.23559,34.4039
slice_6_img_080.npy,6,80,LE07_149036_20071102,74.40077,34.40482
slice_6_img_081.npy,6,81,LE07_149036_20071102,74.56595,34.40552
slice_6_img_082.npy,6,82,LE07_149036_20071102,74.73113,34.40599
slice_6_img_083.npy,6,83,LE07_149036_20071102,74.89632,34.40624
slice_6_img_084.npy,6,84,LE07_149036_20071102,75.06151,34.40627
slice_6_img_085.npy,6,85,LE07_149036_20071102,75.2267,34.40608
slice_6_img_086.npy,6,86,LE07_149036_20071102,75.39189,34.40566
slice_6_img_087.npy,6,87,LE07_149036_20071102,75.55707,34.40502
slice_6_img_088.npy,6,88,LE07_149036_20071102,75.72225,34.40415
slice_6_img_089.npy,6,89,LE07_149036_20071102,75.88742,34.40307
slice_6_img_090.npy,6,90,LE07_149036_20071102,73.57267,34.53486
slice_6_img_091.npy,6,91,LE07_149036_20071102,73.73807,34.53668
slice_6_img_092.npy,6,92,LE07_149036_20071102,73.90348,34.53828
slice_6_img_093.npy,6,93,LE07_149036_20071102,74.06891,34.53965
slice_6_img_094.npy,6,94,LE07_149036_20071102,74.23434,34.5408
slice_6_img_095.npy,6,95,LE07_149036_20071102,74.39979,34.54173
slice_6_img_096.npy,6,96,LE07_149036_20071102,74.56524,34.54243
slice_6_img_097.npy,6,97,LE07_149036_20071102,74.73069,34.5429
slice_6_img_098.npy,6,98,LE07_149036_20071102,74.89615,34.54316
slice_6_img_099.npy,6,99,LE07_149036_20071102,75.06161,34.54319
slice_6_img_100.npy,6,100,LE07_149036_20071102,75.22707,34.54299
slice_6_img_101.npy,6,101,LE07_149036_20071102,75.39253,34.54257
slice_6_img_102.npy,6,102,LE07_149036_20071102,75.55798,34.54193
slice_6_img_103.npy,6,103,LE07_149036_20071102,75.72343,34.54106
slice_6_img_104.npy,6,104,LE07_149036_20071102,75.88887,34.53997
slice_6_img_105.npy,6,105,LE07_149036_20071102,73.57032,34.67173
slice_6_img_106.npy,6,106,LE07_149036_20071102,73.736,34.67356
slice_6_img_107.npy,6,107,LE07_149036_20071102,73.90168,34.67517
slice_6_img_108.npy,6,108,LE07_149036_20071102,74.06738,34.67655
slice_6_img_109.npy,6,109,LE07_149036_20071102,74.23309,34.6777
slice_6_img_110.npy,6,110,LE07_149036_20071102,74.3988,34.67863
slice_6_img_111.npy,6,111,LE07_149036_20071102,74.56452,34.67934
slice_6_img_112.npy,6,112,LE07_149036_20071102,74.73025,34.67982
slice_6_img_113.npy,6,113,LE07_149036_20071102,74.89598,34.68007
slice_6_img_114.npy,6,114,LE07_149036_20071102,75.06171,34.6801
slice_6_img_115.npy,6,115,LE07_149036_20071102,75.22745,34.6799
slice_6_img_116.npy,6,116,LE07_149036_20071102,75.39317,34.67948
slice_6_img_117.npy,6,117,LE07_149036_20071102,75.5589,34.67883
slice_6_img_118.npy,6,118,LE07_149036_20071102,75.72462,34.67796
slice_6_img_119.npy,6,119,LE07_149036_20071102,75.89033,34.67686
slice_6_img_120.npy,6,120,LE07_149036_20071102,73.56796,34.8086
slice_6_img_121.npy,6,121,LE07_149036_20071102,73.73391,34.81044
slice_6_img_122.npy,6,122,LE07_149036_20071102,73.89987,34.81205
slice_6_img_123.npy,6,123,LE07_149036_20071102,74.06584,34.81344
slice_6_img_124.npy,6,124,LE07_149036_20071102,74.23182,34.8146
slice_6_img_125.npy,6,125,LE07_149036_20071102,74.39781,34.81553
slice_6_img_126.npy,6,126,LE07_149036_20071102,74.56381,34.81624
slice_6_img_127.npy,6,127,LE07_149036_20071102,74.72981,34.81672
slice_6_img_128.npy,6,128,LE07_149036_20071102,74.89581,34.81698
slice_6_img_129.npy,6,129,LE07_149036_20071102,75.06182,34.81701
slice_6_img_130.npy,6,130,LE07_149036_20071102,75.22782,34.81681
slice_6_img_131.npy,6,131,LE07_149036_20071102,75.39382,34.81639
slice_6_img_132.npy,6,132,LE07_149036_20071102,75.55982,34.81574
slice_6_img_133.npy,6,133,LE07_149036_20071102,75.72581,34.81486
slice_6_img_134.npy,6,134,LE07_149036_20071102,75.8918,34.81376
slice_6_img_135.npy,6,135,LE07_149036_20071102,73.56559,34.94546
slice_6_img_136.npy,6,136,LE07_149036_20071102,73.73181,34.94731
slice_6_img_137.npy,6,137,LE07_149036_20071102,73.89804,34.94893
slice_6_img_138.npy,6,138,LE07_149036_20071102,74.06429,34.95033
slice_6_img_139.npy,6,139,LE07_149036_20071102,74.23054,34.95149
slice_6_img_140.npy,6,140,LE07_149036_20071102,74.39681,34.95243
slice_6_img_141.npy,6,141,LE07_149036_20071102,74.56308,34.95314
slice_6_img_142.npy,6,142,LE07_149036_20071102,74.72936,34.95363
slice_6_img_143.npy,6,143,LE07_149036_20071102,74.89564,34.95389
slice_6_img_144.npy,6,144,LE07_149036_20071102,75.06192,34.95391
slice_6_img_145.npy,6,145,LE07_149036_20071102,75.2282,34.95372
slice_6_img_146.npy,6,146,LE07_149036_20071102,75.39448,34.95329
slice_6_img_147.npy,6,147,LE07_149036_20071102,75.56075,34.95264
slice_6_img_148.npy,6,148,LE07_149036_20071102,75.72702,34.95175
slice_6_img_149.npy,6,149,LE07_149036_20071102,75.89328,34.95065
slice_6_img_150.npy,6,150,LE07_149036_20071102,73.5632,35.08232
slice_6_img_151.npy,6,151,LE07_149036_20071102,73.72969,35.08418
slice_6_img_152.npy,6,152,LE07_149036_20071102,73.8962,35.08581
slice_6_img_153.npy,6,153,LE07_149036_20071102,74.06273,35.08721
slice_6_img_154.npy,6,154,LE07_149036_20071102,74.22926,35.08838
slice_6_img_155.npy,6,155,LE07_149036_20071102,74.3958,35.08933
slice_6_img_156.npy,6,156,LE07_149036_20071102,74.56235,35.09004
slice_6_img_157.npy,6,157,LE07_149036_20071102,74.72891,35.09053
slice_6_img_158.npy,6,158,LE07_149036_20071102,74.89546,35.09079
slice_6_img_159.npy,6,159,LE07_149036_20071102,75.06202,35.09082
slice_6_img_160.npy,6,160,LE07_149036_20071102,75.22858,35.09062
slice_6_img_161.npy,6,161,LE07_149036_20071102,75.39514,35.09019
slice_6_img_162.npy,6,162,LE07_149036_20071102,75.56169,35.08953
slice_6_img_163.npy,6,163,LE07_149036_20071102,75.72823,35.08865
slice_6_img_164.npy,6,164,LE07_149036_20071102,75.89477,35.08753
slice_6_img_165.npy,6,165,LE07_149036_20071102,73.56079,35.21918
slice_6_img_166.npy,6,166,LE07_149036_20071102,73.72756,35.22105
slice_6_img_167.npy,6,167,LE07_149036_20071102,73.89435,35.22268
slice_6_img_168.npy,6,168,LE07_149036_20071102,74.06116,35.22409
slice_6_img_169.npy,6,169,LE07_149036_20071102,74.22797,35.22527
slice_6_img_170.npy,6,170,LE07_149036_20071102,74.39479,35.22622
slice_6_img_171.npy,6,171,LE07_149036_20071102,74.56162,35.22694
slice_6_img_172.npy,6,172,LE07_149036_20071102,74.72845,35.22743
slice_6_img_173.npy,6,173,LE07_149036_20071102,74.89529,35.22769
slice_6_img_174.npy,6,174,LE07_149036_20071102,75.06213,35.22772
slice_6_img_175.npy,6,175,LE07_149036_20071102,75.22896,35.22752
slice_6_img_176.npy,6,176,LE07_149036_20071102,75.3958,35.22709
slice_6_img_177.npy,6,177,LE07_149036_20071102,75.56263,35.22643
slice_6_img_178.npy,6,178,LE07_149036_20071102,75.72945,35.22554
slice_6_img_179.npy,6,179,LE07_149036_20071102,75.89627,35.22442
slice_6_img_180.npy,6,180,LE07_149036_20071102,73.55836,35.35603
slice_6_img_181.npy,6,181,LE07_149036_20071102,73.72542,35.35791
slice_6_img_182.npy,6,182,LE07_149036_20071102,73.89249,35.35956
slice_6_img_183.npy,6,183,LE07_149036_20071102,74.05957,35.36097
slice_6_img_184.npy,6,184,LE07_149036_20071102,74.22667,35.36216
slice_6_img_185.npy,6,185,LE07_149036_20071102,74.39377,35.36311
slice_6_img_186.npy,6,186,LE07_149036_20071102,74.56088,35.36383
slice_6_img_187.npy,6,187,LE07_149036_20071102,74.72799,35.36433
slice_6_img_188.npy,6,188,LE07_149036_20071102,74.89511,35.36459
slice_6_img_189.npy,6,189,LE07_149036_20071102,75.06223,35.36462
slice_6_img_190.npy,6,190,LE07_149036_20071102,75.22935,35.36441
slice_6_img_191.npy,6,191,LE07_149036_20071102,75.39646,35.36398
slice_6_img_192.npy,6,192,LE07_149036_20071102,75.56358,35.36332
slice_6_img_193.npy,6,193,LE07_149036_20071102,75.73068,35.36242
slice_6_img_194.npy,6,194,LE07_149036_20071102,75.89778,35.3613
slice_6_img_195.npy,6,195,LE07_149036_20071102,73.55592,35.49288
slice_6_img_196.npy,6,196,LE07_149036_20071102,73.72326,35.49477
slice_6_img_197.npy,6,197,LE07_149036_20071102,73.89061,35.49643
slice_6_img_198.npy,6,198,LE07_149036_20071102,74.05798,35.49785
slice_6_img_199.npy,6,199,LE07_149036_20071102,74.22536,35.49904
slice_6_img_200.npy,6,200,LE07_149036_20071102,74.39274,35.5
slice_6_img_201.npy,6,201,LE07_149036_20071102,74.56014,35.50072
slice_6_img_202.npy,6,202,LE07_149036_20071102,74.72753,35.50122
slice_6_img_203.npy,6,203,LE07_149036_20071102,74.89493,35.50148
slice_6_img_204.npy,6,204,LE07_149036_20071102,75.06234,35.50151
slice_6_img_205.npy,6,205,LE07_149036_20071102,75.22974,35.50131
slice_6_img_206.npy,6,206,LE07_149036_20071102,75.39714,35.50087
slice_6_img_207.npy,6,207,LE07_149036_20071102,75.56453,35.5002
slice_6_img_208.npy,6,208,LE07_149036_20071102,75.73192,35.49931
slice_6_img_209.npy,6,209,LE07_149036_20071102,75.8993,35.49817
slice_7_img_000.npy,7,0,LE07_150036_20050916,72.06816,33.6901
slice_7_img_001.npy,7,1,LE07_150036_20050916,72.23177,33.69388
slice_7_img_002.npy,7,2,LE07_150036_20050916,72.39541,33.69744
slice_7_img_003.npy,7,3,LE07_150036_20050916,72.55907,33.70078
slice_7_img_004.npy,7,4,LE07_150036_20050916,72.72276,33.70391
slice_7_img_005.npy,7,5,LE07_150036_20050916,72.88648,33.70682
slice_7_img_006.npy,7,6,LE07_150036_20050916,73.05021,33.70952
slice_7_img_007.npy,7,7,LE07_150036_20050916,73.21397,33.71199
slice_7_img_008.npy,7,8,LE07_150036_20050916,73.37775,33.71425
slice_7_img_009.npy,7,9,LE07_150036_20050916,73.54155,33.7163
slice_7_img_010.npy,7,10,LE07_150036_20050916,73.70536,33.71812
slice_7_img_011.npy,7,11,LE07_150036_20050916,73.86918,33.71973
slice_7_img_012.npy,7,12,LE07_150036_20050916,74.03302,33.72112
slice_7_img_013.npy,7,13,LE07_150036_20050916,74.19687,33.7223
slice_7_img_014.npy,7,14,LE07_150036_20050916,74.36072,33.72325
slice_7_img_015.npy,7,15,LE07_150036_20050916,72.0635,33.82685
slice_7_img_016.npy,7,16,LE07_150036_20050916,72.22737,33.83065
slice_7_img_017.npy,7,17,LE07_150036_20050916,72.39126,33.83423
slice_7_img_018.npy,7,18,LE07_150036_20050916,72.55519,33.83759
slice_7_img_019.npy,7,19,LE07_150036_20050916,72.71914,33.84073
slice_7_img_020.npy,7,20,LE07_150036_20050916,72.88311,33.84366
slice_7_img_021.npy,7,21,LE07_150036_20050916,73.04711,33.84637
slice_7_img_022.npy,7,22,LE07_150036_20050916,73.21113,33.84886
slice_7_img_023.npy,7,23,LE07_150036_20050916,73.37517,33.85113
slice_7_img_024.npy,7,24,LE07_150036_20050916,73.53922,33.85318
slice_7_img_025.npy,7,25,LE07_150036_20050916,73.70329,33.85502
slice_7_img_026.npy,7,26,LE07_150036_20050916,73.86738,33.85663
slice_7_img_027.npy,7,27,LE07_150036_20050916,74.03148,33.85803
slice_7_img_028.npy,7,28,LE07_150036_20050916,74.19559,33.85921
slice_7_img_029.npy,7,29,LE07_150036_20050916,74.3597,33.86018
slice_7_img_030.npy,7,30,LE07_150036_20050916,72.0588,33.9636
slice_7_img_031.npy,7,31,LE07_150036_20050916,72.22293,33.96742
slice_7_img_032.npy,7,32,LE07_150036_20050916,72.38709,33.97101
slice_7_img_033.npy,7,33,LE07_150036_20050916,72.55128,33.97439
slice_7_img_034.npy,7,34,LE07_150036_20050916,72.71549,33.97755
slice_7_img_035.npy,7,35,LE07_150036_20050916,72.87973,33.98049
slice_7_img_036.npy,7,36,LE07_150036_20050916,73.04399,33.98322
slice_7_img_037.npy,7,37,LE07_150036_20050916,73.20827,33.98572
slice_7_img_038.npy,7,38,LE07_150036_20050916,73.37257,33.988
slice_7_img_039.npy,7,39,LE07_150036_20050916,73.53688,33.99007
slice_7_img_040.npy,7,40,LE07_150036_20050916,73.70122,33.99191
slice_7_img_041.npy,7,41,LE07_150036_20050916,73.86557,33.99354
slice_7_img_042.npy,7,42,LE07_150036_20050916,74.02993,33.99494
slice_7_img_043.npy,7,43,LE07_150036_20050916,74.1943,33.99613
slice_7_img_044.npy,7,44,LE07_150036_20050916,74.35868,33.99709
slice_7_img_045.npy,7,45,LE07_150036_20050916,72.05408,34.10035
slice_7_img_046.npy,7,46,LE07_150036_20050916,72.21847,34.10418
slice_7_img_047.npy,7,47,LE07_150036_20050916,72.38289,34.1078
slice_7_img_048.npy,7,48,LE07_150036_20050916,72.54734,34.11119
slice_7_img_049.npy,7,49,LE07_150036_20050916,72.71181,34.11437
slice_7_img_050.npy,7,50,LE07_150036_20050916,72.87631,34.11732
slice_7_img_051.npy,7,51,LE07_150036_20050916,73.04084,34.12006
slice_7_img_052.npy,7,52,LE07_150036_20050916,73.20538,34.12258
slice_7_img_053.npy,7,53,LE07_150036_20050916,73.36995,34.12487
slice_7_img_054.npy,7,54,LE07_150036_20050916,73.53453,34.12695
slice_7_img_055.npy,7,55,LE07_150036_20050916,73.69913,34.1288
slice_7_img_056.npy,7,56,LE07_150036_20050916,73.86374,34.13043
slice_7_img_057.npy,7,57,LE07_150036_20050916,74.02837,34.13185
slice_7_img_058.npy,7,58,LE07_150036_20050916,74.193,34.13304
slice_7_img_059.npy,7,59,LE07_150036_20050916,74.35765,34.13401
slice_7_img_060.npy,7,60,LE07_150036_20050916,72.04932,34.23709
slice_7_img_061.npy,7,61,LE07_150036_20050916,72.21397,34.24094
slice_7_img_062.npy,7,62,LE07_150036_20050916,72.37866,34.24458
slice_7_img_063.npy,7,63,LE07_150036_20050916,72.54337,34.24799
slice_7_img_064.npy,7,64,LE07_150036_20050916,72.70812,34.25118
slice_7_img_065.npy,7,65,LE07_150036_20050916,72.87288,34.25415
slice_7_img_066.npy,7,66,LE07_150036_20050916,73.03767,34.2569
slice_7_img_067.npy,7,67,LE07_150036_20050916,73.20248,34.25943
slice_7_img_068.npy,7,68,LE07_150036_20050916,73.36731,34.26174
slice_7_img_069.npy,7,69,LE07_150036_20050916,73.53216,34.26382
slice_7_img_070.npy,7,70,LE07_150036_20050916,73.69702,34.26569
slice_7_img_071.npy,7,71,LE07_150036_20050916,73.8619,34.26733
slice_7_img_072.npy,7,72,LE07_150036_20050916,74.02679,34.26875
slice_7_img_073.npy,7,73,LE07_150036_20050916,74.1917,34.26995
slice_7_img_074.npy,7,74,LE07_150036_20050916,74.35661,34.27092
slice_7_img_075.npy,7,75,LE07_150036_20050916,72.04453,34.37382
slice_7_img_076.npy,7,76,LE07_150036_20050916,72.20945,34.3777
slice_7_img_077.npy,7,77,LE07_150036_20050916,72.3744,34.38135
slice_7_img_078.npy,7,78,LE07_150036_20050916,72.53938,34.38478
slice_7_img_079.npy,7,79,LE07_150036_20050916,72.70439,34.38799
slice_7_img_080.npy,7,80,LE07_150036_20050916,72.86943,34.39098
slice_7_img_081.npy,7,81,LE07_150036_20050916,73.03448,34.39374
slice_7_img_082.npy,7,82,LE07_150036_20050916,73.19956,34.39628
slice_7_img_083.npy,7,83,LE07_150036_20050916,73.36466,34.3986
slice_7_img_084.npy,7,84,LE07_150036_20050916,73.52977,34.4007
slice_7_img_085.npy,7,85,LE07_150036_20050916,73.69491,34.40257
slice_7_img_086.npy,7,86,LE07_150036_20050916,73.86005,34.40422
slice_7_img_087.npy,7,87,LE07_150036_20050916,74.02521,34.40565
slice_7_img_088.npy,7,88,LE07_150036_20050916,74.19038,34.40685
slice_7_img_089.npy,7,89,LE07_150036_20050916,74.35556,34.40783
slice_7_img_090.npy,7,90,LE07_150036_20050916,72.03971,34.51056
slice_7_img_091.npy,7,91,LE07_150036_20050916,72.2049,34.51445
slice_7_img_092.npy,7,92,LE07_150036_20050916,72.37012,34.51812
slice_7_img_093.npy,7,93,LE07_150036_20050916,72.53537,34.52157
slice_7_img_094.npy,7,94,LE07_150036_20050916,72.70064,34.5248
slice_7_img_095.npy,7,95,LE07_150036_20050916,72.86595,34.5278
slice_7_img_096.npy,7,96,LE07_150036_20050916,73.03127,34.53057
slice_7_img_097.npy,7,97,LE07_150036_20050916,73.19662,34.53313
slice_7_img_098.npy,7,98,LE07_150036_20050916,73.36199,34.53546
slice_7_img_099.npy,7,99,LE07_150036_20050916,73.52737,34.53757
slice_7_img_100.npy,7,100,LE07_150036_20050916,73.69277,34.53945
slice_7_img_101.npy,7,101,LE07_150036_20050916,73.85819,34.54111
slice_7_img_102.npy,7,102,LE07_150036_20050916,74.02362,34.54254
slice_7_img_103.npy,7,103,LE07_150036_20050916,74.18906,34.54375
slice_7_img_104.npy,7,104,LE07_150036_20050916,74.35451,34.54474
slice_7_img_105.npy,7,105,LE07_150036_20050916,72.03485,34.64729
slice_7_img_106.npy,7,106,LE07_150036_20050916,72.20031,34.6512
slice_7_img_107.npy,7,107,LE07_150036_20050916,72.3658,34.65489
slice_7_img_108.npy,7,108,LE07_150036_20050916,72.53132,34.65836
slice_7_img_109.npy,7,109,LE07_150036_20050916,72.69687,34.6616
slice_7_img_110.npy,7,110,LE07_150036_20050916,72.86244,34.66461
slice_7_img_111.npy,7,111,LE07_150036_20050916,73.02804,34.66741
slice_7_img_112.npy,7,112,LE07_150036_20050916,73.19366,34.66997
slice_7_img_113.npy,7,113,LE07_150036_20050916,73.3593,34.67232
slice_7_img_114.npy,7,114,LE07_150036_20050916,73.52495,34.67443
slice_7_img_115.npy,7,115,LE07_150036_20050916,73.69063,34.67633
slice_7_img_116.npy,7,116,LE07_150036_20050916,73.85631,34.67799
slice_7_img_117.npy,7,117,LE07_150036_20050916,74.02201,34.67944
slice_7_img_118.npy,7,118,LE07_150036_20050916,74.18773,34.68065
slice_7_img_119.npy,7,119,LE07_150036_20050916,74.35345,34.68164
slice_7_img_120.npy,7,120,LE07_150036_20050916,72.02996,34.78401
slice_7_img_121.npy,7,121,LE07_150036_20050916,72.19569,34.78795
slice_7_img_122.npy,7,122,LE07_150036_20050916,72.36146,34.79166
slice_7_img_123.npy,7,123,LE07_150036_20050916,72.52725,34.79514
slice_7_img_124.npy,7,124,LE07_150036_20050916,72.69307,34.7984
slice_7_img_125.npy,7,125,LE07_150036_20050916,72.85891,34.80143
slice_7_img_126.npy,7,126,LE07_150036_20050916,73.02478,34.80423
slice_7_img_127.npy,7,127,LE07_150036_20050916,73.19068,34.80682
slice_7_img_128.npy,7,128,LE07_150036_20050916,73.35659,34.80917
slice_7_img_129.npy,7,129,LE07_150036_20050916,73.52252,34.8113
slice_7_img_130.npy,7,130,LE07_150036_20050916,73.68846,34.8132
slice_7_img_131.npy,7,131,LE07_150036_20050916,73.85442,34.81488
slice_7_img_132.npy,7,132,LE07_150036_20050916,74.0204,34.81633
slice_7_img_133.npy,7,133,LE07_150036_20050916,74.18638,34.81755
slice_7_img_134.npy,7,134,LE07_150036_20050916,74.35238,34.81855
slice_7_img_135.npy,7,135,LE07_150036_20050916,72.02504,34.92073
slice_7_img_136.npy,7,136,LE07_150036_20050916,72.19105,34.92469
slice_7_img_137.npy,7,137,LE07_150036_20050916,72.35708,34.92842
slice_7_img_138.npy,7,138,LE07_150036_20050916,72.52315,34.93192
slice_7_img_139.npy,7,139,LE07_150036_20050916,72.68924,34.93519
slice_7_img_140.npy,7,140,LE07_150036_20050916,72.85536,34.93824
slice_7_img_141.npy,7,141,LE07_150036_20050916,73.02151,34.94106
slice_7_img_142.npy,7,142,LE07_150036_20050916,73.18767,34.94365
slice_7_img_143.npy,7,143,LE07_150036_20050916,73.35386,34.94602
slice_7_img_144.npy,7,144,LE07_150036_20050916,73.52007,34.94816
slice_7_img_145.npy,7,145,LE07_150036_20050916,73.68629,34.95007
slice_7_img_146.npy,7,146,LE07_150036_20050916,73.85252,34.95175
slice_7_img_147.npy,7,147,LE07_150036_20050916,74.01877,34.95321
slice_7_img_148.npy,7,148,LE07_150036_20050916,74.18503,34.95444
slice_7_img_149.npy,7,149,LE07_150036_20050916,74.3513,34.95544
slice_7_img_150.npy,7,150,LE07_150036_20050916,72.02008,35.05745
slice_7_img_151.npy,7,151,LE07_150036_20050916,72.18637,35.06143
slice_7_img_152.npy,7,152,LE07_150036_20050916,72.35268,35.06517
slice_7_img_153.npy,7,153,LE07_150036_20050916,72.51902,35.06869
slice_7_img_154.npy,7,154,LE07_150036_20050916,72.68539,35.07198
slice_7_img_155.npy,7,155,LE07_150036_20050916,72.85179,35.07505
slice_7_img_156.npy,7,156,LE07_150036_20050916,73.01821,35.07788
slice_7_img_157.npy,7,157,LE07_150036_20050916,73.18465,35.08049
slice_7_img_158.npy,7,158,LE07_150036_20050916,73.35112,35.08287
slice_7_img_159.npy,7,159,LE07_150036_20050916,73.5176,35.08502
slice_7_img_160.npy,7,160,LE07_150036_20050916,73.6841,35.08694
slice_7_img_161.npy,7,161,LE07_150036_20050916,73.85061,35.08863
slice_7_img_162.npy,7,162,LE07_150036_20050916,74.01714,35.09009
slice_7_img_163.npy,7,163,LE07_150036_20050916,74.18367,35.09133
slice_7_img_164.npy,7,164,LE07_150036_20050916,74.35022,35.09234
slice_7_img_165.npy,7,165,LE07_150036_20050916,72.0151,35.19417
slice_7_img_166.npy,7,166,LE07_150036_20050916,72.18165,35.19816
slice_7_img_167.npy,7,167,LE07_150036_20050916,72.34825,35.20193
slice_7_img_168.npy,7,168,LE07_150036_20050916,72.51487,35.20546
slice_7_img_169.npy,7,169,LE07_150036_20050916,72.68151,35.20877
slice_7_img_170.npy,7,170,LE07_150036_20050916,72.84819,35.21185
slice_7_img_171.npy,7,171,LE07_150036_20050916,73.01489,35.2147
slice_7_img_172.npy,7,172,LE07_150036_20050916,73.18161,35.21732
slice_7_img_173.npy,7,173,LE07_150036_20050916,73.34835,35.21971
slice_7_img_174.npy,7,174,LE07_150036_20050916,73.51511,35.22187
slice_7_img_175.npy,7,175,LE07_150036_20050916,73.68189,35.2238
slice_7_img_176.npy,7,176,LE07_150036_20050916,73.84868,35.2255
slice_7_img_177.npy,7,177,LE07_150036_20050916,74.01549,35.22697
slice_7_img_178.npy,7,178,LE07_150036_20050916,74.1823,35.22822
slice_7_img_179.npy,7,179,LE07_150036_20050916,74.34913,35.22923
slice_7_img_180.npy,7,180,LE07_150036_20050916,72.01007,35.33088
slice_7_img_181.npy,7,181,LE07_150036_20050916,72.17691,35.33489
slice_7_img_182.npy,7,182,LE07_150036_20050916,72.34378,35.33868
slice_7_img_183.npy,7,183,LE07_150036_20050916,72.51068,35.34223
slice_7_img_184.npy,7,184,LE07_150036_20050916,72.67761,35.34556
slice_7_img_185.npy,7,185,LE07_150036_20050916,72.84457,35.34865
slice_7_img_186.npy,7,186,LE07_150036_20050916,73.01154,35.35151
slice_7_img_187.npy,7,187,LE07_150036_20050916,73.17855,35.35415
slice_7_img_188.npy,7,188,LE07_150036_20050916,73.34557,35.35655
slice_7_img_189.npy,7,189,LE07_150036_20050916,73.51261,35.35872
slice_7_img_190.npy,7,190,LE07_150036_20050916,73.67967,35.36066
slice_7_img_191.npy,7,191,LE07_150036_20050916,73.84674,35.36237
slice_7_img_192.npy,7,192,LE07_150036_20050916,74.01383,35.36385
slice_7_img_193.npy,7,193,LE07_150036_20050916,74.18093,35.3651
slice_7_img_194.npy,7,194,LE07_150036_20050916,74.34803,35.36612
slice_7_img_195.npy,7,195,LE07_150036_20050916,72.00502,35.46759
slice_7_img_196.npy,7,196,LE07_150036_20050916,72.17214,35.47162
slice_7_img_197.npy,7,197,LE07_150036_20050916,72.33929,35.47542
slice_7_img_198.npy,7,198,LE07_150036_20050916,72.50647,35.479
slice_7_img_199.npy,7,199,LE07_150036_20050916,72.67368,35.48234
slice_7_img_200.npy,7,200,LE07_150036_20050916,72.84092,35.48545
slice_7_img_201.npy,7,201,LE07_150036_20050916,73.00818,35.48833
slice_7_img_202.npy,7,202,LE07_150036_20050916,73.17546,35.49097
slice_7_img_203.npy,7,203,LE07_150036_20050916,73.34277,35.49339
slice_7_img_204.npy,7,204,LE07_150036_20050916,73.51009,35.49557
slice_7_img_205.npy,7,205,LE07_150036_20050916,73.67743,35.49752
slice_7_img_206.npy,7,206,LE07_150036_20050916,73.84479,35.49924
slice_7_img_207.npy,7,207,LE07_150036_20050916,74.01216,35.50072
slice_7_img_208.npy,7,208,LE07_150036_20050916,74.17954,35.50198
slice_7_img_209.npy,7,209,LE07_150036_20050916,74.34693,35.503
slice_8_img_000.npy,8,0,LE07_151035_20060708,70.91473,35.10369
slice_8_img_001.npy,8,1,LE07_151035_20060708,71.08092,35.10919
slice_8_img_002.npy,8,2,LE07_151035_20060708,71.24714,35.11445
slice_8_img_003.npy,8,3,LE07_151035_20060708,71.41341,35.11949
slice_8_img_004.npy,8,4,LE07_151035_20060708,71.57972,35.12431
slice_8_img_005.npy,8,5,LE07_151035_20060708,71.74607,35.12889
slice_8_img_006.npy,8,6,LE07_151035_20060708,71.91245,35.13325
slice_8_img_007.npy,8,7,LE07_151035_20060708,72.07887,35.13738
slice_8_img_008.npy,8,8,LE07_151035_20060708,72.24532,35.14128
slice_8_img_009.npy,8,9,LE07_151035_20060708,72.41181,35.14495
slice_8_img_010.npy,8,10,LE07_151035_20060708,72.57832,35.1484
slice_8_img_011.npy,8,11,LE07_151035_20060708,72.74486,35.15161
slice_8_img_012.npy,8,12,LE07_151035_20060708,72.91142,35.1546
slice_8_img_013.npy,8,13,LE07_151035_20060708,73.07801,35.15736
slice_8_img_014.npy,8,14,LE07_151035_20060708,73.24462,35.15989
slice_8_img_015.npy,8,15,LE07_151035_20060708,70.90789,35.24024
slice_8_img_016.npy,8,16,LE07_151035_20060708,71.07435,35.24576
slice_8_img_017.npy,8,17,LE07_151035_20060708,71.24085,35.25106
slice_8_img_018.npy,8,18,LE07_151035_20060708,71.4074,35.25612
slice_8_img_019.npy,8,19,LE07_151035_20060708,71.57398,35.26096
slice_8_img_020.npy,8,20,LE07_151035_20060708,71.74061,35.26557
slice_8_img_021.npy,8,21,LE07_151035_20060708,71.90727,35.26995
slice_8_img_022.npy,8,22,LE07_151035_20060708,72.07397,35.2741
slice_8_img_023.npy,8,23,LE07_151035_20060708,72.2407,35.27802
slice_8_img_024.npy,8,24,LE07_151035_20060708,72.40746,35.28171
slice_8_img_025.npy,8,25,LE07_151035_20060708,72.57425,35.28517
slice_8_img_026.npy,8,26,LE07_151035_20060708,72.74107,35.28841
slice_8_img_027.npy,8,27,LE07_151035_20060708,72.90791,35.29141
slice_8_img_028.npy,8,28,LE07_151035_20060708,73.07478,35.29418
slice_8_img_029.npy,8,29,LE07_151035_20060708,73.24167,35.29672
slice_8_img_030.npy,8,30,LE07_151035_20060708,70.90099,35.37679
slice_8_img_031.npy,8,31,LE07_151035_20060708,71.06773,35.38234
slice_8_img_032.npy,8,32,LE07_151035_20060708,71.23451,35.38766
slice_8_img_033.npy,8,33,LE07_151035_20060708,71.40134,35.39275
slice_8_img_034.npy,8,34,LE07_151035_20060708,71.5682,35.39761
slice_8_img_035.npy,8,35,LE07_151035_20060708,71.73511,35.40224
slice_8_img_036.npy,8,36,LE07_151035_20060708,71.90205,35.40665
slice_8_img_037.npy,8,37,LE07_151035_20060708,72.06903,35.41082
slice_8_img_038.npy,8,38,LE07_151035_20060708,72.23604,35.41476
slice_8_img_039.npy,8,39,LE07_151035_20060708,72.40308,35.41847
slice_8_img_040.npy,8,40,LE07_151035_20060708,72.57015,35.42195
slice_8_img_041.npy,8,41,LE07_151035_20060708,72.73725,35.42519
slice_8_img_042.npy,8,42,LE07_151035_20060708,72.90438,35.42821
slice_8_img_043.npy,8,43,LE07_151035_20060708,73.07153,35.431
slice_8_img_044.npy,8,44,LE07_151035_20060708,73.2387,35.43355
slice_8_img_045.npy,8,45,LE07_151035_20060708,70.89405,35.51333
slice_8_img_046.npy,8,46,LE07_151035_20060708,71.06107,35.51891
slice_8_img_047.npy,8,47,LE07_151035_20060708,71.22813,35.52426
slice_8_img_048.npy,8,48,LE07_151035_20060708,71.39524,35.52937
slice_8_img_049.npy,8,49,LE07_151035_20060708,71.56239,35.53426
slice_8_img_050.npy,8,50,LE07_151035_20060708,71.72957,35.53891
slice_8_img_051.npy,8,51,LE07_151035_20060708,71.8968,35.54334
slice_8_img_052.npy,8,52,LE07_151035_20060708,72.06406,35.54753
slice_8_img_053.npy,8,53,LE07_151035_20060708,72.23135,35.55149
slice_8_img_054.npy,8,54,LE07_151035_20060708,72.39868,35.55522
slice_8_img_055.npy,8,55,LE07_151035_20060708,72.56603,35.55872
slice_8_img_056.npy,8,56,LE07_151035_20060708,72.73341,35.56198
slice_8_img_057.npy,8,57,LE07_151035_20060708,72.90082,35.56501
slice_8_img_058.npy,8,58,LE07_151035_20060708,73.06826,35.56781
slice_8_img_059.npy,8,59,LE07_151035_20060708,73.23571,35.57038
slice_8_img_060.npy,8,60,LE07_151035_20060708,70.88706,35.64987
slice_8_img_061.npy,8,61,LE07_151035_20060708,71.05437,35.65547
slice_8_img_062.npy,8,62,LE07_151035_20060708,71.22171,35.66085
slice_8_img_063.npy,8,63,LE07_151035_20060708,71.3891,35.66599
slice_8_img_064.npy,8,64,LE07_151035_20060708,71.55653,35.6709
slice_8_img_065.npy,8,65,LE07_151035_20060708,71.724,35.67558
slice_8_img_066.npy,8,66,LE07_151035_20060708,71.89151,35.68003
slice_8_img_067.npy,8,67,LE07_151035_20060708,72.05905,35.68424
slice_8_img_068.npy,8,68,LE07_151035_20060708,72.22663,35.68822
slice_8_img_069.npy,8,69,LE07_151035_20060708,72.39424,35.69197
slice_8_img_070.npy,8,70,LE07_151035_20060708,72.56188,35.69548
slice_8_img_071.npy,8,71,LE07_151035_20060708,72.72955,35.69876
slice_8_img_072.npy,8,72,LE07_151035_20060708,72.89724,35.70181
slice_8_img_073.npy,8,73,LE07_151035_20060708,73.06496,35.70462
slice_8_img_074.npy,8,74,LE07_151035_20060708,73.2327,35.7072
slice_8_img_075.npy,8,75,LE07_151035_20060708,70.88003,35.7864
slice_8_img_076.npy,8,76,LE07_151035_20060708,71.04762,35.79203
slice_8_img_077.npy,8,77,LE07_151035_20060708,71.21525,35.79744
slice_8_img_078.npy,8,78,LE07_151035_20060708,71.38292,35.8026
slice_8_img_079.npy,8,79,LE07_151035_20060708,71.55064,35.80754
slice_8_img_080.npy,8,80,LE07_151035_20060708,71.71839,35.81224
slice_8_img_081.npy,8,81,LE07_151035_20060708,71.88619,35.81671
slice_8_img_082.npy,8,82,LE07_151035_20060708,72.05402,35.82094
slice_8_img_083.npy,8,83,LE07_151035_20060708,72.22188,35.82494
slice_8_img_084.npy,8,84,LE07_151035_20060708,72.38977,35.82871
slice_8_img_085.npy,8,85,LE07_151035_20060708,72.5577,35.83224
slice_8_img_086.npy,8,86,LE07_151035_20060708,72.72566,35.83554
slice_8_img_087.npy,8,87,LE07_151035_20060708,72.89364,35.8386
slice_8_img_088.npy,8,88,LE07_151035_20060708,73.06164,35.84143
slice_8_img_089.npy,8,89,LE07_151035_20060708,73.22967,35.84402
slice_8_img_090.npy,8,90,LE07_151035_20060708,70.87295,35.92293
slice_8_img_091.npy,8,91,LE07_151035_20060708,71.04082,35.92859
slice_8_img_092.npy,8,92,LE07_151035_20060708,71.20874,35.93402
slice_8_img_093.npy,8,93,LE07_151035_20060708,71.3767,35.93921
slice_8_img_094.npy,8,94,LE07_151035_20060708,71.5447,35.94417
slice_8_img_095.npy,8,95,LE07_151035_20060708,71.71274,35.9489
slice_8_img_096.npy,8,96,LE07_151035_20060708,71.88083,35.95339
slice_8_img_097.npy,8,97,LE07_151035_20060708,72.04894,35.95765
slice_8_img_098.npy,8,98,LE07_151035_20060708,72.21709,35.96167
slice_8_img_099.npy,8,99,LE07_151035_20060708,72.38528,35.96545
slice_8_img_100.npy,8,100,LE07_151035_20060708,72.55349,35.969
slice_8_img_101.npy,8,101,LE07_151035_20060708,72.72174,35.97231
slice_8_img_102.npy,8,102,LE07_151035_20060708,72.89001,35.97539
slice_8_img_103.npy,8,103,LE07_151035_20060708,73.0583,35.97824
slice_8_img_104.npy,8,104,LE07_151035_20060708,73.22662,35.98084
slice_8_img_105.npy,8,105,LE07_151035_20060708,70.86582,36.05945
slice_8_img_106.npy,8,106,LE07_151035_20060708,71.03398,36.06514
slice_8_img_107.npy,8,107,LE07_151035_20060708,71.20218,36.0706
slice_8_img_108.npy,8,108,LE07_151035_20060708,71.37043,36.07582
slice_8_img_109.npy,8,109,LE07_151035_20060708,71.53873,36.0808
slice_8_img_110.npy,8,110,LE07_151035_20060708,71.70706,36.08555
slice_8_img_111.npy,8,111,LE07_151035_20060708,71.87543,36.09007
slice_8_img_112.npy,8,112,LE07_151035_20060708,72.04384,36.09434
slice_8_img_113.npy,8,113,LE07_151035_20060708,72.21228,36.09838
slice_8_img_114.npy,8,114,LE07_151035_20060708,72.38075,36.10219
slice_8_img_115.npy,8,115,LE07_151035_20060708,72.54926,36.10575
slice_8_img_116.npy,8,116,LE07_151035_20060708,72.71779,36.10909
slice_8_img_117.npy,8,117,LE07_151035_20060708,72.88635,36.11218
slice_8_img_118.npy,8,118,LE07_151035_20060708,73.05494,36.11504
slice_8_img_119.npy,8,119,LE07_151035_20060708,73.22354,36.11766
slice_8_img_120.npy,8,120,LE07_151035_20060708,70.85864,36.19597
slice_8_img_121.npy,8,121,LE07_151035_20060708,71.02709,36.20169
slice_8_img_122.npy,8,122,LE07_151035_20060708,71.19559,36.20718
slice_8_img_123.npy,8,123,LE07_151035_20060708,71.36413,36.21242
slice_8_img_124.npy,8,124,LE07_151035_20060708,71.53271,36.21743
slice_8_img_125.npy,8,125,LE07_151035_20060708,71.70133,36.2222
slice_8_img_126.npy,8,126,LE07_151035_20060708,71.87,36.22674
slice_8_img_127.npy,8,127,LE07_151035_20060708,72.03869,36.23104
slice_8_img_128.npy,8,128,LE07_151035_20060708,72.20743,36.2351
slice_8_img_129.npy,8,129,LE07_151035_20060708,72.3762,36.23892
slice_8_img_130.npy,8,130,LE07_151035_20060708,72.54499,36.24251
slice_8_img_131.npy,8,131,LE07_151035_20060708,72.71382,36.24585
slice_8_img_132.npy,8,132,LE07_151035_20060708,72.88267,36.24896
slice_8_img_133.npy,8,133,LE07_151035_20060708,73.05155,36.25183
slice_8_img_134.npy,8,134,LE07_151035_20060708,73.22045,36.25447
slice_8_img_135.npy,8,135,LE07_151035_20060708,70.85141,36.33249
slice_8_img_136.npy,8,136,LE07_151035_20060708,71.02016,36.33824
slice_8_img_137.npy,8,137,LE07_151035_20060708,71.18894,36.34375
slice_8_img_138.npy,8,138,LE07_151035_20060708,71.35778,36.34902
slice_8_img_139.npy,8,139,LE07_151035_20060708,71.52665,36.35405
slice_8_img_140.npy,8,140,LE07_151035_20060708,71.69557,36.35885
slice_8_img_141.npy,8,141,LE07_151035_20060708,71.86453,36.36341
slice_8_img_142.npy,8,142,LE07_151035_20060708,72.03352,36.36773
slice_8_img_143.npy,8,143,LE07_151035_20060708,72.20255,36.37181
slice_8_img_144.npy,8,144,LE07_151035_20060708,72.37161,36.37565
slice_8_img_145.npy,8,145,LE07_151035_20060708,72.5407,36.37925
slice_8_img_146.npy,8,146,LE07_151035_20060708,72.70982,36.38262
slice_8_img_147.npy,8,147,LE07_151035_20060708,72.87897,36.38574
slice_8_img_148.npy,8,148,LE07_151035_20060708,73.04814,36.38863
slice_8_img_149.npy,8,149,LE07_151035_20060708,73.21734,36.39127
slice_8_img_150.npy,8,150,LE07_151035_20060708,70.84414,36.469
slice_8_img_151.npy,8,151,LE07_151035_20060708,71.01317,36.47478
slice_8_img_152.npy,8,152,LE07_151035_20060708,71.18226,36.48031
slice_8_img_153.npy,8,153,LE07_151035_20060708,71.35139,36.48561
slice_8_img_154.npy,8,154,LE07_151035_20060708,71.52056,36.49067
slice_8_img_155.npy,8,155,LE07_151035_20060708,71.68977,36.49549
slice_8_img_156.npy,8,156,LE07_151035_20060708,71.85902,36.50007
slice_8_img_157.npy,8,157,LE07_151035_20060708,72.02831,36.50441
slice_8_img_158.npy,8,158,LE07_151035_20060708,72.19763,36.50852
slice_8_img_159.npy,8,159,LE07_151035_20060708,72.36699,36.51238
slice_8_img_160.npy,8,160,LE07_151035_20060708,72.53638,36.516
slice_8_img_161.npy,8,161,LE07_151035_20060708,72.70579,36.51938
slice_8_img_162.npy,8,162,LE07_151035_20060708,72.87524,36.52252
slice_8_img_163.npy,8,163,LE07_151035_20060708,73.04471,36.52542
slice_8_img_164.npy,8,164,LE07_151035_20060708,73.2142,36.52808
slice_8_img_165.npy,8,165,LE07_151035_20060708,70.83682,36.60551
slice_8_img_166.npy,8,166,LE07_151035_20060708,71.00615,36.61131
slice_8_img_167.npy,8,167,LE07_151035_20060708,71.17553,36.61688
slice_8_img_168.npy,8,168,LE07_151035_20060708,71.34495,36.6222
slice_8_img_169.npy,8,169,LE07_151035_20060708,71.51442,36.62729
slice_8_img_170.npy,8,170,LE07_151035_20060708,71.68393,36.63213
slice_8_img_171.npy,8,171,LE07_151035_20060708,71.85348,36.63673
slice_8_img_172.npy,8,172,LE07_151035_20060708,72.02306,36.6411
slice_8_img_173.npy,8,173,LE07_151035_20060708,72.19268,36.64522
slice_8_img_174.npy,8,174,LE07_151035_20060708,72.36234,36.6491
slice_8_img_175.npy,8,175,LE07_151035_20060708,72.53202,36.65274
slice_8_img_176.npy,8,176,LE07_151035_20060708,72.70174,36.65614
slice_8_img_177.npy,8,177,LE07_151035_20060708,72.87148,36.65929
slice_8_img_178.npy,8,178,LE07_151035_20060708,73.04125,36.66221
slice_8_img_179.npy,8,179,LE07_151035_20060708,73.21105,36.66488
slice_8_img_180.npy,8,180,LE07_151035_20060708,70.82944,36.74201
slice_8_img_181.npy,8,181,LE07_151035_20060708,70.99907,36.74784
slice_8_img_182.npy,8,182,LE07_151035_20060708,71.16875,36.75344
slice_8_img_183.npy,8,183,LE07_151035_20060708,71.33847,36.75879
slice_8_img_184.npy,8,184,LE07_151035_20060708,71.50824,36.7639
slice_8_img_185.npy,8,185,LE07_151035_20060708,71.67805,36.76877
slice_8_img_186.npy,8,186,LE07_151035_20060708,71.84789,36.77339
slice_8_img_187.npy,8,187,LE07_151035_20060708,72.01778,36.77778
slice_8_img_188.npy,8,188,LE07_151035_20060708,72.1877,36.78192
slice_8_img_189.npy,8,189,LE07_151035_20060708,72.35766,36.78582
slice_8_img_190.npy,8,190,LE07_151035_20060708,72.52764,36.78947
slice_8_img_191.npy,8,191,LE07_151035_20060708,72.69766,36.79289
slice_8_img_192.npy,8,192,LE07_151035_20060708,72.8677,36.79606
slice_8_img_193.npy,8,193,LE07_151035_20060708,73.03777,36.79899
slice_8_img_194.npy,8,194,LE07_151035_20060708,73.20787,36.80167
slice_8_img_195.npy,8,195,LE07_151035_20060708,70.82202,36.87851
slice_8_img_196.npy,8,196,LE07_151035_20060708,70.99195,36.88437
slice_8_img_197.npy,8,197,LE07_151035_20060708,71.16192,36.88999
slice_8_img_198.npy,8,198,LE07_151035_20060708,71.33195,36.89537
slice_8_img_199.npy,8,199,LE07_151035_20060708,71.50202,36.9005
slice_8_img_200.npy,8,200,LE07_151035_20060708,71.67212,36.9054
slice_8_img_201.npy,8,201,LE07_151035_20060708,71.84227,36.91005
slice_8_img_202.npy,8,202,LE07_151035_20060708,72.01246,36.91445
slice_8_img_203.npy,8,203,LE07_151035_20060708,72.18269,36.91861
slice_8_img_204.npy,8,204,LE07_151035_20060708,72.35294,36.92253
slice_8_img_205.npy,8,205,LE07_151035_20060708,72.52323,36.92621
slice_8_img_206.npy,8,206,LE07_151035_20060708,72.69355,36.92964
slice_8_img_207.npy,8,207,LE07_151035_20060708,72.8639,36.93283
slice_8_img_208.npy,8,208,LE07_151035_20060708,73.03427,36.93577
slice_8_img_209.npy,8,209,LE07_151035_20060708,73.20467,36.93847
slice_9_img_000.npy,9,0,LE07_148037_20071127,74.78009,32.29833
slice_9_img_001.npy,9,1,LE07_148037_20071127,74.94135,32.29851
slice_9_img_002.npy,9,2,LE07_148037_20071127,75.1026,32.29848
slice_9_img_003.npy,9,3,LE07_148037_20071127,75.26386,32.29824
slice_9_img_004.npy,9,4,LE07_148037_20071127,75.42511,32.2978
slice_9_img_005.npy,9,5,LE07_148037_20071127,75.58636,32.29716
slice_9_img_006.npy,9,6,LE07_148037_20071127,75.7476,32.29631
slice_9_img_007.npy,9,7,LE07_148037_20071127,75.90883,32.29525
slice_9_img_008.npy,9,8,LE07_148037_20071127,76.07006,32.29398
slice_9_img_009.npy,9,9,LE07_148037_20071127,76.23127,32.29251
slice_9_img_010.npy,9,10,LE07_148037_20071127,76.39248,32.29084
slice_9_img_011.npy,9,11,LE07_148037_20071127,76.55366,32.28896
slice_9_img_012.npy,9,12,LE07_148037_20071127,76.71483,32.28687
slice_9_img_013.npy,9,13,LE07_148037_20071127,76.87599,32.28458
slice_9_img_014.npy,9,14,LE07_148037_20071127,77.03712,32.28208
slice_9_img_015.npy,9,15,LE07_148037_20071127,74.77976,32.43529
slice_9_img_016.npy,9,16,LE07_148037_20071127,74.94126,32.43547
slice_9_img_017.npy,9,17,LE07_148037_20071127,75.10276,32.43544
slice_9_img_018.npy,9,18,LE07_148037_20071127,75.26426,32.4352
slice_9_img_019.npy,9,19,LE07_148037_20071127,75.42575,32.43476
slice_9_img_020.npy,9,20,LE07_148037_20071127,75.58724,32.43411
slice_9_img_021.npy,9,21,LE07_148037_20071127,75.74873,32.43326
slice_9_img_022.npy,9,22,LE07_148037_20071127,75.91021,32.43219
slice_9_img_023.npy,9,23,LE07_148037_20071127,76.07167,32.43092
slice_9_img_024.npy,9,24,LE07_148037_20071127,76.23313,32.42945
slice_9_img_025.npy,9,25,LE07_148037_20071127,76.39458,32.42776
slice_9_img_026.npy,9,26,LE07_148037_20071127,76.55601,32.42587
slice_9_img_027.npy,9,27,LE07_148037_20071127,76.71742,32.42377
slice_9_img_028.npy,9,28,LE07_148037_20071127,76.87882,32.42147
slice_9_img_029.npy,9,29,LE07_148037_20071127,77.04019,32.41896
slice_9_img_030.npy,9,30,LE07_148037_20071127,74.77943,32.57225
slice_9_img_031.npy,9,31,LE07_148037_20071127,74.94117,32.57243
slice_9_img_032.npy,9,32,LE07_148037_20071127,75.10291,32.5724
slice_9_img_033.npy,9,33,LE07_148037_20071127,75.26466,32.57216
slice_9_img_034.npy,9,34,LE07_148037_20071127,75.4264,32.57172
slice_9_img_035.npy,9,35,LE07_148037_20071127,75.58813,32.57107
slice_9_img_036.npy,9,36,LE07_148037_20071127,75.74986,32.5702
slice_9_img_037.npy,9,37,LE07_148037_20071127,75.91159,32.56914
slice_9_img_038.npy,9,38,LE07_148037_20071127,76.0733,32.56786
slice_9_img_039.npy,9,39,LE07_148037_20071127,76.235,32.56637
slice_9_img_040.npy,9,40,LE07_148037_20071127,76.39669,32.56468
slice_9_img_041.npy,9,41,LE07_148037_20071127,76.55836,32.56278
slice_9_img_042.npy,9,42,LE07_148037_20071127,76.72002,32.56067
slice_9_img_043.npy,9,43,LE07_148037_20071127,76.88166,32.55836
slice_9_img_044.npy,9,44,LE07_148037_20071127,77.04329,32.55583
slice_9_img_045.npy,9,45,LE07_148037_20071127,74.77909,32.7092
slice_9_img_046.npy,9,46,LE07_148037_20071127,74.94108,32.70938
slice_9_img_047.npy,9,47,LE07_148037_20071127,75.10307,32.70936
slice_9_img_048.npy,9,48,LE07_148037_20071127,75.26506,32.70912
slice_9_img_049.npy,9,49,LE07_148037_20071127,75.42705,32.70867
slice_9_img_050.npy,9,50,LE07_148037_20071127,75.58903,32.70801
slice_9_img_051.npy,9,51,LE07_148037_20071127,75.75101,32.70715
slice_9_img_052.npy,9,52,LE07_148037_20071127,75.91298,32.70607
slice_9_img_053.npy,9,53,LE07_148037_20071127,76.07494,32.70479
slice_9_img_054.npy,9,54,LE07_148037_20071127,76.23688,32.7033
slice_9_img_055.npy,9,55,LE07_148037_20071127,76.39882,32.7016
slice_9_img_056.npy,9,56,LE07_148037_20071127,76.56074,32.69969
slice_9_img_057.npy,9,57,LE07_148037_20071127,76.72265,32.69757
slice_9_img_058.npy,9,58,LE07_148037_20071127,76.88453,32.69524
slice_9_img_059.npy,9,59,LE07_148037_20071127,77.0464,32.6927
slice_9_img_060.npy,9,60,LE07_148037_20071127,74.77875,32.84616
slice_9_img_061.npy,9,61,LE07_148037_20071127,74.94099,32.84634
slice_9_img_062.npy,9,62,LE07_148037_20071127,75.10323,32.84631
slice_9_img_063.npy,9,63,LE07_148037_20071127,75.26547,32.84607
slice_9_img_064.npy,9,64,LE07_148037_20071127,75.4277,32.84562
slice_9_img_065.npy,9,65,LE07_148037_20071127,75.58993,32.84496
slice_9_img_066.npy,9,66,LE07_148037_20071127,75.75216,32.84409
slice_9_img_067.npy,9,67,LE07_148037_20071127,75.91438,32.84301
slice_9_img_068.npy,9,68,LE07_148037_20071127,76.07658,32.84172
slice_9_img_069.npy,9,69,LE07_148037_20071127,76.23878,32.84022
slice_9_img_070.npy,9,70,LE07_148037_20071127,76.40096,32.83851
slice_9_img_071.npy,9,71,LE07_148037_20071127,76.56313,32.83659
slice_9_img_072.npy,9,72,LE07_148037_20071127,76.72528,32.83446
slice_9_img_073.npy,9,73,LE07_148037_20071127,76.88742,32.83212
slice_9_img_074.npy,9,74,LE07_148037_20071127,77.04953,32.82957
slice_9_img_075.npy,9,75,LE07_148037_20071127,74.77841,32.98311
slice_9_img_076.npy,9,76,LE07_148037_20071127,74.9409,32.98329
slice_9_img_077.npy,9,77,LE07_148037_20071127,75.10339,32.98326
slice_9_img_078.npy,9,78,LE07_148037_20071127,75.26588,32.98302
slice_9_img_079.npy,9,79,LE07_148037_20071127,75.42836,32.98257
slice_9_img_080.npy,9,80,LE07_148037_20071127,75.59084,32.9819
slice_9_img_081.npy,9,81,LE07_148037_20071127,75.75332,32.98103
slice_9_img_082.npy,9,82,LE07_148037_20071127,75.91578,32.97994
slice_9_img_083.npy,9,83,LE07_148037_20071127,76.07824,32.97865
slice_9_img_084.npy,9,84,LE07_148037_20071127,76.24069,32.97714
slice_9_img_085.npy,9,85,LE07_148037_20071127,76.40312,32.97542
slice_9_img_086.npy,9,86,LE07_148037_20071127,76.56554,32.97349
slice_9_img_087.npy,9,87,LE07_148037_20071127,76.72794,32.97135
slice_9_img_088.npy,9,88,LE07_148037_20071127,76.89033,32.96899
slice_9_img_089.npy,9,89,LE07_148037_20071127,77.05269,32.96643
slice_9_img_090.npy,9,90,LE07_148037_20071127,74.77807,33.12005
slice_9_img_091.npy,9,91,LE07_148037_20071127,74.94081,33.12024
slice_9_img_092.npy,9,92,LE07_148037_20071127,75.10355,33.12021
slice_9_img_093.npy,9,93,LE07_148037_20071127,75.26629,33.11997
slice_9_img_094.npy,9,94,LE07_148037_20071127,75.42902,33.11951
slice_9_img_095.npy,9,95,LE07_148037_20071127,75.59176,33.11884
slice_9_img_096.npy,9,96,LE07_148037_20071127,75.75448,33.11797
slice_9_img_097.npy,9,97,LE07_148037_20071127,75.9172,33.11687
slice_9_img_098.npy,9,98,LE07_148037_20071127,76.07991,33.11557
slice_9_img_099.npy,9,99,LE07_148037_20071127,76.24261,33.11405
slice_9_img_100.npy,9,100,LE07_148037_20071127,76.40529,33.11233
slice_9_img_101.npy,9,101,LE07_148037_20071127,76.56796,33.11038
slice_9_img_102.npy,9,102,LE07_148037_20071127,76.73062,33.10823
slice_9_img_103.npy,9,103,LE07_148037_20071127,76.89325,33.10587
slice_9_img_104.npy,9,104,LE07_148037_20071127,77.05587,33.10329
slice_9_img_105.npy,9,105,LE07_148037_20071127,74.77772,33.257
slice_9_img_106.npy,9,106,LE07_148037_20071127,74.94071,33.25718
slice_9_img_107.npy,9,107,LE07_148037_20071127,75.10371,33.25715
slice_9_img_108.npy,9,108,LE07_148037_20071127,75.2667,33.25691
slice_9_img_109.npy,9,109,LE07_148037_20071127,75.42969,33.25645
slice_9_img_110.npy,9,110,LE07_148037_20071127,75.59268,33.25578
slice_9_img_111.npy,9,111,LE07_148037_20071127,75.75566,33.2549
slice_9_img_112.npy,9,112,LE07_148037_20071127,75.91863,33.2538
slice_9_img_113.npy,9,113,LE07_148037_20071127,76.08159,33.25249
slice_9_img_114.npy,9,114,LE07_148037_20071127,76.24454,33.25097
slice_9_img_115.npy,9,115,LE07_148037_20071127,76.40748,33.24923
slice_9_img_116.npy,9,116,LE07_148037_20071127,76.5704,33.24728
slice_9_img_117.npy,9,117,LE07_148037_20071127,76.73331,33.24511
slice_9_img_118.npy,9,118,LE07_148037_20071127,76.8962,33.24274
slice_9_img_119.npy,9,119,LE07_148037_20071127,77.05907,33.24015
slice_9_img_120.npy,9,120,LE07_148037_20071127,74.77737,33.39394
slice_9_img_121.npy,9,121,LE07_148037_20071127,74.94062,33.39412
slice_9_img_122.npy,9,122,LE07_148037_20071127,75.10387,33.39409
slice_9_img_123.npy,9,123,LE07_148037_20071127,75.26712,33.39385
slice_9_img_124.npy,9,124,LE07_148037_20071127,75.43037,33.39339
slice_9_img_125.npy,9,125,LE07_148037_20071127,75.59361,33.39272
slice_9_img_126.npy,9,126,LE07_148037_20071127,75.75684,33.39183
slice_9_img_127.npy,9,127,LE07_148037_20071127,75.92007,33.39073
slice_9_img_128.npy,9,128,LE07_148037_20071127,76.08329,33.38941
slice_9_img_129.npy,9,129,LE07_148037_20071127,76.24649,33.38788
slice_9_img_130.npy,9,130,LE07_148037_20071127,76.40968,33.38613
slice_9_img_131.npy,9,131,LE07_148037_20071127,76.57286,33.38417
slice_9_img_132.npy,9,132,LE07_148037_20071127,76.73602,33.38199
slice_9_img_133.npy,9,133,LE07_148037_20071127,76.89916,33.3796
slice_9_img_134.npy,9,134,LE07_148037_20071127,77.06229,33.377
slice_9_img_135.npy,9,135,LE07_148037_20071127,74.77702,33.53087
slice_9_img_136.npy,9,136,LE07_148037_20071127,74.94053,33.53106
slice_9_img_137.npy,9,137,LE07_148037_20071127,75.10403,33.53103
slice_9_img_138.npy,9,138,LE07_148037_20071127,75.26754,33.53079
slice_9_img_139.npy,9,139,LE07_148037_20071127,75.43104,33.53032
slice_9_img_140.npy,9,140,LE07_148037_20071127,75.59454,33.52965
slice_9_img_141.npy,9,141,LE07_148037_20071127,75.75803,33.52875
slice_9_img_142.npy,9,142,LE07_148037_20071127,75.92152,33.52765
slice_9_img_143.npy,9,143,LE07_148037_20071127,76.08499,33.52632
slice_9_img_144.npy,9,144,LE07_148037_20071127,76.24845,33.52478
slice_9_img_145.npy,9,145,LE07_148037_20071127,76.4119,33.52303
slice_9_img_146.npy,9,146,LE07_148037_20071127,76.57533,33.52105
slice_9_img_147.npy,9,147,LE07_148037_20071127,76.73875,33.51887
slice_9_img_148.npy,9,148,LE07_148037_20071127,76.90215,33.51647
slice_9_img_149.npy,9,149,LE07_148037_20071127,77.06553,33.51385
slice_9_img_150.npy,9,150,LE07_148037_20071127,74.77667,33.66781
slice_9_img_151.npy,9,151,LE07_148037_20071127,74.94043,33.668
slice_9_img_152.npy,9,152,LE07_148037_20071127,75.1042,33.66797
slice_9_img_153.npy,9,153,LE07_148037_20071127,75.26796,33.66772
slice_9_img_154.npy,9,154,LE07_148037_20071127,75.43172,33.66726
slice_9_img_155.npy,9,155,LE07_148037_20071127,75.59548,33.66658
slice_9_img_156.npy,9,156,LE07_148037_20071127,75.75923,33.66568
slice_9_img_157.npy,9,157,LE07_148037_20071127,75.92297,33.66456
slice_9_img_158.npy,9,158,LE07_148037_20071127,76.08671,33.66323
slice_9_img_159.npy,9,159,LE07_148037_20071127,76.25043,33.66168
slice_9_img_160.npy,9,160,LE07_148037_20071127,76.41413,33.65992
slice_9_img_161.npy,9,161,LE07_148037_20071127,76.57783,33.65794
slice_9_img_162.npy,9,162,LE07_148037_20071127,76.7415,33.65574
slice_9_img_163.npy,9,163,LE07_148037_20071127,76.90516,33.65333
slice_9_img_164.npy,9,164,LE07_148037_20071127,77.06879,33.6507
slice_9_img_165.npy,9,165,LE07_148037_20071127,74.77631,33.80474
slice_9_img_166.npy,9,166,LE07_148037_20071127,74.94034,33.80493
slice_9_img_167.npy,9,167,LE07_148037_20071127,75.10437,33.8049
slice_9_img_168.npy,9,168,LE07_148037_20071127,75.26839,33.80465
slice_9_img_169.npy,9,169,LE07_148037_20071127,75.43241,33.80418
slice_9_img_170.npy,9,170,LE07_148037_20071127,75.59643,33.8035
slice_9_img_171.npy,9,171,LE07_148037_20071127,75.76044,33.8026
slice_9_img_172.npy,9,172,LE07_148037_20071127,75.92444,33.80148
slice_9_img_173.npy,9,173,LE07_148037_20071127,76.08843,33.80014
slice_9_img_174.npy,9,174,LE07_148037_20071127,76.25241,33.79858
slice_9_img_175.npy,9,175,LE07_148037_20071127,76.41638,33.79681
slice_9_img_176.npy,9,176,LE07_148037_20071127,76.58033,33.79482
slice_9_img_177.npy,9,177,LE07_148037_20071127,76.74427,33.79261
slice_9_img_178.npy,9,178,LE07_148037_20071127,76.90818,33.79018
slice_9_img_179.npy,9,179,LE07_148037_20071127,77.07208,33.78754
slice_9_img_180.npy,9,180,LE07_148037_20071127,74.77596,33.94167
slice_9_img_181.npy,9,181,LE07_148037_20071127,74.94024,33.94186
slice_9_img_182.npy,9,182,LE07_148037_20071127,75.10453,33.94183
slice_9_img_183.npy,9,183,LE07_148037_20071127,75.26882,33.94158
slice_9_img_184.npy,9,184,LE07_148037_20071127,75.4331,33.94111
slice_9_img_185.npy,9,185,LE07_148037_20071127,75.59738,33.94042
slice_9_img_186.npy,9,186,LE07_148037_20071127,75.76165,33.93952
slice_9_img_187.npy,9,187,LE07_148037_20071127,75.92592,33.93839
slice_9_img_188.npy,9,188,LE07_148037_20071127,76.09017,33.93705
slice_9_img_189.npy,9,189,LE07_148037_20071127,76.25441,33.93548
slice_9_img_190.npy,9,190,LE07_148037_20071127,76.41864,33.9337
slice_9_img_191.npy,9,191,LE07_148037_20071127,76.58286,33.9317
slice_9_img_192.npy,9,192,LE07_148037_20071127,76.74705,33.92948
slice_9_img_193.npy,9,193,LE07_148037_20071127,76.91123,33.92704
slice_9_img_194.npy,9,194,LE07_148037_20071127,77.07539,33.92438
slice_10_img_000.npy,10,0,LE07_151034_20050822,71.30966,36.5382
slice_10_img_001.npy,10,1,LE07_151034_20050822,71.47894,36.54332
slice_10_img_002.npy,10,2,LE07_151034_20050822,71.64826,36.54821
slice_10_img_003.npy,10,3,LE07_151034_20050822,71.81762,36.55285
slice_10_img_004.npy,10,4,LE07_151034_20050822,71.98701,36.55726
slice_10_img_005.npy,10,5,LE07_151034_20050822,72.15645,36.56142
slice_10_img_006.npy,10,6,LE07_151034_20050822,72.32591,36.56535
slice_10_img_007.npy,10,7,LE07_151034_20050822,72.49541,36.56903
slice_10_img_008.npy,10,8,LE07_151034_20050822,72.66494,36.57247
slice_10_img_009.npy,10,9,LE07_151034_20050822,72.8345,36.57568
slice_10_img_010.npy,10,10,LE07_151034_20050822,73.00408,36.57864
slice_10_img_011.npy,10,11,LE07_151034_20050822,73.17368,36.58136
slice_10_img_012.npy,10,12,LE07_151034_20050822,73.34331,36.58384
slice_10_img_013.npy,10,13,LE07_151034_20050822,73.51296,36.58607
slice_10_img_014.npy,10,14,LE07_151034_20050822,73.68262,36.58807
slice_10_img_015.npy,10,15,LE07_151034_20050822,71.30314,36.67478
slice_10_img_016.npy,10,16,LE07_151034_20050822,71.47271,36.67993
slice_10_img_017.npy,10,17,LE07_151034_20050822,71.64233,36.68484
slice_10_img_018.npy,10,18,LE07_151034_20050822,71.81199,36.68951
slice_10_img_019.npy,10,19,LE07_151034_20050822,71.98168,36.69393
slice_10_img_020.npy,10,20,LE07_151034_20050822,72.15142,36.69812
slice_10_img_021.npy,10,21,LE07_151034_20050822,72.32118,36.70206
slice_10_img_022.npy,10,22,LE07_151034_20050822,72.49098,36.70577
slice_10_img_023.npy,10,23,LE07_151034_20050822,72.66081,36.70923
slice_10_img_024.npy,10,24,LE07_151034_20050822,72.83066,36.71244
slice_10_img_025.npy,10,25,LE07_151034_20050822,73.00054,36.71542
slice_10_img_026.npy,10,26,LE07_151034_20050822,73.17045,36.71815
slice_10_img_027.npy,10,27,LE07_151034_20050822,73.34038,36.72064
slice_10_img_028.npy,10,28,LE07_151034_20050822,73.51032,36.72289
slice_10_img_029.npy,10,29,LE07_151034_20050822,73.68029,36.7249
slice_10_img_030.npy,10,30,LE07_151034_20050822,71.29657,36.81136
slice_10_img_031.npy,10,31,LE07_151034_20050822,71.46645,36.81653
slice_10_img_032.npy,10,32,LE07_151034_20050822,71.63636,36.82147
slice_10_img_033.npy,10,33,LE07_151034_20050822,71.80632,36.82616
slice_10_img_034.npy,10,34,LE07_151034_20050822,71.97632,36.83061
slice_10_img_035.npy,10,35,LE07_151034_20050822,72.14635,36.83481
slice_10_img_036.npy,10,36,LE07_151034_20050822,72.31642,36.83878
slice_10_img_037.npy,10,37,LE07_151034_20050822,72.48652,36.8425
slice_10_img_038.npy,10,38,LE07_151034_20050822,72.65664,36.84597
slice_10_img_039.npy,10,39,LE07_151034_20050822,72.8268,36.84921
slice_10_img_040.npy,10,40,LE07_151034_20050822,72.99698,36.8522
slice_10_img_041.npy,10,41,LE07_151034_20050822,73.16719,36.85495
slice_10_img_042.npy,10,42,LE07_151034_20050822,73.33742,36.85745
slice_10_img_043.npy,10,43,LE07_151034_20050822,73.50767,36.85971
slice_10_img_044.npy,10,44,LE07_151034_20050822,73.67794,36.86173
slice_10_img_045.npy,10,45,LE07_151034_20050822,71.28996,36.94793
slice_10_img_046.npy,10,46,LE07_151034_20050822,71.46014,36.95313
slice_10_img_047.npy,10,47,LE07_151034_20050822,71.63036,36.95809
slice_10_img_048.npy,10,48,LE07_151034_20050822,71.80062,36.9628
slice_10_img_049.npy,10,49,LE07_151034_20050822,71.97092,36.96728
slice_10_img_050.npy,10,50,LE07_151034_20050822,72.14125,36.9715
slice_10_img_051.npy,10,51,LE07_151034_20050822,72.31162,36.97549
slice_10_img_052.npy,10,52,LE07_151034_20050822,72.48202,36.97922
slice_10_img_053.npy,10,53,LE07_151034_20050822,72.65246,36.98272
slice_10_img_054.npy,10,54,LE07_151034_20050822,72.82292,36.98597
slice_10_img_055.npy,10,55,LE07_151034_20050822,72.9934,36.98897
slice_10_img_056.npy,10,56,LE07_151034_20050822,73.16391,36.99174
slice_10_img_057.npy,10,57,LE07_151034_20050822,73.33445,36.99425
slice_10_img_058.npy,10,58,LE07_151034_20050822,73.505,36.99652
slice_10_img_059.npy,10,59,LE07_151034_20050822,73.67557,36.99855
slice_10_img_060.npy,10,60,LE07_151034_20050822,71.28331,37.0845
slice_10_img_061.npy,10,61,LE07_151034_20050822,71.45379,37.08973
slice_10_img_062.npy,10,62,LE07_151034_20050822,71.62431,37.09471
slice_10_img_063.npy,10,63,LE07_151034_20050822,71.79488,37.09945
slice_10_img_064.npy,10,64,LE07_151034_20050822,71.96548,37.10394
slice_10_img_065.npy,10,65,LE07_151034_20050822,72.13612,37.10819
slice_10_img_066.npy,10,66,LE07_151034_20050822,72.30679,37.11219
slice_10_img_067.npy,10,67,LE07_151034_20050822,72.4775,37.11595
slice_10_img_068.npy,10,68,LE07_151034_20050822,72.64824,37.11946
slice_10_img_069.npy,10,69,LE07_151034_20050822,72.819,37.12273
slice_10_img_070.npy,10,70,LE07_151034_20050822,72.9898,37.12575
slice_10_img_071.npy,10,71,LE07_151034_20050822,73.16061,37.12852
slice_10_img_072.npy,10,72,LE07_151034_20050822,73.33145,37.13105
slice_10_img_073.npy,10,73,LE07_151034_20050822,73.50231,37.13333
slice_10_img_074.npy,10,74,LE07_151034_20050822,73.67319,37.13537
slice_10_img_075.npy,10,75,LE07_151034_20050822,71.27661,37.22107
slice_10_img_076.npy,10,76,LE07_151034_20050822,71.44739,37.22632
slice_10_img_077.npy,10,77,LE07_151034_20050822,71.61822,37.23133
slice_10_img_078.npy,10,78,LE07_151034_20050822,71.78909,37.23609
slice_10_img_079.npy,10,79,LE07_151034_20050822,71.96,37.2406
slice_10_img_080.npy,10,80,LE07_151034_20050822,72.13095,37.24487
slice_10_img_081.npy,10,81,LE07_151034_20050822,72.30193,37.24889
slice_10_img_082.npy,10,82,LE07_151034_20050822,72.47295,37.25267
slice_10_img_083.npy,10,83,LE07_151034_20050822,72.64399,37.2562
slice_10_img_084.npy,10,84,LE07_151034_20050822,72.81507,37.25948
slice_10_img_085.npy,10,85,LE07_151034_20050822,72.98617,37.26252
slice_10_img_086.npy,10,86,LE07_151034_20050822,73.15729,37.2653
slice_10_img_087.npy,10,87,LE07_151034_20050822,73.32844,37.26784
slice_10_img_088.npy,10,88,LE07_151034_20050822,73.49961,37.27014
slice_10_img_089.npy,10,89,LE07_151034_20050822,73.67079,37.27218
slice_10_img_090.npy,10,90,LE07_151034_20050822,71.26986,37.35763
slice_10_img_091.npy,10,91,LE07_151034_20050822,71.44096,37.3629
slice_10_img_092.npy,10,92,LE07_151034_20050822,71.61209,37.36794
slice_10_img_093.npy,10,93,LE07_151034_20050822,71.78327,37.37272
slice_10_img_094.npy,10,94,LE07_151034_20050822,71.95449,37.37726
slice_10_img_095.npy,10,95,LE07_151034_20050822,72.12575,37.38155
slice_10_img_096.npy,10,96,LE07_151034_20050822,72.29704,37.38559
slice_10_img_097.npy,10,97,LE07_151034_20050822,72.46836,37.38939
slice_10_img_098.npy,10,98,LE07_151034_20050822,72.63972,37.39293
slice_10_img_099.npy,10,99,LE07_151034_20050822,72.8111,37.39623
slice_10_img_100.npy,10,100,LE07_151034_20050822,72.98251,37.39928
slice_10_img_101.npy,10,101,LE07_151034_20050822,73.15395,37.40208
slice_10_img_102.npy,10,102,LE07_151034_20050822,73.3254,37.40464
slice_10_img_103.npy,10,103,LE07_151034_20050822,73.49688,37.40694
slice_10_img_104.npy,10,104,LE07_151034_20050822,73.66838,37.409
slice_10_img_105.npy,10,105,LE07_151034_20050822,71.26307,37.49418
slice_10_img_106.npy,10,106,LE07_151034_20050822,71.43448,37.49949
slice_10_img_107.npy,10,107,LE07_151034_20050822,71.60592,37.50454
slice_10_img_108.npy,10,108,LE07_151034_20050822,71.77741,37.50935
slice_10_img_109.npy,10,109,LE07_151034_20050822,71.94894,37.51391
slice_10_img_110.npy,10,110,LE07_151034_20050822,72.12051,37.51822
slice_10_img_111.npy,10,111,LE07_151034_20050822,72.29211,37.52229
slice_10_img_112.npy,10,112,LE07_151034_20050822,72.46375,37.5261
slice_10_img_113.npy,10,113,LE07_151034_20050822,72.63541,37.52966
slice_10_img_114.npy,10,114,LE07_151034_20050822,72.80711,37.53298
slice_10_img_115.npy,10,115,LE07_151034_20050822,72.97883,37.53604
slice_10_img_116.npy,10,116,LE07_151034_20050822,73.15058,37.53886
slice_10_img_117.npy,10,117,LE07_151034_20050822,73.32235,37.54142
slice_10_img_118.npy,10,118,LE07_151034_20050822,73.49414,37.54374
slice_10_img_119.npy,10,119,LE07_151034_20050822,73.66595,37.54581
slice_10_img_120.npy,10,120,LE07_151034_20050822,71.25624,37.63074
slice_10_img_121.npy,10,121,LE07_151034_20050822,71.42795,37.63607
slice_10_img_122.npy,10,122,LE07_151034_20050822,71.59971,37.64115
slice_10_img_123.npy,10,123,LE07_151034_20050822,71.77151,37.64598
slice_10_img_124.npy,10,124,LE07_151034_20050822,71.94335,37.65056
slice_10_img_125.npy,10,125,LE07_151034_20050822,72.11523,37.65489
slice_10_img_126.npy,10,126,LE07_151034_20050822,72.28715,37.65898
slice_10_img_127.npy,10,127,LE07_151034_20050822,72.4591,37.66281
slice_10_img_128.npy,10,128,LE07_151034_20050822,72.63108,37.66639
slice_10_img_129.npy,10,129,LE07_151034_20050822,72.80309,37.66972
slice_10_img_130.npy,10,130,LE07_151034_20050822,72.97513,37.6728
slice_10_img_131.npy,10,131,LE07_151034_20050822,73.14719,37.67563
slice_10_img_132.npy,10,132,LE07_151034_20050822,73.31927,37.67821
slice_10_img_133.npy,10,133,LE07_151034_20050822,73.49138,37.68054
slice_10_img_134.npy,10,134,LE07_151034_20050822,73.6635,37.68261
slice_10_img_135.npy,10,135,LE07_151034_20050822,71.24935,37.76728
slice_10_img_136.npy,10,136,LE07_151034_20050822,71.42138,37.77264
slice_10_img_137.npy,10,137,LE07_151034_20050822,71.59346,37.77775
slice_10_img_138.npy,10,138,LE07_151034_20050822,71.76557,37.7826
slice_10_img_139.npy,10,139,LE07_151034_20050822,71.93773,37.78721
slice_10_img_140.npy,10,140,LE07_151034_20050822,72.10992,37.79156
slice_10_img_141.npy,10,141,LE07_151034_20050822,72.28215,37.79566
slice_10_img_142.npy,10,142,LE07_151034_20050822,72.45442,37.79951
slice_10_img_143.npy,10,143,LE07_151034_20050822,72.62672,37.80311
slice_10_img_144.npy,10,144,LE07_151034_20050822,72.79904,37.80646
slice_10_img_145.npy,10,145,LE07_151034_20050822,72.97139,37.80956
slice_10_img_146.npy,10,146,LE07_151034_20050822,73.14377,37.8124
slice_10_img_147.npy,10,147,LE07_151034_20050822,73.31618,37.81499
slice_10_img_148.npy,10,148,LE07_151034_20050822,73.4886,37.81733
slice_10_img_149.npy,10,149,LE07_151034_20050822,73.66104,37.81942
slice_10_img_150.npy,10,150,LE07_151034_20050822,71.24242,37.90383
slice_10_img_151.npy,10,151,LE07_151034_20050822,71.41477,37.90921
slice_10_img_152.npy,10,152,LE07_151034_20050822,71.58716,37.91434
slice_10_img_153.npy,10,153,LE07_151034_20050822,71.75959,37.91922
slice_10_img_154.npy,10,154,LE07_151034_20050822,71.93207,37.92385
slice_10_img_155.npy,10,155,LE07_151034_20050822,72.10458,37.92822
slice_10_img_156.npy,10,156,LE07_151034_20050822,72.27713,37.93235
slice_10_img_157.npy,10,157,LE07_151034_20050822,72.44971,37.93622
slice_10_img_158.npy,10,158,LE07_151034_20050822,72.62232,37.93983
slice_10_img_159.npy,10,159,LE07_151034_20050822,72.79497,37.9432
slice_10_img_160.npy,10,160,LE07_151034_20050822,72.96764,37.94631
slice_10_img_161.npy,10,161,LE07_151034_20050822,73.14034,37.94916
slice_10_img_162.npy,10,162,LE07_151034_20050822,73.31306,37.95177
slice_10_img_163.npy,10,163,LE07_151034_20050822,73.4858,37.95412
slice_10_img_164.npy,10,164,LE07_151034_20050822,73.65856,37.95622
slice_10_img_165.npy,10,165,LE07_151034_20050822,71.23545,38.04037
slice_10_img_166.npy,10,166,LE07_151034_20050822,71.40811,38.04578
slice_10_img_167.npy,10,167,LE07_151034_20050822,71.58082,38.05093
slice_10_img_168.npy,10,168,LE07_151034_20050822,71.75357,38.05584
slice_10_img_169.npy,10,169,LE07_151034_20050822,71.92636,38.06049
slice_10_img_170.npy,10,170,LE07_151034_20050822,72.0992,38.06488
slice_10_img_171.npy,10,171,LE07_151034_20050822,72.27206,38.06903
slice_10_img_172.npy,10,172,LE07_151034_20050822,72.44497,38.07291
slice_10_img_173.npy,10,173,LE07_151034_20050822,72.6179,38.07655
slice_10_img_174.npy,10,174,LE07_151034_20050822,72.79087,38.07993
slice_10_img_175.npy,10,175,LE07_151034_20050822,72.96386,38.08305
slice_10_img_176.npy,10,176,LE07_151034_20050822,73.13688,38.08593
slice_10_img_177.npy,10,177,LE07_151034_20050822,73.30992,38.08854
slice_10_img_178.npy,10,178,LE07_151034_20050822,73.48298,38.09091
slice_10_img_179.npy,10,179,LE07_151034_20050822,73.65606,38.09301
slice_10_img_180.npy,10,180,LE07_151034_20050822,71.22842,38.1769
slice_10_img_181.npy,10,181,LE07_151034_20050822,71.40141,38.18234
slice_10_img_182.npy,10,182,LE07_151034_20050822,71.57444,38.18752
slice_10_img_183.npy,10,183,LE07_151034_20050822,71.74751,38.19245
slice_10_img_184.npy,10,184,LE07_151034_20050822,71.92062,38.19712
slice_10_img_185.npy,10,185,LE07_151034_20050822,72.09378,38.20154
slice_10_img_186.npy,10,186,LE07_151034_20050822,72.26697,38.2057
slice_10_img_187.npy,10,187,LE07_151034_20050822,72.44019,38.20961
slice_10_img_188.npy,10,188,LE07_151034_20050822,72.61345,38.21326
slice_10_img_189.npy,10,189,LE07_151034_20050822,72.78674,38.21666
slice_10_img_190.npy,10,190,LE07_151034_20050822,72.96005,38.2198
slice_10_img_191.npy,10,191,LE07_151034_20050822,73.13339,38.22268
slice_10_img_192.npy,10,192,LE07_151034_20050822,73.30676,38.22531
slice_10_img_193.npy,10,193,LE07_151034_20050822,73.48014,38.22769
slice_10_img_194.npy,10,194,LE07_151034_20050822,73.65355,38.22981
slice_10_img_195.npy,10,195,LE07_151034_20050822,71.22135,38.31343
slice_10_img_196.npy,10,196,LE07_151034_20050822,71.39466,38.3189
slice_10_img_197.npy,10,197,LE07_151034_20050822,71.56801,38.3241
slice_10_img_198.npy,10,198,LE07_151034_20050822,71.74141,38.32906
slice_10_img_199.npy,10,199,LE07_151034_20050822,71.91485,38.33375
slice_10_img_200.npy,10,200,LE07_151034_20050822,72.08832,38.33819
slice_10_img_201.npy,10,201,LE07_151034_20050822,72.26184,38.34237
slice_10_img_202.npy,10,202,LE07_151034_20050822,72.43539,38.3463
slice_10_img_203.npy,10,203,LE07_151034_20050822,72.60897,38.34997
slice_10_img_204.npy,10,204,LE07_151034_20050822,72.78258,38.35338
slice_10_img_205.npy,10,205,LE07_151034_20050822,72.95622,38.35654
slice_10_img_206.npy,10,206,LE07_151034_20050822,73.12989,38.35944
slice_10_img_207.npy,10,207,LE07_151034_20050822,73.30358,38.36208
slice_10_img_208.npy,10,208,LE07_151034_20050822,73.47729,38.36447
slice_10_img_209.npy,10,209,LE07_151034_20050822,73.65102,38.3666
slice_11_img_000.npy,11,0,LE07_139041_20051208,87.22858,26.56309
slice_11_img_001.npy,11,1,LE07_139041_20051208,87.38102,26.56276
slice_11_img_002.npy,11,2,LE07_139041_20051208,87.53345,26.56228
slice_11_img_003.npy,11,3,LE07_139041_20051208,87.68587,26.56162
slice_11_img_004.npy,11,4,LE07_139041_20051208,87.83829,26.56081
slice_11_img_005.npy,11,5,LE07_139041_20051208,87.9907,26.55983
slice_11_img_006.npy,11,6,LE07_139041_20051208,88.14311,26.55869
slice_11_img_007.npy,11,7,LE07_139041_20051208,88.2955,26.55738
slice_11_img_008.npy,11,8,LE07_139041_20051208,88.44789,26.55592
slice_11_img_009.npy,11,9,LE07_139041_20051208,88.60026,26.55429
slice_11_img_010.npy,11,10,LE07_139041_20051208,88.75262,26.55249
slice_11_img_011.npy,11,11,LE07_139041_20051208,88.90496,26.55054
slice_11_img_012.npy,11,12,LE07_139041_20051208,89.05728,26.54842
slice_11_img_013.npy,11,13,LE07_139041_20051208,89.20959,26.54614
slice_11_img_014.npy,11,14,LE07_139041_20051208,89.36188,26.5437
slice_11_img_015.npy,11,15,LE07_139041_20051208,87.22886,26.70017
slice_11_img_016.npy,11,16,LE07_139041_20051208,87.38147,26.69984
slice_11_img_017.npy,11,17,LE07_139041_20051208,87.53408,26.69935
slice_11_img_018.npy,11,18,LE07_139041_20051208,87.68669,26.69869
slice_11_img_019.npy,11,19,LE07_139041_20051208,87.83929,26.69787
slice_11_img_020.npy,11,20,LE07_139041_20051208,87.99189,26.69689
slice_11_img_021.npy,11,21,LE07_139041_20051208,88.14447,26.69574
slice_11_img_022.npy,11,22,LE07_139041_20051208,88.29705,26.69443
slice_11_img_023.npy,11,23,LE07_139041_20051208,88.44962,26.69295
slice_11_img_024.npy,11,24,LE07_139041_20051208,88.60217,26.69131
slice_11_img_025.npy,11,25,LE07_139041_20051208,88.75471,26.68951
slice_11_img_026.npy,11,26,LE07_139041_20051208,88.90723,26.68754
slice_11_img_027.npy,11,27,LE07_139041_20051208,89.05974,26.68541
slice_11_img_028.npy,11,28,LE07_139041_20051208,89.21223,26.68312
slice_11_img_029.npy,11,29,LE07_139041_20051208,89.3647,26.68066
slice_11_img_030.npy,11,30,LE07_139041_20051208,87.22913,26.83725
slice_11_img_031.npy,11,31,LE07_139041_20051208,87.38193,26.83692
slice_11_img_032.npy,11,32,LE07_139041_20051208,87.53473,26.83642
slice_11_img_033.npy,11,33,LE07_139041_20051208,87.68752,26.83576
slice_11_img_034.npy,11,34,LE07_139041_20051208,87.8403,26.83494
slice_11_img_035.npy,11,35,LE07_139041_20051208,87.99308,26.83395
slice_11_img_036.npy,11,36,LE07_139041_20051208,88.14585,26.83279
slice_11_img_037.npy,11,37,LE07_139041_20051208,88.29861,26.83147
slice_11_img_038.npy,11,38,LE07_139041_20051208,88.45136,26.82999
slice_11_img_039.npy,11,39,LE07_139041_20051208,88.60409,26.82834
slice_11_img_040.npy,11,40,LE07_139041_20051208,88.75681,26.82652
slice_11_img_041.npy,11,41,LE07_139041_20051208,88.90952,26.82455
slice_11_img_042.npy,11,42,LE07_139041_20051208,89.06221,26.8224
slice_11_img_043.npy,11,43,LE07_139041_20051208,89.21488,26.82009
slice_11_img_044.npy,11,44,LE07_139041_20051208,89.36754,26.81762
slice_11_img_045.npy,11,45,LE07_139041_20051208,87.22941,26.97432
slice_11_img_046.npy,11,46,LE07_139041_20051208,87.38239,26.97399
slice_11_img_047.npy,11,47,LE07_139041_20051208,87.53537,26.97349
slice_11_img_048.npy,11,48,LE07_139041_20051208,87.68835,26.97283
slice_11_img_049.npy,11,49,LE07_139041_20051208,87.84132,26.972
slice_11_img_050.npy,11,50,LE07_139041_20051208,87.99428,26.971
slice_11_img_051.npy,11,51,LE07_139041_20051208,88.14723,26.96984
slice_11_img_052.npy,11,52,LE07_139041_20051208,88.30018,26.96851
slice_11_img_053.npy,11,53,LE07_139041_20051208,88.45311,26.96702
slice_11_img_054.npy,11,54,LE07_139041_20051208,88.60603,26.96536
slice_11_img_055.npy,11,55,LE07_139041_20051208,88.75893,26.96354
slice_11_img_056.npy,11,56,LE07_139041_20051208,88.91183,26.96154
slice_11_img_057.npy,11,57,LE07_139041_20051208,89.0647,26.95939
slice_11_img_058.npy,11,58,LE07_139041_20051208,89.21756,26.95707
slice_11_img_059.npy,11,59,LE07_139041_20051208,89.37039,26.95458
slice_11_img_060.npy,11,60,LE07_139041_20051208,87.22969,27.11139
slice_11_img_061.npy,11,61,LE07_139041_20051208,87.38286,27.11106
slice_11_img_062.npy,11,62,LE07_139041_20051208,87.53602,27.11056
slice_11_img_063.npy,11,63,LE07_139041_20051208,87.68918,27.10989
slice_11_img_064.npy,11,64,LE07_139041_20051208,87.84234,27.10906
slice_11_img_065.npy,11,65,LE07_139041_20051208,87.99549,27.10805
slice_11_img_066.npy,11,66,LE07_139041_20051208,88.14863,27.10689
slice_11_img_067.npy,11,67,LE07_139041_20051208,88.30176,27.10555
slice_11_img_068.npy,11,68,LE07_139041_20051208,88.45487,27.10405
slice_11_img_069.npy,11,69,LE07_139041_20051208,88.60798,27.10238
slice_11_img_070.npy,11,70,LE07_139041_20051208,88.76107,27.10054
slice_11_img_071.npy,11,71,LE07_139041_20051208,88.91415,27.09854
slice_11_img_072.npy,11,72,LE07_139041_20051208,89.06721,27.09637
slice_11_img_073.npy,11,73,LE07_139041_20051208,89.22025,27.09404
slice_11_img_074.npy,11,74,LE07_139041_20051208,89.37327,27.09154
slice_11_img_075.npy,11,75,LE07_139041_20051208,87.22997,27.24846
slice_11_img_076.npy,11,76,LE07_139041_20051208,87.38332,27.24813
slice_11_img_077.npy,11,77,LE07_139041_20051208,87.53668,27.24762
slice_11_img_078.npy,11,78,LE07_139041_20051208,87.69003,27.24695
slice_11_img_079.npy,11,79,LE07_139041_20051208,87.84337,27.24611
slice_11_img_080.npy,11,80,LE07_139041_20051208,87.9967,27.2451
slice_11_img_081.npy,11,81,LE07_139041_20051208,88.15003,27.24393
slice_11_img_082.npy,11,82,LE07_139041_20051208,88.30335,27.24258
slice_11_img_083.npy,11,83,LE07_139041_20051208,88.45665,27.24107
slice_11_img_084.npy,11,84,LE07_139041_20051208,88.60994,27.2394
slice_11_img_085.npy,11,85,LE07_139041_20051208,88.76322,27.23755
slice_11_img_086.npy,11,86,LE07_139041_20051208,88.91649,27.23553
slice_11_img_087.npy,11,87,LE07_139041_20051208,89.06973,27.23335
slice_11_img_088.npy,11,88,LE07_139041_20051208,89.22296,27.231
slice_11_img_089.npy,11,89,LE07_139041_20051208,89.37617,27.22849
slice_11_img_090.npy,11,90,LE07_139041_20051208,87.23025,27.38553
slice_11_img_091.npy,11,91,LE07_139041_20051208,87.3838,27.38519
slice_11_img_092.npy,11,92,LE07_139041_20051208,87.53734,27.38468
slice_11_img_093.npy,11,93,LE07_139041_20051208,87.69087,27.38401
slice_11_img_094.npy,11,94,LE07_139041_20051208,87.84441,27.38316
slice_11_img_095.npy,11,95,LE07_139041_20051208,87.99793,27.38215
slice_11_img_096.npy,11,96,LE07_139041_20051208,88.15144,27.38097
slice_11_img_097.npy,11,97,LE07_139041_20051208,88.30495,27.37962
slice_11_img_098.npy,11,98,LE07_139041_20051208,88.45844,27.3781
slice_11_img_099.npy,11,99,LE07_139041_20051208,88.61192,27.37641
slice_11_img_100.npy,11,100,LE07_139041_20051208,88.76539,27.37455
slice_11_img_101.npy,11,101,LE07_139041_20051208,88.91884,27.37253
slice_11_img_102.npy,11,102,LE07_139041_20051208,89.07228,27.37033
slice_11_img_103.npy,11,103,LE07_139041_20051208,89.22569,27.36797
slice_11_img_104.npy,11,104,LE07_139041_20051208,89.37909,27.36544
slice_11_img_105.npy,11,105,LE07_139041_20051208,87.23054,27.52259
slice_11_img_106.npy,11,106,LE07_139041_20051208,87.38427,27.52225
slice_11_img_107.npy,11,107,LE07_139041_20051208,87.538,27.52174
slice_11_img_108.npy,11,108,LE07_139041_20051208,87.69173,27.52106
slice_11_img_109.npy,11,109,LE07_139041_20051208,87.84545,27.52021
slice_11_img_110.npy,11,110,LE07_139041_20051208,87.99916,27.51919
slice_11_img_111.npy,11,111,LE07_139041_20051208,88.15287,27.518
slice_11_img_112.npy,11,112,LE07_139041_20051208,88.30656,27.51665
slice_11_img_113.npy,11,113,LE07_139041_20051208,88.46025,27.51512
slice_11_img_114.npy,11,114,LE07_139041_20051208,88.61392,27.51342
slice_11_img_115.npy,11,115,LE07_139041_20051208,88.76757,27.51155
slice_11_img_116.npy,11,116,LE07_139041_20051208,88.92121,27.50951
slice_11_img_117.npy,11,117,LE07_139041_20051208,89.07484,27.50731
slice_11_img_118.npy,11,118,LE07_139041_20051208,89.22844,27.50493
slice_11_img_119.npy,11,119,LE07_139041_20051208,89.38203,27.50238
slice_11_img_120.npy,11,120,LE07_139041_20051208,87.23082,27.65965
slice_11_img_121.npy,11,121,LE07_139041_20051208,87.38475,27.65931
slice_11_img_122.npy,11,122,LE07_139041_20051208,87.53867,27.6588
slice_11_img_123.npy,11,123,LE07_139041_20051208,87.69259,27.65812
slice_11_img_124.npy,11,124,LE07_139041_20051208,87.8465,27.65726
slice_11_img_125.npy,11,125,LE07_139041_20051208,88.00041,27.65624
slice_11_img_126.npy,11,126,LE07_139041_20051208,88.1543,27.65504
slice_11_img_127.npy,11,127,LE07_139041_20051208,88.30819,27.65367
slice_11_img_128.npy,11,128,LE07_139041_20051208,88.46206,27.65213
slice_11_img_129.npy,11,129,LE07_139041_20051208,88.61592,27.65043
slice_11_img_130.npy,11,130,LE07_139041_20051208,88.76977,27.64855
slice_11_img_131.npy,11,131,LE07_139041_20051208,88.9236,27.6465
slice_11_img_132.npy,11,132,LE07_139041_20051208,89.07742,27.64428
slice_11_img_133.npy,11,133,LE07_139041_20051208,89.23121,27.64189
slice_11_img_134.npy,11,134,LE07_139041_20051208,89.38499,27.63933
slice_11_img_135.npy,11,135,LE07_139041_20051208,87.23111,27.79671
slice_11_img_136.npy,11,136,LE07_139041_20051208,87.38523,27.79637
slice_11_img_137.npy,11,137,LE07_139041_20051208,87.53935,27.79585
slice_11_img_138.npy,11,138,LE07_139041_20051208,87.69346,27.79516
slice_11_img_139.npy,11,139,LE07_139041_20051208,87.84756,27.7943
slice_11_img_140.npy,11,140,LE07_139041_20051208,88.00166,27.79327
slice_11_img_141.npy,11,141,LE07_139041_20051208,88.15575,27.79207
slice_11_img_142.npy,11,142,LE07_139041_20051208,88.30982,27.7907
slice_11_img_143.npy,11,143,LE07_139041_20051208,88.46389,27.78915
slice_11_img_144.npy,11,144,LE07_139041_20051208,88.61795,27.78743
slice_11_img_145.npy,11,145,LE07_139041_20051208,88.77198,27.78554
slice_11_img_146.npy,11,146,LE07_139041_20051208,88.92601,27.78348
slice_11_img_147.npy,11,147,LE07_139041_20051208,89.08001,27.78125
slice_11_img_148.npy,11,148,LE07_139041_20051208,89.234,27.77884
slice_11_img_149.npy,11,149,LE07_139041_20051208,89.38797,27.77627
slice_11_img_150.npy,11,150,LE07_139041_20051208,87.2314,27.93377
slice_11_img_151.npy,11,151,LE07_139041_20051208,87.38572,27.93342
slice_11_img_152.npy,11,152,LE07_139041_20051208,87.54002,27.9329
slice_11_img_153.npy,11,153,LE07_139041_20051208,87.69433,27.93221
slice_11_img_154.npy,11,154,LE07_139041_20051208,87.84863,27.93135
slice_11_img_155.npy,11,155,LE07_139041_20051208,88.00292,27.93031
slice_11_img_156.npy,11,156,LE07_139041_20051208,88.1572,27.9291
slice_11_img_157.npy,11,157,LE07_139041_20051208,88.31147,27.92772
slice_11_img_158.npy,11,158,LE07_139041_20051208,88.46573,27.92616
slice_11_img_159.npy,11,159,LE07_139041_20051208,88.61998,27.92443
slice_11_img_160.npy,11,160,LE07_139041_20051208,88.77421,27.92253
slice_11_img_161.npy,11,161,LE07_139041_20051208,88.92843,27.92046
slice_11_img_162.npy,11,162,LE07_139041_20051208,89.08263,27.91821
slice_11_img_163.npy,11,163,LE07_139041_20051208,89.23681,27.91579
slice_11_img_164.npy,11,164,LE07_139041_20051208,89.39097,27.9132
slice_11_img_165.npy,11,165,LE07_139041_20051208,87.2317,28.07082
slice_11_img_166.npy,11,166,LE07_139041_20051208,87.3862,28.07047
slice_11_img_167.npy,11,167,LE07_139041_20051208,87.54071,28.06995
slice_11_img_168.npy,11,168,LE07_139041_20051208,87.69521,28.06925
slice_11_img_169.npy,11,169,LE07_139041_20051208,87.8497,28.06839
slice_11_img_170.npy,11,170,LE07_139041_20051208,88.00419,28.06734
slice_11_img_171.npy,11,171,LE07_139041_20051208,88.15867,28.06613
slice_11_img_172.npy,11,172,LE07_139041_20051208,88.31313,28.06473
slice_11_img_173.npy,11,173,LE07_139041_20051208,88.46759,28.06317
slice_11_img_174.npy,11,174,LE07_139041_20051208,88.62203,28.06143
slice_11_img_175.npy,11,175,LE07_139041_20051208,88.77646,28.05952
slice_11_img_176.npy,11,176,LE07_139041_20051208,88.93087,28.05743
slice_11_img_177.npy,11,177,LE07_139041_20051208,89.08527,28.05518
slice_11_img_178.npy,11,178,LE07_139041_20051208,89.23964,28.05274
slice_11_img_179.npy,11,179,LE07_139041_20051208,89.394,28.05014
slice_11_img_180.npy,11,180,LE07_139041_20051208,87.23199,28.20787
slice_11_img_181.npy,11,181,LE07_139041_20051208,87.3867,28.20752
slice_11_img_182.npy,11,182,LE07_139041_20051208,87.5414,28.207
slice_11_img_183.npy,11,183,LE07_139041_20051208,87.69609,28.2063
slice_11_img_184.npy,11,184,LE07_139041_20051208,87.85078,28.20542
slice_11_img_185.npy,11,185,LE07_139041_20051208,88.00547,28.20437
slice_11_img_186.npy,11,186,LE07_139041_20051208,88.16014,28.20315
slice_11_img_187.npy,11,187,LE07_139041_20051208,88.3148,28.20175
slice_11_img_188.npy,11,188,LE07_139041_20051208,88.46946,28.20018
slice_11_img_189.npy,11,189,LE07_139041_20051208,88.6241,28.19843
slice_11_img_190.npy,11,190,LE07_139041_20051208,88.77872,28.19651
slice_11_img_191.npy,11,191,LE07_139041_20051208,88.93333,28.19441
slice_11_img_192.npy,11,192,LE07_139041_20051208,89.08792,28.19214
slice_11_img_193.npy,11,193,LE07_139041_20051208,89.24249,28.18969
slice_11_img_194.npy,11,194,LE07_139041_20051208,89.39704,28.18707
slice_12_img_000.npy,12,0,LE07_148035_20061108,75.54391,35.17626
slice_12_img_001.npy,12,1,LE07_148035_20061108,75.71063,35.17539
slice_12_img_002.npy,12,2,LE07_148035_20061108,75.87734,35.1743
slice_12_img_003.npy,12,3,LE07_148035_20061108,76.04405,35.17298
slice_12_img_004.npy,12,4,LE07_148035_20061108,76.21074,35.17143
slice_12_img_005.npy,12,5,LE07_148035_20061108,76.37742,35.16965
slice_12_img_006.npy,12,6,LE07_148035_20061108,76.54408,35.16764
slice_12_img_007.npy,12,7,LE07_148035_20061108,76.71073,35.1654
slice_12_img_008.npy,12,8,LE07_148035_20061108,76.87735,35.16293
slice_12_img_009.npy,12,9,LE07_148035_20061108,77.04396,35.16023
slice_12_img_010.npy,12,10,LE07_148035_20061108,77.21054,35.1573
slice_12_img_011.npy,12,11,LE07_148035_20061108,77.3771,35.15415
slice_12_img_012.npy,12,12,LE07_148035_20061108,77.54363,35.15077
slice_12_img_013.npy,12,13,LE07_148035_20061108,77.71013,35.14715
slice_12_img_014.npy,12,14,LE07_148035_20061108,77.8766,35.14331
slice_12_img_015.npy,12,15,LE07_148035_20061108,75.54482,35.31315
slice_12_img_016.npy,12,16,LE07_148035_20061108,75.71182,35.31228
slice_12_img_017.npy,12,17,LE07_148035_20061108,75.87882,35.31118
slice_12_img_018.npy,12,18,LE07_148035_20061108,76.0458,35.30985
slice_12_img_019.npy,12,19,LE07_148035_20061108,76.21278,35.30829
slice_12_img_020.npy,12,20,LE07_148035_20061108,76.37973,35.3065
slice_12_img_021.npy,12,21,LE07_148035_20061108,76.54668,35.30448
slice_12_img_022.npy,12,22,LE07_148035_20061108,76.7136,35.30223
slice_12_img_023.npy,12,23,LE07_148035_20061108,76.88051,35.29975
slice_12_img_024.npy,12,24,LE07_148035_20061108,77.04739,35.29704
slice_12_img_025.npy,12,25,LE07_148035_20061108,77.21425,35.2941
slice_12_img_026.npy,12,26,LE07_148035_20061108,77.38109,35.29093
slice_12_img_027.npy,12,27,LE07_148035_20061108,77.5479,35.28753
slice_12_img_028.npy,12,28,LE07_148035_20061108,77.71468,35.2839
slice_12_img_029.npy,12,29,LE07_148035_20061108,77.88143,35.28004
slice_12_img_030.npy,12,30,LE07_148035_20061108,75.54574,35.45004
slice_12_img_031.npy,12,31,LE07_148035_20061108,75.71303,35.44917
slice_12_img_032.npy,12,32,LE07_148035_20061108,75.8803,35.44806
slice_12_img_033.npy,12,33,LE07_148035_20061108,76.04757,35.44673
slice_12_img_034.npy,12,34,LE07_148035_20061108,76.21482,35.44516
slice_12_img_035.npy,12,35,LE07_148035_20061108,76.38207,35.44336
slice_12_img_036.npy,12,36,LE07_148035_20061108,76.54929,35.44133
slice_12_img_037.npy,12,37,LE07_148035_20061108,76.7165,35.43907
slice_12_img_038.npy,12,38,LE07_148035_20061108,76.88369,35.43658
slice_12_img_039.npy,12,39,LE07_148035_20061108,77.05085,35.43385
slice_12_img_040.npy,12,40,LE07_148035_20061108,77.21799,35.43089
slice_12_img_041.npy,12,41,LE07_148035_20061108,77.38511,35.42771
slice_12_img_042.npy,12,42,LE07_148035_20061108,77.5522,35.42429
slice_12_img_043.npy,12,43,LE07_148035_20061108,77.71926,35.42064
slice_12_img_044.npy,12,44,LE07_148035_20061108,77.88629,35.41676
slice_12_img_045.npy,12,45,LE07_148035_20061108,75.54667,35.58692
slice_12_img_046.npy,12,46,LE07_148035_20061108,75.71424,35.58605
slice_12_img_047.npy,12,47,LE07_148035_20061108,75.8818,35.58494
slice_12_img_048.npy,12,48,LE07_148035_20061108,76.04935,35.5836
slice_12_img_049.npy,12,49,LE07_148035_20061108,76.21689,35.58202
slice_12_img_050.npy,12,50,LE07_148035_20061108,76.38441,35.58021
slice_12_img_051.npy,12,51,LE07_148035_20061108,76.55192,35.57817
slice_12_img_052.npy,12,52,LE07_148035_20061108,76.71941,35.5759
slice_12_img_053.npy,12,53,LE07_148035_20061108,76.88688,35.57339
slice_12_img_054.npy,12,54,LE07_148035_20061108,77.05433,35.57066
slice_12_img_055.npy,12,55,LE07_148035_20061108,77.22176,35.56768
slice_12_img_056.npy,12,56,LE07_148035_20061108,77.38916,35.56448
slice_12_img_057.npy,12,57,LE07_148035_20061108,77.55653,35.56105
slice_12_img_058.npy,12,58,LE07_148035_20061108,77.72388,35.55738
slice_12_img_059.npy,12,59,LE07_148035_20061108,77.89119,35.55348
slice_12_img_060.npy,12,60,LE07_148035_20061108,75.5476,35.72381
slice_12_img_061.npy,12,61,LE07_148035_20061108,75.71546,35.72293
slice_12_img_062.npy,12,62,LE07_148035_20061108,75.88331,35.72181
slice_12_img_063.npy,12,63,LE07_148035_20061108,76.05114,35.72046
slice_12_img_064.npy,12,64,LE07_148035_20061108,76.21897,35.71888
slice_12_img_065.npy,12,65,LE07_148035_20061108,76.38678,35.71706
slice_12_img_066.npy,12,66,LE07_148035_20061108,76.55457,35.71501
slice_12_img_067.npy,12,67,LE07_148035_20061108,76.72235,35.71273
slice_12_img_068.npy,12,68,LE07_148035_20061108,76.8901,35.71021
slice_12_img_069.npy,12,69,LE07_148035_20061108,77.05784,35.70746
slice_12_img_070.npy,12,70,LE07_148035_20061108,77.22555,35.70447
slice_12_img_071.npy,12,71,LE07_148035_20061108,77.39324,35.70125
slice_12_img_072.npy,12,72,LE07_148035_20061108,77.56089,35.6978
slice_12_img_073.npy,12,73,LE07_148035_20061108,77.72852,35.69411
slice_12_img_074.npy,12,74,LE07_148035_20061108,77.89612,35.6902
slice_12_img_075.npy,12,75,LE07_148035_20061108,75.54854,35.86069
slice_12_img_076.npy,12,76,LE07_148035_20061108,75.71669,35.8598
slice_12_img_077.npy,12,77,LE07_148035_20061108,75.88482,35.85868
slice_12_img_078.npy,12,78,LE07_148035_20061108,76.05295,35.85733
slice_12_img_079.npy,12,79,LE07_148035_20061108,76.22106,35.85573
slice_12_img_080.npy,12,80,LE07_148035_20061108,76.38916,35.85391
slice_12_img_081.npy,12,81,LE07_148035_20061108,76.55724,35.85185
slice_12_img_082.npy,12,82,LE07_148035_20061108,76.7253,35.84955
slice_12_img_083.npy,12,83,LE07_148035_20061108,76.89335,35.84702
slice_12_img_084.npy,12,84,LE07_148035_20061108,77.06137,35.84425
slice_12_img_085.npy,12,85,LE07_148035_20061108,77.22937,35.84125
slice_12_img_086.npy,12,86,LE07_148035_20061108,77.39734,35.83802
slice_12_img_087.npy,12,87,LE07_148035_20061108,77.56528,35.83455
slice_12_img_088.npy,12,88,LE07_148035_20061108,77.7332,35.83085
slice_12_img_089.npy,12,89,LE07_148035_20061108,77.90108,35.82691
slice_12_img_090.npy,12,90,LE07_148035_20061108,75.54949,35.99756
slice_12_img_091.npy,12,91,LE07_148035_20061108,75.71792,35.99667
slice_12_img_092.npy,12,92,LE07_148035_20061108,75.88635,35.99555
slice_12_img_093.npy,12,93,LE07_148035_20061108,76.05476,35.99419
slice_12_img_094.npy,12,94,LE07_148035_20061108,76.22316,35.99259
slice_12_img_095.npy,12,95,LE07_148035_20061108,76.39155,35.99075
slice_12_img_096.npy,12,96,LE07_148035_20061108,76.55992,35.98868
slice_12_img_097.npy,12,97,LE07_148035_20061108,76.72828,35.98637
slice_12_img_098.npy,12,98,LE07_148035_20061108,76.89661,35.98383
slice_12_img_099.npy,12,99,LE07_148035_20061108,77.06492,35.98105
slice_12_img_100.npy,12,100,LE07_148035_20061108,77.23321,35.97803
slice_12_img_101.npy,12,101,LE07_148035_20061108,77.40147,35.97478
slice_12_img_102.npy,12,102,LE07_148035_20061108,77.5697,35.97129
slice_12_img_103.npy,12,103,LE07_148035_20061108,77.73791,35.96757
slice_12_img_104.npy,12,104,LE07_148035_20061108,77.90608,35.96361
slice_12_img_105.npy,12,105,LE07_148035_20061108,75.55044,36.13444
slice_12_img_106.npy,12,106,LE07_148035_20061108,75.71917,36.13354
slice_12_img_107.npy,12,107,LE07_148035_20061108,75.88788,36.13241
slice_12_img_108.npy,12,108,LE07_148035_20061108,76.05659,36.13104
slice_12_img_109.npy,12,109,LE07_148035_20061108,76.22528,36.12944
slice_12_img_110.npy,12,110,LE07_148035_20061108,76.39396,36.12759
slice_12_img_111.npy,12,111,LE07_148035_20061108,76.56263,36.12551
slice_12_img_112.npy,12,112,LE07_148035_20061108,76.73127,36.12319
slice_12_img_113.npy,12,113,LE07_148035_20061108,76.8999,36.12063
slice_12_img_114.npy,12,114,LE07_148035_20061108,77.0685,36.11784
slice_12_img_115.npy,12,115,LE07_148035_20061108,77.23708,36.11481
slice_12_img_116.npy,12,116,LE07_148035_20061108,77.40563,36.11154
slice_12_img_117.npy,12,117,LE07_148035_20061108,77.57415,36.10804
slice_12_img_118.npy,12,118,LE07_148035_20061108,77.74265,36.1043
slice_12_img_119.npy,12,119,LE07_148035_20061108,77.91111,36.10032
slice_12_img_120.npy,12,120,LE07_148035_20061108,75.5514,36.27131
slice_12_img_121.npy,12,121,LE07_148035_20061108,75.72042,36.27041
slice_12_img_122.npy,12,122,LE07_148035_20061108,75.88943,36.26927
slice_12_img_123.npy,12,123,LE07_148035_20061108,76.05843,36.2679
slice_12_img_124.npy,12,124,LE07_148035_20061108,76.22742,36.26628
slice_12_img_125.npy,12,125,LE07_148035_20061108,76.39639,36.26443
slice_12_img_126.npy,12,126,LE07_148035_20061108,76.56535,36.26234
slice_12_img_127.npy,12,127,LE07_148035_20061108,76.73429,36.26
slice_12_img_128.npy,12,128,LE07_148035_20061108,76.9032,36.25744
slice_12_img_129.npy,12,129,LE07_148035_20061108,77.0721,36.25463
slice_12_img_130.npy,12,130,LE07_148035_20061108,77.24097,36.25158
slice_12_img_131.npy,12,131,LE07_148035_20061108,77.40982,36.2483
slice_12_img_132.npy,12,132,LE07_148035_20061108,77.57863,36.24478
slice_12_img_133.npy,12,133,LE07_148035_20061108,77.74742,36.24102
slice_12_img_134.npy,12,134,LE07_148035_20061108,77.91617,36.23702
slice_12_img_135.npy,12,135,LE07_148035_20061108,75.55237,36.40818
slice_12_img_136.npy,12,136,LE07_148035_20061108,75.72168,36.40727
slice_12_img_137.npy,12,137,LE07_148035_20061108,75.89099,36.40613
slice_12_img_138.npy,12,138,LE07_148035_20061108,76.06028,36.40475
slice_12_img_139.npy,12,139,LE07_148035_20061108,76.22957,36.40312
slice_12_img_140.npy,12,140,LE07_148035_20061108,76.39884,36.40126
slice_12_img_141.npy,12,141,LE07_148035_20061108,76.56809,36.39916
slice_12_img_142.npy,12,142,LE07_148035_20061108,76.73732,36.39682
slice_12_img_143.npy,12,143,LE07_148035_20061108,76.90654,36.39423
slice_12_img_144.npy,12,144,LE07_148035_20061108,77.07573,36.39141
slice_12_img_145.npy,12,145,LE07_148035_20061108,77.24489,36.38835
slice_12_img_146.npy,12,146,LE07_148035_20061108,77.41403,36.38505
slice_12_img_147.npy,12,147,LE07_148035_20061108,77.58314,36.38151
slice_12_img_148.npy,12,148,LE07_148035_20061108,77.75222,36.37773
slice_12_img_149.npy,12,149,LE07_148035_20061108,77.92127,36.37372
slice_12_img_150.npy,12,150,LE07_148035_20061108,75.55334,36.54504
slice_12_img_151.npy,12,151,LE07_148035_20061108,75.72295,36.54413
slice_12_img_152.npy,12,152,LE07_148035_20061108,75.89256,36.54298
slice_12_img_153.npy,12,153,LE07_148035_20061108,76.06215,36.54159
slice_12_img_154.npy,12,154,LE07_148035_20061108,76.23173,36.53996
slice_12_img_155.npy,12,155,LE07_148035_20061108,76.4013,36.53809
slice_12_img_156.npy,12,156,LE07_148035_20061108,76.57085,36.53598
slice_12_img_157.npy,12,157,LE07_148035_20061108,76.74038,36.53362
slice_12_img_158.npy,12,158,LE07_148035_20061108,76.90989,36.53103
slice_12_img_159.npy,12,159,LE07_148035_20061108,77.07938,36.52819
slice_12_img_160.npy,12,160,LE07_148035_20061108,77.24884,36.52512
slice_12_img_161.npy,12,161,LE07_148035_20061108,77.41828,36.5218
slice_12_img_162.npy,12,162,LE07_148035_20061108,77.58768,36.51824
slice_12_img_163.npy,12,163,LE07_148035_20061108,77.75706,36.51445
slice_12_img_164.npy,12,164,LE07_148035_20061108,77.9264,36.51041
slice_12_img_165.npy,12,165,LE07_148035_20061108,75.55432,36.6819
slice_12_img_166.npy,12,166,LE07_148035_20061108,75.72423,36.68099
slice_12_img_167.npy,12,167,LE07_148035_20061108,75.89414,36.67983
slice_12_img_168.npy,12,168,LE07_148035_20061108,76.06403,36.67844
slice_12_img_169.npy,12,169,LE07_148035_20061108,76.23391,36.6768
slice_12_img_170.npy,12,170,LE07_148035_20061108,76.40378,36.67492
slice_12_img_171.npy,12,171,LE07_148035_20061108,76.57362,36.67279
slice_12_img_172.npy,12,172,LE07_148035_20061108,76.74346,36.67043
slice_12_img_173.npy,12,173,LE07_148035_20061108,76.91326,36.66782
slice_12_img_174.npy,12,174,LE07_148035_20061108,77.08305,36.66497
slice_12_img_175.npy,12,175,LE07_148035_20061108,77.25281,36.66188
slice_12_img_176.npy,12,176,LE07_148035_20061108,77.42255,36.65854
slice_12_img_177.npy,12,177,LE07_148035_20061108,77.59225,36.65497
slice_12_img_178.npy,12,178,LE07_148035_20061108,77.76193,36.65115
slice_12_img_179.npy,12,179,LE07_148035_20061108,77.93157,36.6471
slice_12_img_180.npy,12,180,LE07_148035_20061108,75.5553,36.81876
slice_12_img_181.npy,12,181,LE07_148035_20061108,75.72552,36.81784
slice_12_img_182.npy,12,182,LE07_148035_20061108,75.89572,36.81668
slice_12_img_183.npy,12,183,LE07_148035_20061108,76.06592,36.81528
slice_12_img_184.npy,12,184,LE07_148035_20061108,76.2361,36.81363
slice_12_img_185.npy,12,185,LE07_148035_20061108,76.40627,36.81174
slice_12_img_186.npy,12,186,LE07_148035_20061108,76.57642,36.80961
slice_12_img_187.npy,12,187,LE07_148035_20061108,76.74655,36.80723
slice_12_img_188.npy,12,188,LE07_148035_20061108,76.91666,36.80461
slice_12_img_189.npy,12,189,LE07_148035_20061108,77.08675,36.80174
slice_12_img_190.npy,12,190,LE07_148035_20061108,77.25681,36.79864
slice_12_img_191.npy,12,191,LE07_148035_20061108,77.42685,36.79529
slice_12_img_192.npy,12,192,LE07_148035_20061108,77.59686,36.79169
slice_12_img_193.npy,12,193,LE07_148035_20061108,77.76683,36.78786
slice_12_img_194.npy,12,194,LE07_148035_20061108,77.93677,36.78378
slice_13_img_000.npy,13,0,LE07_137041_20060127,90.32662,26.52493
slice_13_img_001.npy,13,1,LE07_137041_20060127,90.47885,26.5277
slice_13_img_002.npy,13,2,LE07_137041_20060127,90.6311,26.53031
slice_13_img_003.npy,13,3,LE07_137041_20060127,90.78337,26.53276
slice_13_img_004.npy,13,4,LE07_137041_20060127,90.93566,26.53505
slice_13_img_005.npy,13,5,LE07_137041_20060127,91.08797,26.53718
slice_13_img_006.npy,13,6,LE07_137041_20060127,91.24029,26.53914
slice_13_img_007.npy,13,7,LE07_137041_20060127,91.39263,26.54094
slice_13_img_008.npy,13,8,LE07_137041_20060127,91.54498,26.54257
slice_13_img_009.npy,13,9,LE07_137041_20060127,91.69735,26.54405
slice_13_img_010.npy,13,10,LE07_137041_20060127,91.84973,26.54536
slice_13_img_011.npy,13,11,LE07_137041_20060127,92.00211,26.54651
slice_13_img_012.npy,13,12,LE07_137041_20060127,92.15451,26.54749
slice_13_img_013.npy,13,13,LE07_137041_20060127,92.30691,26.54832
slice_13_img_014.npy,13,14,LE07_137041_20060127,92.45932,26.54898
slice_13_img_015.npy,13,15,LE07_137041_20060127,90.32343,26.66186
slice_13_img_016.npy,13,16,LE07_137041_20060127,90.47584,26.66465
slice_13_img_017.npy,13,17,LE07_137041_20060127,90.62828,26.66728
slice_13_img_018.npy,13,18,LE07_137041_20060127,90.78073,26.66974
slice_13_img_019.npy,13,19,LE07_137041_20060127,90.9332,26.67204
slice_13_img_020.npy,13,20,LE07_137041_20060127,91.08569,26.67418
slice_13_img_021.npy,13,21,LE07_137041_20060127,91.23819,26.67615
slice_13_img_022.npy,13,22,LE07_137041_20060127,91.39072,26.67796
slice_13_img_023.npy,13,23,LE07_137041_20060127,91.54325,26.67961
slice_13_img_024.npy,13,24,LE07_137041_20060127,91.6958,26.68109
slice_13_img_025.npy,13,25,LE07_137041_20060127,91.84835,26.68241
slice_13_img_026.npy,13,26,LE07_137041_20060127,92.00092,26.68357
slice_13_img_027.npy,13,27,LE07_137041_20060127,92.1535,26.68456
slice_13_img_028.npy,13,28,LE07_137041_20060127,92.30608,26.68539
slice_13_img_029.npy,13,29,LE07_137041_20060127,92.45867,26.68605
slice_13_img_030.npy,13,30,LE07_137041_20060127,90.32023,26.79879
slice_13_img_031.npy,13,31,LE07_137041_20060127,90.47282,26.80159
slice_13_img_032.npy,13,32,LE07_137041_20060127,90.62543,26.80424
slice_13_img_033.npy,13,33,LE07_137041_20060127,90.77807,26.80672
slice_13_img_034.npy,13,34,LE07_137041_20060127,90.93072,26.80903
slice_13_img_035.npy,13,35,LE07_137041_20060127,91.08339,26.81118
slice_13_img_036.npy,13,36,LE07_137041_20060127,91.23608,26.81317
slice_13_img_037.npy,13,37,LE07_137041_20060127,91.38878,26.81499
slice_13_img_038.npy,13,38,LE07_137041_20060127,91.5415,26.81664
slice_13_img_039.npy,13,39,LE07_137041_20060127,91.69423,26.81814
slice_13_img_040.npy,13,40,LE07_137041_20060127,91.84697,26.81946
slice_13_img_041.npy,13,41,LE07_137041_20060127,91.99972,26.82062
slice_13_img_042.npy,13,42,LE07_137041_20060127,92.15248,26.82162
slice_13_img_043.npy,13,43,LE07_137041_20060127,92.30525,26.82245
slice_13_img_044.npy,13,44,LE07_137041_20060127,92.45802,26.82312
slice_13_img_045.npy,13,45,LE07_137041_20060127,90.31699,26.93571
slice_13_img_046.npy,13,46,LE07_137041_20060127,90.46977,26.93854
slice_13_img_047.npy,13,47,LE07_137041_20060127,90.62257,26.94119
slice_13_img_048.npy,13,48,LE07_137041_20060127,90.77539,26.94369
slice_13_img_049.npy,13,49,LE07_137041_20060127,90.92822,26.94602
slice_13_img_050.npy,13,50,LE07_137041_20060127,91.08108,26.94818
slice_13_img_051.npy,13,51,LE07_137041_20060127,91.23395,26.95018
slice_13_img_052.npy,13,52,LE07_137041_20060127,91.38684,26.95201
slice_13_img_053.npy,13,53,LE07_137041_20060127,91.53974,26.95367
slice_13_img_054.npy,13,54,LE07_137041_20060127,91.69265,26.95518
slice_13_img_055.npy,13,55,LE07_137041_20060127,91.84558,26.95651
slice_13_img_056.npy,13,56,LE07_137041_20060127,91.99851,26.95768
slice_13_img_057.npy,13,57,LE07_137041_20060127,92.15146,26.95868
slice_13_img_058.npy,13,58,LE07_137041_20060127,92.30441,26.95952
slice_13_img_059.npy,13,59,LE07_137041_20060127,92.45737,26.96019
slice_13_img_060.npy,13,60,LE07_137041_20060127,90.31374,27.07263
slice_13_img_061.npy,13,61,LE07_137041_20060127,90.4667,27.07547
slice_13_img_062.npy,13,62,LE07_137041_20060127,90.61968,27.07815
slice_13_img_063.npy,13,63,LE07_137041_20060127,90.77269,27.08066
slice_13_img_064.npy,13,64,LE07_137041_20060127,90.92571,27.083
slice_13_img_065.npy,13,65,LE07_137041_20060127,91.07875,27.08518
slice_13_img_066.npy,13,66,LE07_137041_20060127,91.23181,27.08718
slice_13_img_067.npy,13,67,LE07_137041_20060127,91.38488,27.08903
slice_13_img_068.npy,13,68,LE07_137041_20060127,91.53797,27.0907
slice_13_img_069.npy,13,69,LE07_137041_20060127,91.69107,27.09221
slice_13_img_070.npy,13,70,LE07_137041_20060127,91.84418,27.09355
slice_13_img_071.npy,13,71,LE07_137041_20060127,91.9973,27.09473
slice_13_img_072.npy,13,72,LE07_137041_20060127,92.15043,27.09574
slice_13_img_073.npy,13,73,LE07_137041_20060127,92.30356,27.09658
slice_13_img_074.npy,13,74,LE07_137041_20060127,92.45671,27.09726
slice_13_img_075.npy,13,75,LE07_137041_20060127,90.31046,27.20955
slice_13_img_076.npy,13,76,LE07_137041_20060127,90.46361,27.21241
slice_13_img_077.npy,13,77,LE07_137041_20060127,90.61678,27.2151
slice_13_img_078.npy,13,78,LE07_137041_20060127,90.76997,27.21762
slice_13_img_079.npy,13,79,LE07_137041_20060127,90.92318,27.21998
slice_13_img_080.npy,13,80,LE07_137041_20060127,91.0764,27.22217
slice_13_img_081.npy,13,81,LE07_137041_20060127,91.22965,27.22419
slice_13_img_082.npy,13,82,LE07_137041_20060127,91.38291,27.22604
slice_13_img_083.npy,13,83,LE07_137041_20060127,91.53618,27.22773
slice_13_img_084.npy,13,84,LE07_137041_20060127,91.68947,27.22925
slice_13_img_085.npy,13,85,LE07_137041_20060127,91.84277,27.2306
slice_13_img_086.npy,13,86,LE07_137041_20060127,91.99607,27.23178
slice_13_img_087.npy,13,87,LE07_137041_20060127,92.14939,27.23279
slice_13_img_088.npy,13,88,LE07_137041_20060127,92.30271,27.23364
slice_13_img_089.npy,13,89,LE07_137041_20060127,92.45604,27.23432
slice_13_img_090.npy,13,90,LE07_137041_20060127,90.30716,27.34647
slice_13_img_091.npy,13,91,LE07_137041_20060127,90.4605,27.34934
slice_13_img_092.npy,13,92,LE07_137041_20060127,90.61385,27.35205
slice_13_img_093.npy,13,93,LE07_137041_20060127,90.76723,27.35459
slice_13_img_094.npy,13,94,LE07_137041_20060127,90.92063,27.35696
slice_13_img_095.npy,13,95,LE07_137041_20060127,91.07404,27.35916
slice_13_img_096.npy,13,96,LE07_137041_20060127,91.22747,27.36119
slice_13_img_097.npy,13,97,LE07_137041_20060127,91.38092,27.36305
slice_13_img_098.npy,13,98,LE07_137041_20060127,91.53438,27.36475
slice_13_img_099.npy,13,99,LE07_137041_20060127,91.68786,27.36628
slice_13_img_100.npy,13,100,LE07_137041_20060127,91.84134,27.36764
slice_13_img_101.npy,13,101,LE07_137041_20060127,91.99484,27.36883
slice_13_img_102.npy,13,102,LE07_137041_20060127,92.14834,27.36985
slice_13_img_103.npy,13,103,LE07_137041_20060127,92.30186,27.3707
slice_13_img_104.npy,13,104,LE07_137041_20060127,92.45537,27.37138
slice_13_img_105.npy,13,105,LE07_137041_20060127,90.30384,27.48338
slice_13_img_106.npy,13,106,LE07_137041_20060127,90.45736,27.48627
slice_13_img_107.npy,13,107,LE07_137041_20060127,90.61091,27.48899
slice_13_img_108.npy,13,108,LE07_137041_20060127,90.76447,27.49155
slice_13_img_109.npy,13,109,LE07_137041_20060127,90.91806,27.49393
slice_13_img_110.npy,13,110,LE07_137041_20060127,91.07166,27.49614
slice_13_img_111.npy,13,111,LE07_137041_20060127,91.22528,27.49819
slice_13_img_112.npy,13,112,LE07_137041_20060127,91.37892,27.50006
slice_13_img_113.npy,13,113,LE07_137041_20060127,91.53257,27.50177
slice_13_img_114.npy,13,114,LE07_137041_20060127,91.68624,27.50331
slice_13_img_115.npy,13,115,LE07_137041_20060127,91.83991,27.50467
slice_13_img_116.npy,13,116,LE07_137041_20060127,91.9936,27.50587
slice_13_img_117.npy,13,117,LE07_137041_20060127,92.14729,27.5069
slice_13_img_118.npy,13,118,LE07_137041_20060127,92.30099,27.50775
slice_13_img_119.npy,13,119,LE07_137041_20060127,92.4547,27.50844
slice_13_img_120.npy,13,120,LE07_137041_20060127,90.30049,27.62029
slice_13_img_121.npy,13,121,LE07_137041_20060127,90.4542,27.6232
slice_13_img_122.npy,13,122,LE07_137041_20060127,90.60794,27.62594
slice_13_img_123.npy,13,123,LE07_137041_20060127,90.76169,27.62851
slice_13_img_124.npy,13,124,LE07_137041_20060127,90.91547,27.6309
slice_13_img_125.npy,13,125,LE07_137041_20060127,91.06927,27.63313
slice_13_img_126.npy,13,126,LE07_137041_20060127,91.22308,27.63519
slice_13_img_127.npy,13,127,LE07_137041_20060127,91.37691,27.63707
slice_13_img_128.npy,13,128,LE07_137041_20060127,91.53075,27.63879
slice_13_img_129.npy,13,129,LE07_137041_20060127,91.6846,27.64033
slice_13_img_130.npy,13,130,LE07_137041_20060127,91.83847,27.64171
slice_13_img_131.npy,13,131,LE07_137041_20060127,91.99235,27.64291
slice_13_img_132.npy,13,132,LE07_137041_20060127,92.14623,27.64394
slice_13_img_133.npy,13,133,LE07_137041_20060127,92.30012,27.64481
slice_13_img_134.npy,13,134,LE07_137041_20060127,92.45402,27.6455
slice_13_img_135.npy,13,135,LE07_137041_20060127,90.29712,27.7572
slice_13_img_136.npy,13,136,LE07_137041_20060127,90.45102,27.76012
slice_13_img_137.npy,13,137,LE07_137041_20060127,90.60495,27.76288
slice_13_img_138.npy,13,138,LE07_137041_20060127,90.7589,27.76546
slice_13_img_139.npy,13,139,LE07_137041_20060127,90.91287,27.76787
slice_13_img_140.npy,13,140,LE07_137041_20060127,91.06685,27.77011
slice_13_img_141.npy,13,141,LE07_137041_20060127,91.22086,27.77218
slice_13_img_142.npy,13,142,LE07_137041_20060127,91.37488,27.77408
slice_13_img_143.npy,13,143,LE07_137041_20060127,91.52891,27.7758
slice_13_img_144.npy,13,144,LE07_137041_20060127,91.68296,27.77736
slice_13_img_145.npy,13,145,LE07_137041_20060127,91.83702,27.77874
slice_13_img_146.npy,13,146,LE07_137041_20060127,91.99109,27.77995
slice_13_img_147.npy,13,147,LE07_137041_20060127,92.14516,27.78099
slice_13_img_148.npy,13,148,LE07_137041_20060127,92.29925,27.78185
slice_13_img_149.npy,13,149,LE07_137041_20060127,92.45334,27.78255
slice_13_img_150.npy,13,150,LE07_137041_20060127,90.29372,27.8941
slice_13_img_151.npy,13,151,LE07_137041_20060127,90.44782,27.89704
slice_13_img_152.npy,13,152,LE07_137041_20060127,90.60194,27.89981
slice_13_img_153.npy,13,153,LE07_137041_20060127,90.75608,27.90241
slice_13_img_154.npy,13,154,LE07_137041_20060127,90.91024,27.90484
slice_13_img_155.npy,13,155,LE07_137041_20060127,91.06442,27.90709
slice_13_img_156.npy,13,156,LE07_137041_20060127,91.21862,27.90917
slice_13_img_157.npy,13,157,LE07_137041_20060127,91.37283,27.91108
slice_13_img_158.npy,13,158,LE07_137041_20060127,91.52706,27.91281
slice_13_img_159.npy,13,159,LE07_137041_20060127,91.6813,27.91438
slice_13_img_160.npy,13,160,LE07_137041_20060127,91.83555,27.91577
slice_13_img_161.npy,13,161,LE07_137041_20060127,91.98982,27.91698
slice_13_img_162.npy,13,162,LE07_137041_20060127,92.14409,27.91803
slice_13_img_163.npy,13,163,LE07_137041_20060127,92.29837,27.9189
slice_13_img_164.npy,13,164,LE07_137041_20060127,92.45265,27.9196
slice_13_img_165.npy,13,165,LE07_137041_20060127,90.2903,28.031
slice_13_img_166.npy,13,166,LE07_137041_20060127,90.44459,28.03396
slice_13_img_167.npy,13,167,LE07_137041_20060127,90.59891,28.03675
slice_13_img_168.npy,13,168,LE07_137041_20060127,90.75324,28.03936
slice_13_img_169.npy,13,169,LE07_137041_20060127,90.9076,28.0418
slice_13_img_170.npy,13,170,LE07_137041_20060127,91.06198,28.04406
slice_13_img_171.npy,13,171,LE07_137041_20060127,91.21637,28.04616
slice_13_img_172.npy,13,172,LE07_137041_20060127,91.37078,28.04808
slice_13_img_173.npy,13,173,LE07_137041_20060127,91.5252,28.04982
slice_13_img_174.npy,13,174,LE07_137041_20060127,91.67963,28.05139
slice_13_img_175.npy,13,175,LE07_137041_20060127,91.83408,28.05279
slice_13_img_176.npy,13,176,LE07_137041_20060127,91.98854,28.05402
slice_13_img_177.npy,13,177,LE07_137041_20060127,92.143,28.05507
slice_13_img_178.npy,13,178,LE07_137041_20060127,92.29748,28.05594
slice_13_img_179.npy,13,179,LE07_137041_20060127,92.45196,28.05665
slice_13_img_180.npy,13,180,LE07_137041_20060127,90.28686,28.1679
slice_13_img_181.npy,13,181,LE07_137041_20060127,90.44135,28.17088
slice_13_img_182.npy,13,182,LE07_137041_20060127,90.59586,28.17368
slice_13_img_183.npy,13,183,LE07_137041_20060127,90.75039,28.1763
slice_13_img_184.npy,13,184,LE07_137041_20060127,90.90494,28.17876
slice_13_img_185.npy,13,185,LE07_137041_20060127,91.05951,28.18104
slice_13_img_186.npy,13,186,LE07_137041_20060127,91.2141,28.18314
slice_13_img_187.npy,13,187,LE07_137041_20060127,91.3687,28.18507
slice_13_img_188.npy,13,188,LE07_137041_20060127,91.52332,28.18683
slice_13_img_189.npy,13,189,LE07_137041_20060127,91.67795,28.18841
slice_13_img_190.npy,13,190,LE07_137041_20060127,91.8326,28.18981
slice_13_img_191.npy,13,191,LE07_137041_20060127,91.98725,28.19105
slice_13_img_192.npy,13,192,LE07_137041_20060127,92.14191,28.1921
slice_13_img_193.npy,13,193,LE07_137041_20060127,92.29658,28.19298
slice_13_img_194.npy,13,194,LE07_137041_20060127,92.45126,28.19369
slice_13_img_195.npy,13,195,LE07_137041_20060127,90.28339,28.3048
slice_13_img_196.npy,13,196,LE07_137041_20060127,90.43807,28.30779
slice_13_img_197.npy,13,197,LE07_137041_20060127,90.59278,28.31061
slice_13_img_198.npy,13,198,LE07_137041_20060127,90.74751,28.31325
slice_13_img_199.npy,13,199,LE07_137041_20060127,90.90226,28.31571
slice_13_img_200.npy,13,200,LE07_137041_20060127,91.05703,28.31801
slice_13_img_201.npy,13,201,LE07_137041_20060127,91.21181,28.32012
slice_13_img_202.npy,13,202,LE07_137041_20060127,91.36662,28.32206
slice_13_img_203.npy,13,203,LE07_137041_20060127,91.52143,28.32383
slice_13_img_204.npy,13,204,LE07_137041_20060127,91.67626,28.32542
slice_13_img_205.npy,13,205,LE07_137041_20060127,91.8311,28.32683
slice_13_img_206.npy,13,206,LE07_137041_20060127,91.98595,28.32807
slice_13_img_207.npy,13,207,LE07_137041_20060127,92.14082,28.32914
slice_13_img_208.npy,13,208,LE07_137041_20060127,92.29568,28.33002
slice_13_img_209.npy,13,209,LE07_137041_20060127,92.45056,28.33073
slice_14_img_000.npy,14,0,LE07_148036_20050902,75.14732,33.74024
slice_14_img_001.npy,14,1,LE07_148036_20050902,75.31122,33.73994
slice_14_img_002.npy,14,2,LE07_148036_20050902,75.47512,33.73942
slice_14_img_003.npy,14,3,LE07_148036_20050902,75.63901,33.73868
slice_14_img_004.npy,14,4,LE07_148036_20050902,75.8029,33.73772
slice_14_img_005.npy,14,5,LE07_148036_20050902,75.96677,33.73655
slice_14_img_006.npy,14,6,LE07_148036_20050902,76.13064,33.73515
slice_14_img_007.npy,14,7,LE07_148036_20050902,76.29449,33.73355
slice_14_img_008.npy,14,8,LE07_148036_20050902,76.45833,33.73172
slice_14_img_009.npy,14,9,LE07_148036_20050902,76.62216,33.72968
slice_14_img_010.npy,14,10,LE07_148036_20050902,76.78597,33.72741
slice_14_img_011.npy,14,11,LE07_148036_20050902,76.94976,33.72494
slice_14_img_012.npy,14,12,LE07_148036_20050902,77.11352,33.72224
slice_14_img_013.npy,14,13,LE07_148036_20050902,77.27727,33.71933
slice_14_img_014.npy,14,14,LE07_148036_20050902,77.44099,33.7162
slice_14_img_015.npy,14,15,LE07_148036_20050902,75.14756,33.87717
slice_14_img_016.npy,14,16,LE07_148036_20050902,75.31172,33.87687
slice_14_img_017.npy,14,17,LE07_148036_20050902,75.47588,33.87634
slice_14_img_018.npy,14,18,LE07_148036_20050902,75.64003,33.8756
slice_14_img_019.npy,14,19,LE07_148036_20050902,75.80418,33.87464
slice_14_img_020.npy,14,20,LE07_148036_20050902,75.96831,33.87346
slice_14_img_021.npy,14,21,LE07_148036_20050902,76.13244,33.87206
slice_14_img_022.npy,14,22,LE07_148036_20050902,76.29656,33.87044
slice_14_img_023.npy,14,23,LE07_148036_20050902,76.46066,33.86861
slice_14_img_024.npy,14,24,LE07_148036_20050902,76.62474,33.86655
slice_14_img_025.npy,14,25,LE07_148036_20050902,76.78881,33.86428
slice_14_img_026.npy,14,26,LE07_148036_20050902,76.95286,33.86179
slice_14_img_027.npy,14,27,LE07_148036_20050902,77.11689,33.85908
slice_14_img_028.npy,14,28,LE07_148036_20050902,77.28089,33.85615
slice_14_img_029.npy,14,29,LE07_148036_20050902,77.44487,33.85301
slice_14_img_030.npy,14,30,LE07_148036_20050902,75.14779,34.0141
slice_14_img_031.npy,14,31,LE07_148036_20050902,75.31222,34.01379
slice_14_img_032.npy,14,32,LE07_148036_20050902,75.47664,34.01327
slice_14_img_033.npy,14,33,LE07_148036_20050902,75.64106,34.01252
slice_14_img_034.npy,14,34,LE07_148036_20050902,75.80546,34.01155
slice_14_img_035.npy,14,35,LE07_148036_20050902,75.96987,34.01037
slice_14_img_036.npy,14,36,LE07_148036_20050902,76.13426,34.00896
slice_14_img_037.npy,14,37,LE07_148036_20050902,76.29863,34.00733
slice_14_img_038.npy,14,38,LE07_148036_20050902,76.463,34.00549
slice_14_img_039.npy,14,39,LE07_148036_20050902,76.62735,34.00342
slice_14_img_040.npy,14,40,LE07_148036_20050902,76.79168,34.00114
slice_14_img_041.npy,14,41,LE07_148036_20050902,76.95599,33.99864
slice_14_img_042.npy,14,42,LE07_148036_20050902,77.12028,33.99591
slice_14_img_043.npy,14,43,LE07_148036_20050902,77.28455,33.99297
slice_14_img_044.npy,14,44,LE07_148036_20050902,77.44879,33.98981
slice_14_img_045.npy,14,45,LE07_148036_20050902,75.14803,34.15103
slice_14_img_046.npy,14,46,LE07_148036_20050902,75.31272,34.15072
slice_14_img_047.npy,14,47,LE07_148036_20050902,75.47741,34.15019
slice_14_img_048.npy,14,48,LE07_148036_20050902,75.64209,34.14944
slice_14_img_049.npy,14,49,LE07_148036_20050902,75.80676,34.14846
slice_14_img_050.npy,14,50,LE07_148036_20050902,75.97143,34.14727
slice_14_img_051.npy,14,51,LE07_148036_20050902,76.13608,34.14586
slice_14_img_052.npy,14,52,LE07_148036_20050902,76.30073,34.14422
slice_14_img_053.npy,14,53,LE07_148036_20050902,76.46535,34.14237
slice_14_img_054.npy,14,54,LE07_148036_20050902,76.62997,34.14029
slice_14_img_055.npy,14,55,LE07_148036_20050902,76.79456,34.138
slice_14_img_056.npy,14,56,LE07_148036_20050902,76.95914,34.13548
slice_14_img_057.npy,14,57,LE07_148036_20050902,77.12369,34.13274
slice_14_img_058.npy,14,58,LE07_148036_20050902,77.28822,34.12979
slice_14_img_059.npy,14,59,LE07_148036_20050902,77.45273,34.12661
slice_14_img_060.npy,14,60,LE07_148036_20050902,75.14827,34.28795
slice_14_img_061.npy,14,61,LE07_148036_20050902,75.31323,34.28764
slice_14_img_062.npy,14,62,LE07_148036_20050902,75.47818,34.2871
slice_14_img_063.npy,14,63,LE07_148036_20050902,75.64313,34.28635
slice_14_img_064.npy,14,64,LE07_148036_20050902,75.80807,34.28537
slice_14_img_065.npy,14,65,LE07_148036_20050902,75.973,34.28417
slice_14_img_066.npy,14,66,LE07_148036_20050902,76.13792,34.28275
slice_14_img_067.npy,14,67,LE07_148036_20050902,76.30283,34.28111
slice_14_img_068.npy,14,68,LE07_148036_20050902,76.46773,34.27925
slice_14_img_069.npy,14,69,LE07_148036_20050902,76.6326,34.27716
slice_14_img_070.npy,14,70,LE07_148036_20050902,76.79747,34.27485
slice_14_img_071.npy,14,71,LE07_148036_20050902,76.96231,34.27232
slice_14_img_072.npy,14,72,LE07_148036_20050902,77.12713,34.26957
slice_14_img_073.npy,14,73,LE07_148036_20050902,77.29192,34.2666
slice_14_img_074.npy,14,74,LE07_148036_20050902,77.45669,34.26341
slice_14_img_075.npy,14,75,LE07_148036_20050902,75.14851,34.42486
slice_14_img_076.npy,14,76,LE07_148036_20050902,75.31374,34.42455
slice_14_img_077.npy,14,77,LE07_148036_20050902,75.47896,34.42402
slice_14_img_078.npy,14,78,LE07_148036_20050902,75.64417,34.42326
slice_14_img_079.npy,14,79,LE07_148036_20050902,75.80938,34.42228
slice_14_img_080.npy,14,80,LE07_148036_20050902,75.97458,34.42107
slice_14_img_081.npy,14,81,LE07_148036_20050902,76.13977,34.41964
slice_14_img_082.npy,14,82,LE07_148036_20050902,76.30495,34.41799
slice_14_img_083.npy,14,83,LE07_148036_20050902,76.47011,34.41612
slice_14_img_084.npy,14,84,LE07_148036_20050902,76.63526,34.41402
slice_14_img_085.npy,14,85,LE07_148036_20050902,76.80039,34.4117
slice_14_img_086.npy,14,86,LE07_148036_20050902,76.9655,34.40916
slice_14_img_087.npy,14,87,LE07_148036_20050902,77.13058,34.4064
slice_14_img_088.npy,14,88,LE07_148036_20050902,77.29565,34.40341
slice_14_img_089.npy,14,89,LE07_148036_20050902,77.46069,34.4002
slice_14_img_090.npy,14,90,LE07_148036_20050902,75.14875,34.56178
slice_14_img_091.npy,14,91,LE07_148036_20050902,75.31425,34.56147
slice_14_img_092.npy,14,92,LE07_148036_20050902,75.47974,34.56093
slice_14_img_093.npy,14,93,LE07_148036_20050902,75.64523,34.56017
slice_14_img_094.npy,14,94,LE07_148036_20050902,75.81071,34.55918
slice_14_img_095.npy,14,95,LE07_148036_20050902,75.97618,34.55797
slice_14_img_096.npy,14,96,LE07_148036_20050902,76.14164,34.55653
slice_14_img_097.npy,14,97,LE07_148036_20050902,76.30708,34.55487
slice_14_img_098.npy,14,98,LE07_148036_20050902,76.47252,34.55299
slice_14_img_099.npy,14,99,LE07_148036_20050902,76.63793,34.55088
slice_14_img_100.npy,14,100,LE07_148036_20050902,76.80333,34.54855
slice_14_img_101.npy,14,101,LE07_148036_20050902,76.96871,34.546
slice_14_img_102.npy,14,102,LE07_148036_20050902,77.13407,34.54322
slice_14_img_103.npy,14,103,LE07_148036_20050902,77.2994,34.54021
slice_14_img_104.npy,14,104,LE07_148036_20050902,77.46471,34.53699
slice_14_img_105.npy,14,105,LE07_148036_20050902,75.149,34.69869
slice_14_img_106.npy,14,106,LE07_148036_20050902,75.31477,34.69838
slice_14_img_107.npy,14,107,LE07_148036_20050902,75.48053,34.69784
slice_14_img_108.npy,14,108,LE07_148036_20050902,75.64629,34.69707
slice_14_img_109.npy,14,109,LE07_148036_20050902,75.81204,34.69608
slice_14_img_110.npy,14,110,LE07_148036_20050902,75.97778,34.69486
slice_14_img_111.npy,14,111,LE07_148036_20050902,76.14351,34.69342
slice_14_img_112.npy,14,112,LE07_148036_20050902,76.30923,34.69175
slice_14_img_113.npy,14,113,LE07_148036_20050902,76.47494,34.68986
slice_14_img_114.npy,14,114,LE07_148036_20050902,76.64062,34.68774
slice_14_img_115.npy,14,115,LE07_148036_20050902,76.80629,34.6854
slice_14_img_116.npy,14,116,LE07_148036_20050902,76.97194,34.68283
slice_14_img_117.npy,14,117,LE07_148036_20050902,77.13757,34.68003
slice_14_img_118.npy,14,118,LE07_148036_20050902,77.30318,34.67702
slice_14_img_119.npy,14,119,LE07_148036_20050902,77.46876,34.67377
slice_14_img_120.npy,14,120,LE07_148036_20050902,75.14924,34.8356
slice_14_img_121.npy,14,121,LE07_148036_20050902,75.31529,34.83528
slice_14_img_122.npy,14,122,LE07_148036_20050902,75.48132,34.83474
slice_14_img_123.npy,14,123,LE07_148036_20050902,75.64736,34.83397
slice_14_img_124.npy,14,124,LE07_148036_20050902,75.81338,34.83297
slice_14_img_125.npy,14,125,LE07_148036_20050902,75.9794,34.83175
slice_14_img_126.npy,14,126,LE07_148036_20050902,76.1454,34.8303
slice_14_img_127.npy,14,127,LE07_148036_20050902,76.3114,34.82862
slice_14_img_128.npy,14,128,LE07_148036_20050902,76.47737,34.82672
slice_14_img_129.npy,14,129,LE07_148036_20050902,76.64333,34.82459
slice_14_img_130.npy,14,130,LE07_148036_20050902,76.80928,34.82224
slice_14_img_131.npy,14,131,LE07_148036_20050902,76.9752,34.81966
slice_14_img_132.npy,14,132,LE07_148036_20050902,77.1411,34.81685
slice_14_img_133.npy,14,133,LE07_148036_20050902,77.30698,34.81382
slice_14_img_134.npy,14,134,LE07_148036_20050902,77.47283,34.81056
slice_14_img_135.npy,14,135,LE07_148036_20050902,75.14949,34.97251
slice_14_img_136.npy,14,136,LE07_148036_20050902,75.31581,34.97219
slice_14_img_137.npy,14,137,LE07_148036_20050902,75.48212,34.97164
slice_14_img_138.npy,14,138,LE07_148036_20050902,75.64843,34.97087
slice_14_img_139.npy,14,139,LE07_148036_20050902,75.81473,34.96987
slice_14_img_140.npy,14,140,LE07_148036_20050902,75.98102,34.96864
slice_14_img_141.npy,14,141,LE07_148036_20050902,76.1473,34.96718
slice_14_img_142.npy,14,142,LE07_148036_20050902,76.31357,34.96549
slice_14_img_143.npy,14,143,LE07_148036_20050902,76.47983,34.96358
slice_14_img_144.npy,14,144,LE07_148036_20050902,76.64606,34.96144
slice_14_img_145.npy,14,145,LE07_148036_20050902,76.81228,34.95908
slice_14_img_146.npy,14,146,LE07_148036_20050902,76.97848,34.95648
slice_14_img_147.npy,14,147,LE07_148036_20050902,77.14465,34.95366
slice_14_img_148.npy,14,148,LE07_148036_20050902,77.31081,34.95061
slice_14_img_149.npy,14,149,LE07_148036_20050902,77.47693,34.94733
slice_14_img_150.npy,14,150,LE07_148036_20050902,75.14974,35.10941
slice_14_img_151.npy,14,151,LE07_148036_20050902,75.31634,35.10909
slice_14_img_152.npy,14,152,LE07_148036_20050902,75.48293,35.10854
slice_14_img_153.npy,14,153,LE07_148036_20050902,75.64951,35.10776
slice_14_img_154.npy,14,154,LE07_148036_20050902,75.81609,35.10676
slice_14_img_155.npy,14,155,LE07_148036_20050902,75.98266,35.10552
slice_14_img_156.npy,14,156,LE07_148036_20050902,76.14922,35.10405
slice_14_img_157.npy,14,157,LE07_148036_20050902,76.31577,35.10236
slice_14_img_158.npy,14,158,LE07_148036_20050902,76.4823,35.10044
slice_14_img_159.npy,14,159,LE07_148036_20050902,76.64881,35.09829
slice_14_img_160.npy,14,160,LE07_148036_20050902,76.8153,35.09591
slice_14_img_161.npy,14,161,LE07_148036_20050902,76.98178,35.0933
slice_14_img_162.npy,14,162,LE07_148036_20050902,77.14823,35.09047
slice_14_img_163.npy,14,163,LE07_148036_20050902,77.31466,35.0874
slice_14_img_164.npy,14,164,LE07_148036_20050902,77.48106,35.08411
slice_14_img_165.npy,14,165,LE07_148036_20050902,75.14999,35.24631
slice_14_img_166.npy,14,166,LE07_148036_20050902,75.31687,35.24599
slice_14_img_167.npy,14,167,LE07_148036_20050902,75.48374,35.24544
slice_14_img_168.npy,14,168,LE07_148036_20050902,75.6506,35.24465
slice_14_img_169.npy,14,169,LE07_148036_20050902,75.81746,35.24364
slice_14_img_170.npy,14,170,LE07_148036_20050902,75.98431,35.2424
slice_14_img_171.npy,14,171,LE07_148036_20050902,76.15115,35.24093
slice_14_img_172.npy,14,172,LE07_148036_20050902,76.31797,35.23923
slice_14_img_173.npy,14,173,LE07_148036_20050902,76.48478,35.23729
slice_14_img_174.npy,14,174,LE07_148036_20050902,76.65157,35.23513
slice_14_img_175.npy,14,175,LE07_148036_20050902,76.81835,35.23274
slice_14_img_176.npy,14,176,LE07_148036_20050902,76.9851,35.23012
slice_14_img_177.npy,14,177,LE07_148036_20050902,77.15183,35.22727
slice_14_img_178.npy,14,178,LE07_148036_20050902,77.31854,35.22419
slice_14_img_179.npy,14,179,LE07_148036_20050902,77.48522,35.22088
slice_14_img_180.npy,14,180,LE07_148036_20050902,75.15025,35.38321
slice_14_img_181.npy,14,181,LE07_148036_20050902,75.3174,35.38288
slice_14_img_182.npy,14,182,LE07_148036_20050902,75.48455,35.38233
slice_14_img_183.npy,14,183,LE07_148036_20050902,75.6517,35.38154
slice_14_img_184.npy,14,184,LE07_148036_20050902,75.81884,35.38052
slice_14_img_185.npy,14,185,LE07_148036_20050902,75.98597,35.37928
slice_14_img_186.npy,14,186,LE07_148036_20050902,76.15309,35.3778
slice_14_img_187.npy,14,187,LE07_148036_20050902,76.32019,35.37609
slice_14_img_188.npy,14,188,LE07_148036_20050902,76.48728,35.37415
slice_14_img_189.npy,14,189,LE07_148036_20050902,76.65436,35.37197
slice_14_img_190.npy,14,190,LE07_148036_20050902,76.82141,35.36957
slice_14_img_191.npy,14,191,LE07_148036_20050902,76.98845,35.36694
slice_14_img_192.npy,14,192,LE07_148036_20050902,77.15546,35.36407
slice_14_img_193.npy,14,193,LE07_148036_20050902,77.32245,35.36098
slice_14_img_194.npy,14,194,LE07_148036_20050902,77.48941,35.35765
slice_15_img_000.npy,15,0,LE07_145039_20011020,78.68543,29.40626
slice_15_img_001.npy,15,1,LE07_145039_20011020,78.8418,29.40889
slice_15_img_002.npy,15,2,LE07_145039_20011020,78.99819,29.41133
slice_15_img_003.npy,15,3,LE07_145039_20011020,79.1546,29.41359
slice_15_img_004.npy,15,4,LE07_145039_20011020,79.31102,29.41566
slice_15_img_005.npy,15,5,LE07_145039_20011020,79.46746,29.41755
slice_15_img_006.npy,15,6,LE07_145039_20011020,79.62392,29.41926
slice_15_img_007.npy,15,7,LE07_145039_20011020,79.78039,29.42079
slice_15_img_008.npy,15,8,LE07_145039_20011020,79.93687,29.42213
slice_15_img_009.npy,15,9,LE07_145039_20011020,80.09336,29.42328
slice_15_img_010.npy,15,10,LE07_145039_20011020,80.24986,29.42426
slice_15_img_011.npy,15,11,LE07_145039_20011020,80.40636,29.42505
slice_15_img_012.npy,15,12,LE07_145039_20011020,80.56287,29.42565
slice_15_img_013.npy,15,13,LE07_145039_20011020,80.71939,29.42607
slice_15_img_014.npy,15,14,LE07_145039_20011020,80.8759,29.42631
slice_15_img_015.npy,15,15,LE07_145039_20011020,78.68231,29.54317
slice_15_img_016.npy,15,16,LE07_145039_20011020,78.83889,29.54581
slice_15_img_017.npy,15,17,LE07_145039_20011020,78.99549,29.54827
slice_15_img_018.npy,15,18,LE07_145039_20011020,79.15211,29.55054
slice_15_img_019.npy,15,19,LE07_145039_20011020,79.30875,29.55263
slice_15_img_020.npy,15,20,LE07_145039_20011020,79.4654,29.55453
slice_15_img_021.npy,15,21,LE07_145039_20011020,79.62207,29.55625
slice_15_img_022.npy,15,22,LE07_145039_20011020,79.77875,29.55778
slice_15_img_023.npy,15,23,LE07_145039_20011020,79.93544,29.55913
slice_15_img_024.npy,15,24,LE07_145039_20011020,80.09214,29.56029
slice_15_img_025.npy,15,25,LE07_145039_20011020,80.24885,29.56127
slice_15_img_026.npy,15,26,LE07_145039_20011020,80.40556,29.56206
slice_15_img_027.npy,15,27,LE07_145039_20011020,80.56228,29.56267
slice_15_img_028.npy,15,28,LE07_145039_20011020,80.71901,29.5631
slice_15_img_029.npy,15,29,LE07_145039_20011020,80.87574,29.56333
slice_15_img_030.npy,15,30,LE07_145039_20011020,78.67918,29.68008
slice_15_img_031.npy,15,31,LE07_145039_20011020,78.83597,29.68273
slice_15_img_032.npy,15,32,LE07_145039_20011020,78.99278,29.6852
slice_15_img_033.npy,15,33,LE07_145039_20011020,79.14961,29.68749
slice_15_img_034.npy,15,34,LE07_145039_20011020,79.30646,29.68959
slice_15_img_035.npy,15,35,LE07_145039_20011020,79.46332,29.6915
slice_15_img_036.npy,15,36,LE07_145039_20011020,79.6202,29.69323
slice_15_img_037.npy,15,37,LE07_145039_20011020,79.77709,29.69477
slice_15_img_038.npy,15,38,LE07_145039_20011020,79.934,29.69612
slice_15_img_039.npy,15,39,LE07_145039_20011020,80.09091,29.69729
slice_15_img_040.npy,15,40,LE07_145039_20011020,80.24783,29.69828
slice_15_img_041.npy,15,41,LE07_145039_20011020,80.40476,29.69908
slice_15_img_042.npy,15,42,LE07_145039_20011020,80.56169,29.69969
slice_15_img_043.npy,15,43,LE07_145039_20011020,80.71863,29.70011
slice_15_img_044.npy,15,44,LE07_145039_20011020,80.87557,29.70035
slice_15_img_045.npy,15,45,LE07_145039_20011020,78.67602,29.81698
slice_15_img_046.npy,15,46,LE07_145039_20011020,78.83302,29.81965
slice_15_img_047.npy,15,47,LE07_145039_20011020,78.99005,29.82214
slice_15_img_048.npy,15,48,LE07_145039_20011020,79.14709,29.82443
slice_15_img_049.npy,15,49,LE07_145039_20011020,79.30415,29.82654
slice_15_img_050.npy,15,50,LE07_145039_20011020,79.46123,29.82847
slice_15_img_051.npy,15,51,LE07_145039_20011020,79.61832,29.8302
slice_15_img_052.npy,15,52,LE07_145039_20011020,79.77543,29.83175
slice_15_img_053.npy,15,53,LE07_145039_20011020,79.93254,29.83312
slice_15_img_054.npy,15,54,LE07_145039_20011020,80.08967,29.83429
slice_15_img_055.npy,15,55,LE07_145039_20011020,80.2468,29.83528
slice_15_img_056.npy,15,56,LE07_145039_20011020,80.40395,29.83609
slice_15_img_057.npy,15,57,LE07_145039_20011020,80.56109,29.8367
slice_15_img_058.npy,15,58,LE07_145039_20011020,80.71825,29.83713
slice_15_img_059.npy,15,59,LE07_145039_20011020,80.8754,29.83737
slice_15_img_060.npy,15,60,LE07_145039_20011020,78.67284,29.95389
slice_15_img_061.npy,15,61,LE07_145039_20011020,78.83006,29.95657
slice_15_img_062.npy,15,62,LE07_145039_20011020,78.9873,29.95907
slice_15_img_063.npy,15,63,LE07_145039_20011020,79.14456,29.96138
slice_15_img_064.npy,15,64,LE07_145039_20011020,79.30183,29.9635
slice_15_img_065.npy,15,65,LE07_145039_20011020,79.45913,29.96543
slice_15_img_066.npy,15,66,LE07_145039_20011020,79.61643,29.96718
slice_15_img_067.npy,15,67,LE07_145039_20011020,79.77375,29.96874
slice_15_img_068.npy,15,68,LE07_145039_20011020,79.93108,29.97011
slice_15_img_069.npy,15,69,LE07_145039_20011020,80.08842,29.97129
slice_15_img_070.npy,15,70,LE07_145039_20011020,80.24577,29.97229
slice_15_img_071.npy,15,71,LE07_145039_20011020,80.40313,29.97309
slice_15_img_072.npy,15,72,LE07_145039_20011020,80.56049,29.97371
slice_15_img_073.npy,15,73,LE07_145039_20011020,80.71786,29.97414
slice_15_img_074.npy,15,74,LE07_145039_20011020,80.87523,29.97439
slice_15_img_075.npy,15,75,LE07_145039_20011020,78.66964,30.09079
slice_15_img_076.npy,15,76,LE07_145039_20011020,78.82707,30.09348
slice_15_img_077.npy,15,77,LE07_145039_20011020,78.98453,30.09599
slice_15_img_078.npy,15,78,LE07_145039_20011020,79.142,30.09832
slice_15_img_079.npy,15,79,LE07_145039_20011020,79.2995,30.10045
slice_15_img_080.npy,15,80,LE07_145039_20011020,79.457,30.10239
slice_15_img_081.npy,15,81,LE07_145039_20011020,79.61453,30.10415
slice_15_img_082.npy,15,82,LE07_145039_20011020,79.77206,30.10572
slice_15_img_083.npy,15,83,LE07_145039_20011020,79.92961,30.1071
slice_15_img_084.npy,15,84,LE07_145039_20011020,80.08717,30.10829
slice_15_img_085.npy,15,85,LE07_145039_20011020,80.24473,30.10929
slice_15_img_086.npy,15,86,LE07_145039_20011020,80.40231,30.1101
slice_15_img_087.npy,15,87,LE07_145039_20011020,80.55989,30.11072
slice_15_img_088.npy,15,88,LE07_145039_20011020,80.71747,30.11115
slice_15_img_089.npy,15,89,LE07_145039_20011020,80.87506,30.1114
slice_15_img_090.npy,15,90,LE07_145039_20011020,78.66642,30.22768
slice_15_img_091.npy,15,91,LE07_145039_20011020,78.82407,30.23039
slice_15_img_092.npy,15,92,LE07_145039_20011020,78.98174,30.23292
slice_15_img_093.npy,15,93,LE07_145039_20011020,79.13943,30.23525
slice_15_img_094.npy,15,94,LE07_145039_20011020,79.29714,30.2374
slice_15_img_095.npy,15,95,LE07_145039_20011020,79.45487,30.23935
slice_15_img_096.npy,15,96,LE07_145039_20011020,79.61261,30.24112
slice_15_img_097.npy,15,97,LE07_145039_20011020,79.77036,30.2427
slice_15_img_098.npy,15,98,LE07_145039_20011020,79.92813,30.24408
slice_15_img_099.npy,15,99,LE07_145039_20011020,80.0859,30.24528
slice_15_img_100.npy,15,100,LE07_145039_20011020,80.24369,30.24628
slice_15_img_101.npy,15,101,LE07_145039_20011020,80.40148,30.2471
slice_15_img_102.npy,15,102,LE07_145039_20011020,80.55928,30.24773
slice_15_img_103.npy,15,103,LE07_145039_20011020,80.71708,30.24816
slice_15_img_104.npy,15,104,LE07_145039_20011020,80.87488,30.24841
slice_15_img_105.npy,15,105,LE07_145039_20011020,78.66317,30.36457
slice_15_img_106.npy,15,106,LE07_145039_20011020,78.82104,30.3673
slice_15_img_107.npy,15,107,LE07_145039_20011020,78.97893,30.36984
slice_15_img_108.npy,15,108,LE07_145039_20011020,79.13684,30.37219
slice_15_img_109.npy,15,109,LE07_145039_20011020,79.29477,30.37434
slice_15_img_110.npy,15,110,LE07_145039_20011020,79.45272,30.37631
slice_15_img_111.npy,15,111,LE07_145039_20011020,79.61068,30.37809
slice_15_img_112.npy,15,112,LE07_145039_20011020,79.76865,30.37967
slice_15_img_113.npy,15,113,LE07_145039_20011020,79.92664,30.38106
slice_15_img_114.npy,15,114,LE07_145039_20011020,80.08463,30.38227
slice_15_img_115.npy,15,115,LE07_145039_20011020,80.24264,30.38328
slice_15_img_116.npy,15,116,LE07_145039_20011020,80.40065,30.3841
slice_15_img_117.npy,15,117,LE07_145039_20011020,80.55866,30.38473
slice_15_img_118.npy,15,118,LE07_145039_20011020,80.71669,30.38517
slice_15_img_119.npy,15,119,LE07_145039_20011020,80.87471,30.38541
slice_15_img_120.npy,15,120,LE07_145039_20011020,78.6599,30.50146
slice_15_img_121.npy,15,121,LE07_145039_20011020,78.818,30.50421
slice_15_img_122.npy,15,122,LE07_145039_20011020,78.97611,30.50676
slice_15_img_123.npy,15,123,LE07_145039_20011020,79.13424,30.50912
slice_15_img_124.npy,15,124,LE07_145039_20011020,79.29239,30.51129
slice_15_img_125.npy,15,125,LE07_145039_20011020,79.45055,30.51326
slice_15_img_126.npy,15,126,LE07_145039_20011020,79.60873,30.51505
slice_15_img_127.npy,15,127,LE07_145039_20011020,79.76693,30.51664
slice_15_img_128.npy,15,128,LE07_145039_20011020,79.92513,30.51804
slice_15_img_129.npy,15,129,LE07_145039_20011020,80.08335,30.51925
slice_15_img_130.npy,15,130,LE07_145039_20011020,80.24158,30.52027
slice_15_img_131.npy,15,131,LE07_145039_20011020,80.39981,30.52109
slice_15_img_132.npy,15,132,LE07_145039_20011020,80.55805,30.52173
slice_15_img_133.npy,15,133,LE07_145039_20011020,80.71629,30.52217
slice_15_img_134.npy,15,134,LE07_145039_20011020,80.87453,30.52242
slice_15_img_135.npy,15,135,LE07_145039_20011020,78.65661,30.63835
slice_15_img_136.npy,15,136,LE07_145039_20011020,78.81493,30.64111
slice_15_img_137.npy,15,137,LE07_145039_20011020,78.97326,30.64367
slice_15_img_138.npy,15,138,LE07_145039_20011020,79.13161,30.64605
slice_15_img_139.npy,15,139,LE07_145039_20011020,79.28999,30.64823
slice_15_img_140.npy,15,140,LE07_145039_20011020,79.44837,30.65021
slice_15_img_141.npy,15,141,LE07_145039_20011020,79.60678,30.65201
slice_15_img_142.npy,15,142,LE07_145039_20011020,79.76519,30.65361
slice_15_img_143.npy,15,143,LE07_145039_20011020,79.92362,30.65502
slice_15_img_144.npy,15,144,LE07_145039_20011020,80.08206,30.65623
slice_15_img_145.npy,15,145,LE07_145039_20011020,80.24051,30.65726
slice_15_img_146.npy,15,146,LE07_145039_20011020,80.39896,30.65809
slice_15_img_147.npy,15,147,LE07_145039_20011020,80.55742,30.65872
slice_15_img_148.npy,15,148,LE07_145039_20011020,80.71589,30.65917
slice_15_img_149.npy,15,149,LE07_145039_20011020,80.87436,30.65942
slice_15_img_150.npy,15,150,LE07_145039_20011020,78.6533,30.77523
slice_15_img_151.npy,15,151,LE07_145039_20011020,78.81184,30.77801
slice_15_img_152.npy,15,152,LE07_145039_20011020,78.97039,30.78058
slice_15_img_153.npy,15,153,LE07_145039_20011020,79.12897,30.78297
slice_15_img_154.npy,15,154,LE07_145039_20011020,79.28757,30.78516
slice_15_img_155.npy,15,155,LE07_145039_20011020,79.44618,30.78716
slice_15_img_156.npy,15,156,LE07_145039_20011020,79.60481,30.78897
slice_15_img_157.npy,15,157,LE07_145039_20011020,79.76345,30.79058
slice_15_img_158.npy,15,158,LE07_145039_20011020,79.9221,30.79199
slice_15_img_159.npy,15,159,LE07_145039_20011020,80.08076,30.79321
slice_15_img_160.npy,15,160,LE07_145039_20011020,80.23943,30.79424
slice_15_img_161.npy,15,161,LE07_145039_20011020,80.39811,30.79508
slice_15_img_162.npy,15,162,LE07_145039_20011020,80.5568,30.79572
slice_15_img_163.npy,15,163,LE07_145039_20011020,80.71549,30.79616
slice_15_img_164.npy,15,164,LE07_145039_20011020,80.87418,30.79641
slice_15_img_165.npy,15,165,LE07_145039_20011020,78.64997,30.91211
slice_15_img_166.npy,15,166,LE07_145039_20011020,78.80873,30.9149
slice_15_img_167.npy,15,167,LE07_145039_20011020,78.96751,30.91749
slice_15_img_168.npy,15,168,LE07_145039_20011020,79.12631,30.91989
slice_15_img_169.npy,15,169,LE07_145039_20011020,79.28513,30.9221
slice_15_img_170.npy,15,170,LE07_145039_20011020,79.44397,30.92411
slice_15_img_171.npy,15,171,LE07_145039_20011020,79.60282,30.92592
slice_15_img_172.npy,15,172,LE07_145039_20011020,79.76169,30.92754
slice_15_img_173.npy,15,173,LE07_145039_20011020,79.92057,30.92896
slice_15_img_174.npy,15,174,LE07_145039_20011020,80.07945,30.93019
slice_15_img_175.npy,15,175,LE07_145039_20011020,80.23835,30.93123
slice_15_img_176.npy,15,176,LE07_145039_20011020,80.39726,30.93206
slice_15_img_177.npy,15,177,LE07_145039_20011020,80.55617,30.93271
slice_15_img_178.npy,15,178,LE07_145039_20011020,80.71508,30.93315
slice_15_img_179.npy,15,179,LE07_145039_20011020,80.874,30.93341
slice_15_img_180.npy,15,180,LE07_145039_20011020,78.64661,31.04899
slice_15_img_181.npy,15,181,LE07_145039_20011020,78.80559,31.05179
slice_15_img_182.npy,15,182,LE07_145039_20011020,78.9646,31.0544
slice_15_img_183.npy,15,183,LE07_145039_20011020,79.12363,31.05681
slice_15_img_184.npy,15,184,LE07_145039_20011020,79.28268,31.05903
slice_15_img_185.npy,15,185,LE07_145039_20011020,79.44174,31.06105
slice_15_img_186.npy,15,186,LE07_145039_20011020,79.60082,31.06287
slice_15_img_187.npy,15,187,LE07_145039_20011020,79.75992,31.0645
slice_15_img_188.npy,15,188,LE07_145039_20011020,79.91902,31.06593
slice_15_img_189.npy,15,189,LE07_145039_20011020,80.07814,31.06717
slice_15_img_190.npy,15,190,LE07_145039_20011020,80.23726,31.06821
slice_15_img_191.npy,15,191,LE07_145039_20011020,80.39639,31.06905
slice_15_img_192.npy,15,192,LE07_145039_20011020,80.55553,31.06969
slice_15_img_193.npy,15,193,LE07_145039_20011020,80.71468,31.07015
slice_15_img_194.npy,15,194,LE07_145039_20011020,80.87382,31.0704
slice_15_img_195.npy,15,195,LE07_145039_20011020,78.64323,31.18586
slice_15_img_196.npy,15,196,LE07_145039_20011020,78.80244,31.18868
slice_15_img_197.npy,15,197,LE07_145039_20011020,78.96168,31.1913
slice_15_img_198.npy,15,198,LE07_145039_20011020,79.12094,31.19373
slice_15_img_199.npy,15,199,LE07_145039_20011020,79.28021,31.19595
slice_15_img_200.npy,15,200,LE07_145039_20011020,79.4395,31.19799
slice_15_img_201.npy,15,201,LE07_145039_20011020,79.59881,31.19982
slice_15_img_202.npy,15,202,LE07_145039_20011020,79.75813,31.20146
slice_15_img_203.npy,15,203,LE07_145039_20011020,79.91747,31.2029
slice_15_img_204.npy,15,204,LE07_145039_20011020,80.07681,31.20414
slice_15_img_205.npy,15,205,LE07_145039_20011020,80.23617,31.20518
slice_15_img_206.npy,15,206,LE07_145039_20011020,80.39553,31.20603
slice_15_img_207.npy,15,207,LE07_145039_20011020,80.55489,31.20668
slice_15_img_208.npy,15,208,LE07_145039_20011020,80.71426,31.20713
slice_15_img_209.npy,15,209,LE07_145039_20011020,80.87364,31.20739
slice_16_img_000.npy,16,0,LE07_149035_20070915,73.9882,35.14728
slice_16_img_001.npy,16,1,LE07_149035_20070915,74.15486,35.14856
slice_16_img_002.npy,16,2,LE07_149035_20070915,74.32152,35.14961
slice_16_img_003.npy,16,3,LE07_149035_20070915,74.48819,35.15043
slice_16_img_004.npy,16,4,LE07_149035_20070915,74.65486,35.15102
slice_16_img_005.npy,16,5,LE07_149035_20070915,74.82154,35.15138
slice_16_img_006.npy,16,6,LE07_149035_20070915,74.98823,35.15151
slice_16_img_007.npy,16,7,LE07_149035_20070915,75.15491,35.15141
slice_16_img_008.npy,16,8,LE07_149035_20070915,75.32159,35.15108
slice_16_img_009.npy,16,9,LE07_149035_20070915,75.48826,35.15052
slice_16_img_010.npy,16,10,LE07_149035_20070915,75.65494,35.14974
slice_16_img_011.npy,16,11,LE07_149035_20070915,75.8216,35.14872
slice_16_img_012.npy,16,12,LE07_149035_20070915,75.98825,35.14748
slice_16_img_013.npy,16,13,LE07_149035_20070915,76.1549,35.146
slice_16_img_014.npy,16,14,LE07_149035_20070915,76.32153,35.1443
slice_16_img_015.npy,16,15,LE07_149035_20070915,73.9865,35.28416
slice_16_img_016.npy,16,16,LE07_149035_20070915,74.15344,35.28544
slice_16_img_017.npy,16,17,LE07_149035_20070915,74.32038,35.2865
slice_16_img_018.npy,16,18,LE07_149035_20070915,74.48733,35.28732
slice_16_img_019.npy,16,19,LE07_149035_20070915,74.65428,35.28791
slice_16_img_020.npy,16,20,LE07_149035_20070915,74.82124,35.28828
slice_16_img_021.npy,16,21,LE07_149035_20070915,74.98821,35.28841
slice_16_img_022.npy,16,22,LE07_149035_20070915,75.15517,35.28831
slice_16_img_023.npy,16,23,LE07_149035_20070915,75.32213,35.28798
slice_16_img_024.npy,16,24,LE07_149035_20070915,75.48909,35.28742
slice_16_img_025.npy,16,25,LE07_149035_20070915,75.65604,35.28663
slice_16_img_026.npy,16,26,LE07_149035_20070915,75.82298,35.28561
slice_16_img_027.npy,16,27,LE07_149035_20070915,75.98991,35.28436
slice_16_img_028.npy,16,28,LE07_149035_20070915,76.15684,35.28288
slice_16_img_029.npy,16,29,LE07_149035_20070915,76.32375,35.28116
slice_16_img_030.npy,16,30,LE07_149035_20070915,73.98479,35.42104
slice_16_img_031.npy,16,31,LE07_149035_20070915,74.15201,35.42233
slice_16_img_032.npy,16,32,LE07_149035_20070915,74.31923,35.42338
slice_16_img_033.npy,16,33,LE07_149035_20070915,74.48646,35.42421
slice_16_img_034.npy,16,34,LE07_149035_20070915,74.6537,35.42481
slice_16_img_035.npy,16,35,LE07_149035_20070915,74.82094,35.42517
slice_16_img_036.npy,16,36,LE07_149035_20070915,74.98819,35.4253
slice_16_img_037.npy,16,37,LE07_149035_20070915,75.15543,35.4252
slice_16_img_038.npy,16,38,LE07_149035_20070915,75.32267,35.42487
slice_16_img_039.npy,16,39,LE07_149035_20070915,75.48991,35.42431
slice_16_img_040.npy,16,40,LE07_149035_20070915,75.65714,35.42352
slice_16_img_041.npy,16,41,LE07_149035_20070915,75.82437,35.42249
slice_16_img_042.npy,16,42,LE07_149035_20070915,75.99159,35.42123
slice_16_img_043.npy,16,43,LE07_149035_20070915,76.15879,35.41974
slice_16_img_044.npy,16,44,LE07_149035_20070915,76.32598,35.41802
slice_16_img_045.npy,16,45,LE07_149035_20070915,73.98307,35.55791
slice_16_img_046.npy,16,46,LE07_149035_20070915,74.15057,35.5592
slice_16_img_047.npy,16,47,LE07_149035_20070915,74.31807,35.56027
slice_16_img_048.npy,16,48,LE07_149035_20070915,74.48559,35.5611
slice_16_img_049.npy,16,49,LE07_149035_20070915,74.65311,35.5617
slice_16_img_050.npy,16,50,LE07_149035_20070915,74.82064,35.56206
slice_16_img_051.npy,16,51,LE07_149035_20070915,74.98817,35.5622
slice_16_img_052.npy,16,52,LE07_149035_20070915,75.15569,35.5621
slice_16_img_053.npy,16,53,LE07_149035_20070915,75.32322,35.56176
slice_16_img_054.npy,16,54,LE07_149035_20070915,75.49074,35.5612
slice_16_img_055.npy,16,55,LE07_149035_20070915,75.65826,35.5604
slice_16_img_056.npy,16,56,LE07_149035_20070915,75.82577,35.55937
slice_16_img_057.npy,16,57,LE07_149035_20070915,75.99327,35.5581
slice_16_img_058.npy,16,58,LE07_149035_20070915,76.16076,35.55661
slice_16_img_059.npy,16,59,LE07_149035_20070915,76.32823,35.55488
slice_16_img_060.npy,16,60,LE07_149035_20070915,73.98133,35.69478
slice_16_img_061.npy,16,61,LE07_149035_20070915,74.14912,35.69608
slice_16_img_062.npy,16,62,LE07_149035_20070915,74.31691,35.69715
slice_16_img_063.npy,16,63,LE07_149035_20070915,74.48471,35.69798
slice_16_img_064.npy,16,64,LE07_149035_20070915,74.65252,35.69858
slice_16_img_065.npy,16,65,LE07_149035_20070915,74.82033,35.69895
slice_16_img_066.npy,16,66,LE07_149035_20070915,74.98815,35.69908
slice_16_img_067.npy,16,67,LE07_149035_20070915,75.15596,35.69898
slice_16_img_068.npy,16,68,LE07_149035_20070915,75.32377,35.69865
slice_16_img_069.npy,16,69,LE07_149035_20070915,75.49158,35.69808
slice_16_img_070.npy,16,70,LE07_149035_20070915,75.65938,35.69728
slice_16_img_071.npy,16,71,LE07_149035_20070915,75.82718,35.69624
slice_16_img_072.npy,16,72,LE07_149035_20070915,75.99496,35.69497
slice_16_img_073.npy,16,73,LE07_149035_20070915,76.16274,35.69347
slice_16_img_074.npy,16,74,LE07_149035_20070915,76.3305,35.69173
slice_16_img_075.npy,16,75,LE07_149035_20070915,73.97959,35.83164
slice_16_img_076.npy,16,76,LE07_149035_20070915,74.14766,35.83295
slice_16_img_077.npy,16,77,LE07_149035_20070915,74.31574,35.83402
slice_16_img_078.npy,16,78,LE07_149035_20070915,74.48383,35.83486
slice_16_img_079.npy,16,79,LE07_149035_20070915,74.65192,35.83547
slice_16_img_080.npy,16,80,LE07_149035_20070915,74.82002,35.83584
slice_16_img_081.npy,16,81,LE07_149035_20070915,74.98813,35.83597
slice_16_img_082.npy,16,82,LE07_149035_20070915,75.15623,35.83587
slice_16_img_083.npy,16,83,LE07_149035_20070915,75.32433,35.83553
slice_16_img_084.npy,16,84,LE07_149035_20070915,75.49242,35.83496
slice_16_img_085.npy,16,85,LE07_149035_20070915,75.66051,35.83416
slice_16_img_086.npy,16,86,LE07_149035_20070915,75.8286,35.83312
slice_16_img_087.npy,16,87,LE07_149035_20070915,75.99667,35.83184
slice_16_img_088.npy,16,88,LE07_149035_20070915,76.16473,35.83033
slice_16_img_089.npy,16,89,LE07_149035_20070915,76.33278,35.82858
slice_16_img_090.npy,16,90,LE07_149035_20070915,73.97783,35.9685
slice_16_img_091.npy,16,91,LE07_149035_20070915,74.14619,35.96982
slice_16_img_092.npy,16,92,LE07_149035_20070915,74.31456,35.9709
slice_16_img_093.npy,16,93,LE07_149035_20070915,74.48294,35.97174
slice_16_img_094.npy,16,94,LE07_149035_20070915,74.65133,35.97235
slice_16_img_095.npy,16,95,LE07_149035_20070915,74.81971,35.97272
slice_16_img_096.npy,16,96,LE07_149035_20070915,74.98811,35.97285
slice_16_img_097.npy,16,97,LE07_149035_20070915,75.1565,35.97275
slice_16_img_098.npy,16,98,LE07_149035_20070915,75.32489,35.97242
slice_16_img_099.npy,16,99,LE07_149035_20070915,75.49327,35.97184
slice_16_img_100.npy,16,100,LE07_149035_20070915,75.66165,35.97103
slice_16_img_101.npy,16,101,LE07_149035_20070915,75.83002,35.96998
slice_16_img_102.npy,16,102,LE07_149035_20070915,75.99839,35.9687
slice_16_img_103.npy,16,103,LE07_149035_20070915,76.16674,35.96718
slice_16_img_104.npy,16,104,LE07_149035_20070915,76.33508,35.96543
slice_16_img_105.npy,16,105,LE07_149035_20070915,73.97606,36.10536
slice_16_img_106.npy,16,106,LE07_149035_20070915,74.14471,36.10668
slice_16_img_107.npy,16,107,LE07_149035_20070915,74.31337,36.10777
slice_16_img_108.npy,16,108,LE07_149035_20070915,74.48204,36.10862
slice_16_img_109.npy,16,109,LE07_149035_20070915,74.65072,36.10923
slice_16_img_110.npy,16,110,LE07_149035_20070915,74.8194,36.1096
slice_16_img_111.npy,16,111,LE07_149035_20070915,74.98808,36.10974
slice_16_img_112.npy,16,112,LE07_149035_20070915,75.15677,36.10963
slice_16_img_113.npy,16,113,LE07_149035_20070915,75.32545,36.10929
slice_16_img_114.npy,16,114,LE07_149035_20070915,75.49413,36.10872
slice_16_img_115.npy,16,115,LE07_149035_20070915,75.6628,36.1079
slice_16_img_116.npy,16,116,LE07_149035_20070915,75.83146,36.10685
slice_16_img_117.npy,16,117,LE07_149035_20070915,76.00012,36.10556
slice_16_img_118.npy,16,118,LE07_149035_20070915,76.16876,36.10403
slice_16_img_119.npy,16,119,LE07_149035_20070915,76.33739,36.10227
slice_16_img_120.npy,16,120,LE07_149035_20070915,73.97428,36.24222
slice_16_img_121.npy,16,121,LE07_149035_20070915,74.14322,36.24354
slice_16_img_122.npy,16,122,LE07_149035_20070915,74.31218,36.24464
slice_16_img_123.npy,16,123,LE07_149035_20070915,74.48114,36.24549
slice_16_img_124.npy,16,124,LE07_149035_20070915,74.65011,36.2461
slice_16_img_125.npy,16,125,LE07_149035_20070915,74.81909,36.24648
slice_16_img_126.npy,16,126,LE07_149035_20070915,74.98806,36.24661
slice_16_img_127.npy,16,127,LE07_149035_20070915,75.15704,36.24651
slice_16_img_128.npy,16,128,LE07_149035_20070915,75.32602,36.24617
slice_16_img_129.npy,16,129,LE07_149035_20070915,75.49499,36.24559
slice_16_img_130.npy,16,130,LE07_149035_20070915,75.66395,36.24477
slice_16_img_131.npy,16,131,LE07_149035_20070915,75.83291,36.24371
slice_16_img_132.npy,16,132,LE07_149035_20070915,76.00186,36.24242
slice_16_img_133.npy,16,133,LE07_149035_20070915,76.17079,36.24088
slice_16_img_134.npy,16,134,LE07_149035_20070915,76.33971,36.23911
slice_16_img_135.npy,16,135,LE07_149035_20070915,73.97248,36.37907
slice_16_img_136.npy,16,136,LE07_149035_20070915,74.14172,36.3804
slice_16_img_137.npy,16,137,LE07_149035_20070915,74.31098,36.3815
slice_16_img_138.npy,16,138,LE07_149035_20070915,74.48023,36.38236
slice_16_img_139.npy,16,139,LE07_149035_20070915,74.6495,36.38297
slice_16_img_140.npy,16,140,LE07_149035_20070915,74.81877,36.38335
slice_16_img_141.npy,16,141,LE07_149035_20070915,74.98804,36.38349
slice_16_img_142.npy,16,142,LE07_149035_20070915,75.15732,36.38338
slice_16_img_143.npy,16,143,LE07_149035_20070915,75.32659,36.38304
slice_16_img_144.npy,16,144,LE07_149035_20070915,75.49585,36.38246
slice_16_img_145.npy,16,145,LE07_149035_20070915,75.66511,36.38164
slice_16_img_146.npy,16,146,LE07_149035_20070915,75.83437,36.38057
slice_16_img_147.npy,16,147,LE07_149035_20070915,76.00361,36.37927
slice_16_img_148.npy,16,148,LE07_149035_20070915,76.17284,36.37773
slice_16_img_149.npy,16,149,LE07_149035_20070915,76.34206,36.37595
slice_16_img_150.npy,16,150,LE07_149035_20070915,73.97068,36.51592
slice_16_img_151.npy,16,151,LE07_149035_20070915,74.14021,36.51726
slice_16_img_152.npy,16,152,LE07_149035_20070915,74.30976,36.51836
slice_16_img_153.npy,16,153,LE07_149035_20070915,74.47932,36.51922
slice_16_img_154.npy,16,154,LE07_149035_20070915,74.64888,36.51984
slice_16_img_155.npy,16,155,LE07_149035_20070915,74.81845,36.52022
slice_16_img_156.npy,16,156,LE07_149035_20070915,74.98802,36.52036
slice_16_img_157.npy,16,157,LE07_149035_20070915,75.15759,36.52025
slice_16_img_158.npy,16,158,LE07_149035_20070915,75.32716,36.51991
slice_16_img_159.npy,16,159,LE07_149035_20070915,75.49672,36.51932
slice_16_img_160.npy,16,160,LE07_149035_20070915,75.66628,36.5185
slice_16_img_161.npy,16,161,LE07_149035_20070915,75.83583,36.51743
slice_16_img_162.npy,16,162,LE07_149035_20070915,76.00537,36.51612
slice_16_img_163.npy,16,163,LE07_149035_20070915,76.1749,36.51457
slice_16_img_164.npy,16,164,LE07_149035_20070915,76.34442,36.51278
slice_16_img_165.npy,16,165,LE07_149035_20070915,73.96886,36.65276
slice_16_img_166.npy,16,166,LE07_149035_20070915,74.1387,36.65411
slice_16_img_167.npy,16,167,LE07_149035_20070915,74.30854,36.65522
slice_16_img_168.npy,16,168,LE07_149035_20070915,74.4784,36.65608
slice_16_img_169.npy,16,169,LE07_149035_20070915,74.64826,36.65671
slice_16_img_170.npy,16,170,LE07_149035_20070915,74.81813,36.65709
slice_16_img_171.npy,16,171,LE07_149035_20070915,74.988,36.65722
slice_16_img_172.npy,16,172,LE07_149035_20070915,75.15787,36.65712
slice_16_img_173.npy,16,173,LE07_149035_20070915,75.32774,36.65677
slice_16_img_174.npy,16,174,LE07_149035_20070915,75.4976,36.65619
slice_16_img_175.npy,16,175,LE07_149035_20070915,75.66746,36.65536
slice_16_img_176.npy,16,176,LE07_149035_20070915,75.83731,36.65428
slice_16_img_177.npy,16,177,LE07_149035_20070915,76.00715,36.65297
slice_16_img_178.npy,16,178,LE07_149035_20070915,76.17698,36.65141
slice_16_img_179.npy,16,179,LE07_149035_20070915,76.34679,36.64961
slice_16_img_180.npy,16,180,LE07_149035_20070915,73.96703,36.7896
slice_16_img_181.npy,16,181,LE07_149035_20070915,74.13717,36.79096
slice_16_img_182.npy,16,182,LE07_149035_20070915,74.30732,36.79207
slice_16_img_183.npy,16,183,LE07_149035_20070915,74.47747,36.79294
slice_16_img_184.npy,16,184,LE07_149035_20070915,74.64764,36.79357
slice_16_img_185.npy,16,185,LE07_149035_20070915,74.81781,36.79395
slice_16_img_186.npy,16,186,LE07_149035_20070915,74.98798,36.79409
slice_16_img_187.npy,16,187,LE07_149035_20070915,75.15815,36.79398
slice_16_img_188.npy,16,188,LE07_149035_20070915,75.32832,36.79364
slice_16_img_189.npy,16,189,LE07_149035_20070915,75.49849,36.79305
slice_16_img_190.npy,16,190,LE07_149035_20070915,75.66865,36.79221
slice_16_img_191.npy,16,191,LE07_149035_20070915,75.8388,36.79113
slice_16_img_192.npy,16,192,LE07_149035_20070915,76.00894,36.78981
slice_16_img_193.npy,16,193,LE07_149035_20070915,76.17907,36.78825
slice_16_img_194.npy,16,194,LE07_149035_20070915,76.34918,36.78644
slice_16_img_195.npy,16,195,LE07_149035_20070915,73.96518,36.92644
slice_16_img_196.npy,16,196,LE07_149035_20070915,74.13563,36.92781
slice_16_img_197.npy,16,197,LE07_149035_20070915,74.30608,36.92892
slice_16_img_198.npy,16,198,LE07_149035_20070915,74.47654,36.9298
slice_16_img_199.npy,16,199,LE07_149035_20070915,74.64701,36.93043
slice_16_img_200.npy,16,200,LE07_149035_20070915,74.81748,36.93081
slice_16_img_201.npy,16,201,LE07_149035_20070915,74.98796,36.93095
slice_16_img_202.npy,16,202,LE07_149035_20070915,75.15843,36.93085
slice_16_img_203.npy,16,203,LE07_149035_20070915,75.32891,36.9305
slice_16_img_204.npy,16,204,LE07_149035_20070915,75.49938,36.9299
slice_16_img_205.npy,16,205,LE07_149035_20070915,75.66984,36.92906
slice_16_img_206.npy,16,206,LE07_149035_20070915,75.84029,36.92798
slice_16_img_207.npy,16,207,LE07_149035_20070915,76.01074,36.92665
slice_16_img_208.npy,16,208,LE07_149035_20070915,76.18117,36.92508
slice_16_img_209.npy,16,209,LE07_149035_20070915,76.35159,36.92326
slice_17_img_000.npy,17,0,LE07_136041_20060731,91.89742,26.54465
slice_17_img_001.npy,17,1,LE07_136041_20060731,92.04981,26.54575
slice_17_img_002.npy,17,2,LE07_136041_20060731,92.2022,26.54668
slice_17_img_003.npy,17,3,LE07_136041_20060731,92.3546,26.54746
slice_17_img_004.npy,17,4,LE07_136041_20060731,92.50701,26.54806
slice_17_img_005.npy,17,5,LE07_136041_20060731,92.65942,26.54851
slice_17_img_006.npy,17,6,LE07_136041_20060731,92.81184,26.54879
slice_17_img_007.npy,17,7,LE07_136041_20060731,92.96426,26.54891
slice_17_img_008.npy,17,8,LE07_136041_20060731,93.11667,26.54887
slice_17_img_009.npy,17,9,LE07_136041_20060731,93.26909,26.54866
slice_17_img_010.npy,17,10,LE07_136041_20060731,93.4215,26.54829
slice_17_img_011.npy,17,11,LE07_136041_20060731,93.57391,26.54776
slice_17_img_012.npy,17,12,LE07_136041_20060731,93.72632,26.54707
slice_17_img_013.npy,17,13,LE07_136041_20060731,93.87872,26.54621
slice_17_img_014.npy,17,14,LE07_136041_20060731,94.03111,26.54519
slice_17_img_015.npy,17,15,LE07_136041_20060731,91.8961,26.68171
slice_17_img_016.npy,17,16,LE07_136041_20060731,92.04867,26.68281
slice_17_img_017.npy,17,17,LE07_136041_20060731,92.20125,26.68375
slice_17_img_018.npy,17,18,LE07_136041_20060731,92.35383,26.68453
slice_17_img_019.npy,17,19,LE07_136041_20060731,92.50642,26.68514
slice_17_img_020.npy,17,20,LE07_136041_20060731,92.65902,26.68559
slice_17_img_021.npy,17,21,LE07_136041_20060731,92.81161,26.68587
slice_17_img_022.npy,17,22,LE07_136041_20060731,92.96421,26.68599
slice_17_img_023.npy,17,23,LE07_136041_20060731,93.11681,26.68595
slice_17_img_024.npy,17,24,LE07_136041_20060731,93.26941,26.68574
slice_17_img_025.npy,17,25,LE07_136041_20060731,93.422,26.68537
slice_17_img_026.npy,17,26,LE07_136041_20060731,93.5746,26.68484
slice_17_img_027.npy,17,27,LE07_136041_20060731,93.72718,26.68414
slice_17_img_028.npy,17,28,LE07_136041_20060731,93.87976,26.68327
slice_17_img_029.npy,17,29,LE07_136041_20060731,94.03234,26.68225
slice_17_img_030.npy,17,30,LE07_136041_20060731,91.89478,26.81876
slice_17_img_031.npy,17,31,LE07_136041_20060731,92.04753,26.81987
slice_17_img_032.npy,17,32,LE07_136041_20060731,92.20029,26.82082
slice_17_img_033.npy,17,33,LE07_136041_20060731,92.35306,26.8216
slice_17_img_034.npy,17,34,LE07_136041_20060731,92.50583,26.82221
slice_17_img_035.npy,17,35,LE07_136041_20060731,92.65861,26.82266
slice_17_img_036.npy,17,36,LE07_136041_20060731,92.81139,26.82295
slice_17_img_037.npy,17,37,LE07_136041_20060731,92.96417,26.82307
slice_17_img_038.npy,17,38,LE07_136041_20060731,93.11695,26.82303
slice_17_img_039.npy,17,39,LE07_136041_20060731,93.26973,26.82282
slice_17_img_040.npy,17,40,LE07_136041_20060731,93.42251,26.82245
slice_17_img_041.npy,17,41,LE07_136041_20060731,93.57529,26.82191
slice_17_img_042.npy,17,42,LE07_136041_20060731,93.72806,26.8212
slice_17_img_043.npy,17,43,LE07_136041_20060731,93.88082,26.82034
slice_17_img_044.npy,17,44,LE07_136041_20060731,94.03358,26.8193
slice_17_img_045.npy,17,45,LE07_136041_20060731,91.89344,26.95581
slice_17_img_046.npy,17,46,LE07_136041_20060731,92.04638,26.95693
slice_17_img_047.npy,17,47,LE07_136041_20060731,92.19933,26.95788
slice_17_img_048.npy,17,48,LE07_136041_20060731,92.35228,26.95866
slice_17_img_049.npy,17,49,LE07_136041_20060731,92.50523,26.95928
slice_17_img_050.npy,17,50,LE07_136041_20060731,92.6582,26.95974
slice_17_img_051.npy,17,51,LE07_136041_20060731,92.81116,26.96003
slice_17_img_052.npy,17,52,LE07_136041_20060731,92.96413,26.96015
slice_17_img_053.npy,17,53,LE07_136041_20060731,93.11709,26.9601
slice_17_img_054.npy,17,54,LE07_136041_20060731,93.27006,26.95989
slice_17_img_055.npy,17,55,LE07_136041_20060731,93.42302,26.95952
slice_17_img_056.npy,17,56,LE07_136041_20060731,93.57598,26.95898
slice_17_img_057.npy,17,57,LE07_136041_20060731,93.72893,26.95827
slice_17_img_058.npy,17,58,LE07_136041_20060731,93.88188,26.95739
slice_17_img_059.npy,17,59,LE07_136041_20060731,94.03482,26.95636
slice_17_img_060.npy,17,60,LE07_136041_20060731,91.8921,27.09286
slice_17_img_061.npy,17,61,LE07_136041_20060731,92.04522,27.09398
slice_17_img_062.npy,17,62,LE07_136041_20060731,92.19835,27.09494
slice_17_img_063.npy,17,63,LE07_136041_20060731,92.35149,27.09573
slice_17_img_064.npy,17,64,LE07_136041_20060731,92.50463,27.09635
slice_17_img_065.npy,17,65,LE07_136041_20060731,92.65778,27.09681
slice_17_img_066.npy,17,66,LE07_136041_20060731,92.81093,27.0971
slice_17_img_067.npy,17,67,LE07_136041_20060731,92.96408,27.09722
slice_17_img_068.npy,17,68,LE07_136041_20060731,93.11724,27.09718
slice_17_img_069.npy,17,69,LE07_136041_20060731,93.27039,27.09696
slice_17_img_070.npy,17,70,LE07_136041_20060731,93.42354,27.09659
slice_17_img_071.npy,17,71,LE07_136041_20060731,93.57668,27.09604
slice_17_img_072.npy,17,72,LE07_136041_20060731,93.72982,27.09533
slice_17_img_073.npy,17,73,LE07_136041_20060731,93.88295,27.09445
slice_17_img_074.npy,17,74,LE07_136041_20060731,94.03608,27.09341
slice_17_img_075.npy,17,75,LE07_136041_20060731,91.89075,27.2299
slice_17_img_076.npy,17,76,LE07_136041_20060731,92.04406,27.23103
slice_17_img_077.npy,17,77,LE07_136041_20060731,92.19737,27.232
slice_17_img_078.npy,17,78,LE07_136041_20060731,92.3507,27.23279
slice_17_img_079.npy,17,79,LE07_136041_20060731,92.50403,27.23342
slice_17_img_080.npy,17,80,LE07_136041_20060731,92.65736,27.23388
slice_17_img_081.npy,17,81,LE07_136041_20060731,92.8107,27.23417
slice_17_img_082.npy,17,82,LE07_136041_20060731,92.96404,27.23429
slice_17_img_083.npy,17,83,LE07_136041_20060731,93.11738,27.23425
slice_17_img_084.npy,17,84,LE07_136041_20060731,93.27072,27.23403
slice_17_img_085.npy,17,85,LE07_136041_20060731,93.42405,27.23365
slice_17_img_086.npy,17,86,LE07_136041_20060731,93.57738,27.23311
slice_17_img_087.npy,17,87,LE07_136041_20060731,93.73071,27.23239
slice_17_img_088.npy,17,88,LE07_136041_20060731,93.88403,27.23151
slice_17_img_089.npy,17,89,LE07_136041_20060731,94.03735,27.23045
slice_17_img_090.npy,17,90,LE07_136041_20060731,91.88938,27.36694
slice_17_img_091.npy,17,91,LE07_136041_20060731,92.04288,27.36808
slice_17_img_092.npy,17,92,LE07_136041_20060731,92.19639,27.36905
slice_17_img_093.npy,17,93,LE07_136041_20060731,92.3499,27.36985
slice_17_img_094.npy,17,94,LE07_136041_20060731,92.50342,27.37048
slice_17_img_095.npy,17,95,LE07_136041_20060731,92.65694,27.37094
slice_17_img_096.npy,17,96,LE07_136041_20060731,92.81047,27.37123
slice_17_img_097.npy,17,97,LE07_136041_20060731,92.964,27.37136
slice_17_img_098.npy,17,98,LE07_136041_20060731,93.11752,27.37131
slice_17_img_099.npy,17,99,LE07_136041_20060731,93.27105,27.3711
slice_17_img_100.npy,17,100,LE07_136041_20060731,93.42457,27.37072
slice_17_img_101.npy,17,101,LE07_136041_20060731,93.57809,27.37017
slice_17_img_102.npy,17,102,LE07_136041_20060731,93.73161,27.36945
slice_17_img_103.npy,17,103,LE07_136041_20060731,93.88512,27.36856
slice_17_img_104.npy,17,104,LE07_136041_20060731,94.03862,27.3675
slice_17_img_105.npy,17,105,LE07_136041_20060731,91.88801,27.50398
slice_17_img_106.npy,17,106,LE07_136041_20060731,92.0417,27.50513
slice_17_img_107.npy,17,107,LE07_136041_20060731,92.19539,27.5061
slice_17_img_108.npy,17,108,LE07_136041_20060731,92.3491,27.50691
slice_17_img_109.npy,17,109,LE07_136041_20060731,92.50281,27.50754
slice_17_img_110.npy,17,110,LE07_136041_20060731,92.65652,27.508
slice_17_img_111.npy,17,111,LE07_136041_20060731,92.81023,27.5083
slice_17_img_112.npy,17,112,LE07_136041_20060731,92.96395,27.50842
slice_17_img_113.npy,17,113,LE07_136041_20060731,93.11767,27.50838
slice_17_img_114.npy,17,114,LE07_136041_20060731,93.27138,27.50816
slice_17_img_115.npy,17,115,LE07_136041_20060731,93.4251,27.50778
slice_17_img_116.npy,17,116,LE07_136041_20060731,93.57881,27.50722
slice_17_img_117.npy,17,117,LE07_136041_20060731,93.73251,27.5065
slice_17_img_118.npy,17,118,LE07_136041_20060731,93.88621,27.50561
slice_17_img_119.npy,17,119,LE07_136041_20060731,94.0399,27.50454
slice_17_img_120.npy,17,120,LE07_136041_20060731,91.88663,27.64102
slice_17_img_121.npy,17,121,LE07_136041_20060731,92.04051,27.64217
slice_17_img_122.npy,17,122,LE07_136041_20060731,92.19439,27.64315
slice_17_img_123.npy,17,123,LE07_136041_20060731,92.34829,27.64396
slice_17_img_124.npy,17,124,LE07_136041_20060731,92.50219,27.6446
slice_17_img_125.npy,17,125,LE07_136041_20060731,92.65609,27.64506
slice_17_img_126.npy,17,126,LE07_136041_20060731,92.81,27.64536
slice_17_img_127.npy,17,127,LE07_136041_20060731,92.96391,27.64549
slice_17_img_128.npy,17,128,LE07_136041_20060731,93.11781,27.64544
slice_17_img_129.npy,17,129,LE07_136041_20060731,93.27172,27.64522
slice_17_img_130.npy,17,130,LE07_136041_20060731,93.42563,27.64484
slice_17_img_131.npy,17,131,LE07_136041_20060731,93.57953,27.64428
slice_17_img_132.npy,17,132,LE07_136041_20060731,93.73343,27.64355
slice_17_img_133.npy,17,133,LE07_136041_20060731,93.88732,27.64265
slice_17_img_134.npy,17,134,LE07_136041_20060731,94.0412,27.64158
slice_17_img_135.npy,17,135,LE07_136041_20060731,91.88524,27.77805
slice_17_img_136.npy,17,136,LE07_136041_20060731,92.03931,27.77921
slice_17_img_137.npy,17,137,LE07_136041_20060731,92.19339,27.7802
slice_17_img_138.npy,17,138,LE07_136041_20060731,92.34747,27.78101
slice_17_img_139.npy,17,139,LE07_136041_20060731,92.50156,27.78165
slice_17_img_140.npy,17,140,LE07_136041_20060731,92.65566,27.78212
slice_17_img_141.npy,17,141,LE07_136041_20060731,92.80976,27.78242
slice_17_img_142.npy,17,142,LE07_136041_20060731,92.96386,27.78254
slice_17_img_143.npy,17,143,LE07_136041_20060731,93.11796,27.7825
slice_17_img_144.npy,17,144,LE07_136041_20060731,93.27206,27.78228
slice_17_img_145.npy,17,145,LE07_136041_20060731,93.42616,27.78189
slice_17_img_146.npy,17,146,LE07_136041_20060731,93.58025,27.78133
slice_17_img_147.npy,17,147,LE07_136041_20060731,93.73434,27.7806
slice_17_img_148.npy,17,148,LE07_136041_20060731,93.88843,27.77969
slice_17_img_149.npy,17,149,LE07_136041_20060731,94.0425,27.77862
slice_17_img_150.npy,17,150,LE07_136041_20060731,91.88383,27.91508
slice_17_img_151.npy,17,151,LE07_136041_20060731,92.0381,27.91625
slice_17_img_152.npy,17,152,LE07_136041_20060731,92.19237,27.91724
slice_17_img_153.npy,17,153,LE07_136041_20060731,92.34665,27.91806
slice_17_img_154.npy,17,154,LE07_136041_20060731,92.50094,27.9187
slice_17_img_155.npy,17,155,LE07_136041_20060731,92.65523,27.91917
slice_17_img_156.npy,17,156,LE07_136041_20060731,92.80952,27.91947
slice_17_img_157.npy,17,157,LE07_136041_20060731,92.96382,27.9196
slice_17_img_158.npy,17,158,LE07_136041_20060731,93.11811,27.91956
slice_17_img_159.npy,17,159,LE07_136041_20060731,93.2724,27.91934
slice_17_img_160.npy,17,160,LE07_136041_20060731,93.4267,27.91895
slice_17_img_161.npy,17,161,LE07_136041_20060731,93.58098,27.91838
slice_17_img_162.npy,17,162,LE07_136041_20060731,93.73527,27.91764
slice_17_img_163.npy,17,163,LE07_136041_20060731,93.88954,27.91673
slice_17_img_164.npy,17,164,LE07_136041_20060731,94.04381,27.91565
slice_17_img_165.npy,17,165,LE07_136041_20060731,91.88242,28.05211
slice_17_img_166.npy,17,166,LE07_136041_20060731,92.03688,28.05328
slice_17_img_167.npy,17,167,LE07_136041_20060731,92.19135,28.05428
slice_17_img_168.npy,17,168,LE07_136041_20060731,92.34582,28.0551
slice_17_img_169.npy,17,169,LE07_136041_20060731,92.50031,28.05575
slice_17_img_170.npy,17,170,LE07_136041_20060731,92.65479,28.05623
slice_17_img_171.npy,17,171,LE07_136041_20060731,92.80928,28.05653
slice_17_img_172.npy,17,172,LE07_136041_20060731,92.96377,28.05666
slice_17_img_173.npy,17,173,LE07_136041_20060731,93.11826,28.05661
slice_17_img_174.npy,17,174,LE07_136041_20060731,93.27275,28.05639
slice_17_img_175.npy,17,175,LE07_136041_20060731,93.42724,28.056
slice_17_img_176.npy,17,176,LE07_136041_20060731,93.58172,28.05543
slice_17_img_177.npy,17,177,LE07_136041_20060731,93.7362,28.05469
slice_17_img_178.npy,17,178,LE07_136041_20060731,93.89067,28.05377
slice_17_img_179.npy,17,179,LE07_136041_20060731,94.04513,28.05268
slice_17_img_180.npy,17,180,LE07_136041_20060731,91.881,28.18914
slice_17_img_181.npy,17,181,LE07_136041_20060731,92.03566,28.19031
slice_17_img_182.npy,17,182,LE07_136041_20060731,92.19032,28.19132
slice_17_img_183.npy,17,183,LE07_136041_20060731,92.34499,28.19214
slice_17_img_184.npy,17,184,LE07_136041_20060731,92.49967,28.1928
slice_17_img_185.npy,17,185,LE07_136041_20060731,92.65435,28.19328
slice_17_img_186.npy,17,186,LE07_136041_20060731,92.80904,28.19358
slice_17_img_187.npy,17,187,LE07_136041_20060731,92.96372,28.19371
slice_17_img_188.npy,17,188,LE07_136041_20060731,93.11841,28.19366
slice_17_img_189.npy,17,189,LE07_136041_20060731,93.2731,28.19344
slice_17_img_190.npy,17,190,LE07_136041_20060731,93.42778,28.19304
slice_17_img_191.npy,17,191,LE07_136041_20060731,93.58246,28.19247
slice_17_img_192.npy,17,192,LE07_136041_20060731,93.73713,28.19173
slice_17_img_193.npy,17,193,LE07_136041_20060731,93.8918,28.19081
slice_17_img_194.npy,17,194,LE07_136041_20060731,94.04646,28.18971
slice_18_img_000.npy,18,0,LE07_136040_20060731,92.22751,27.9863
slice_18_img_001.npy,18,1,LE07_136040_20060731,92.38189,27.98708
slice_18_img_002.npy,18,2,LE07_136040_20060731,92.53627,27.98769
slice_18_img_003.npy,18,3,LE07_136040_20060731,92.69066,27.98812
slice_18_img_004.npy,18,4,LE07_136040_20060731,92.84506,27.98838
slice_18_img_005.npy,18,5,LE07_136040_20060731,92.99945,27.98847
slice_18_img_006.npy,18,6,LE07_136040_20060731,93.15384,27.98838
slice_18_img_007.npy,18,7,LE07_136040_20060731,93.30823,27.98813
slice_18_img_008.npy,18,8,LE07_136040_20060731,93.46262,27.98769
slice_18_img_009.npy,18,9,LE07_136040_20060731,93.61701,27.98709
slice_18_img_010.npy,18,10,LE07_136040_20060731,93.77139,27.98631
slice_18_img_011.npy,18,11,LE07_136040_20060731,93.92576,27.98536
slice_18_img_012.npy,18,12,LE07_136040_20060731,94.08012,27.98423
slice_18_img_013.npy,18,13,LE07_136040_20060731,94.23448,27.98293
slice_18_img_014.npy,18,14,LE07_136040_20060731,94.38882,27.98146
slice_18_img_015.npy,18,15,LE07_136040_20060731,92.22653,28.12334
slice_18_img_016.npy,18,16,LE07_136040_20060731,92.38111,28.12413
slice_18_img_017.npy,18,17,LE07_136040_20060731,92.53569,28.12474
slice_18_img_018.npy,18,18,LE07_136040_20060731,92.69027,28.12517
slice_18_img_019.npy,18,19,LE07_136040_20060731,92.84486,28.12544
slice_18_img_020.npy,18,20,LE07_136040_20060731,92.99945,28.12552
slice_18_img_021.npy,18,21,LE07_136040_20060731,93.15404,28.12544
slice_18_img_022.npy,18,22,LE07_136040_20060731,93.30862,28.12518
slice_18_img_023.npy,18,23,LE07_136040_20060731,93.46321,28.12474
slice_18_img_024.npy,18,24,LE07_136040_20060731,93.61779,28.12413
slice_18_img_025.npy,18,25,LE07_136040_20060731,93.77236,28.12335
slice_18_img_026.npy,18,26,LE07_136040_20060731,93.92693,28.12239
slice_18_img_027.npy,18,27,LE07_136040_20060731,94.08149,28.12126
slice_18_img_028.npy,18,28,LE07_136040_20060731,94.23604,28.11995
slice_18_img_029.npy,18,29,LE07_136040_20060731,94.39058,28.11847
slice_18_img_030.npy,18,30,LE07_136040_20060731,92.22554,28.26038
slice_18_img_031.npy,18,31,LE07_136040_20060731,92.38032,28.26117
slice_18_img_032.npy,18,32,LE07_136040_20060731,92.53509,28.26178
slice_18_img_033.npy,18,33,LE07_136040_20060731,92.68988,28.26222
slice_18_img_034.npy,18,34,LE07_136040_20060731,92.84466,28.26249
slice_18_img_035.npy,18,35,LE07_136040_20060731,92.99945,28.26257
slice_18_img_036.npy,18,36,LE07_136040_20060731,93.15423,28.26249
slice_18_img_037.npy,18,37,LE07_136040_20060731,93.30902,28.26222
slice_18_img_038.npy,18,38,LE07_136040_20060731,93.4638,28.26179
slice_18_img_039.npy,18,39,LE07_136040_20060731,93.61858,28.26117
slice_18_img_040.npy,18,40,LE07_136040_20060731,93.77335,28.26039
slice_18_img_041.npy,18,41,LE07_136040_20060731,93.92812,28.25942
slice_18_img_042.npy,18,42,LE07_136040_20060731,94.08287,28.25828
slice_18_img_043.npy,18,43,LE07_136040_20060731,94.23762,28.25697
slice_18_img_044.npy,18,44,LE07_136040_20060731,94.39236,28.25548
slice_18_img_045.npy,18,45,LE07_136040_20060731,92.22455,28.39741
slice_18_img_046.npy,18,46,LE07_136040_20060731,92.37952,28.39821
slice_18_img_047.npy,18,47,LE07_136040_20060731,92.5345,28.39883
slice_18_img_048.npy,18,48,LE07_136040_20060731,92.68948,28.39927
slice_18_img_049.npy,18,49,LE07_136040_20060731,92.84446,28.39953
slice_18_img_050.npy,18,50,LE07_136040_20060731,92.99945,28.39962
slice_18_img_051.npy,18,51,LE07_136040_20060731,93.15443,28.39953
slice_18_img_052.npy,18,52,LE07_136040_20060731,93.30941,28.39927
slice_18_img_053.npy,18,53,LE07_136040_20060731,93.4644,28.39883
slice_18_img_054.npy,18,54,LE07_136040_20060731,93.61937,28.39821
slice_18_img_055.npy,18,55,LE07_136040_20060731,93.77434,28.39742
slice_18_img_056.npy,18,56,LE07_136040_20060731,93.92931,28.39645
slice_18_img_057.npy,18,57,LE07_136040_20060731,94.08426,28.39531
slice_18_img_058.npy,18,58,LE07_136040_20060731,94.23921,28.39398
slice_18_img_059.npy,18,59,LE07_136040_20060731,94.39414,28.39249
slice_18_img_060.npy,18,60,LE07_136040_20060731,92.22355,28.53445
slice_18_img_061.npy,18,61,LE07_136040_20060731,92.37872,28.53524
slice_18_img_062.npy,18,62,LE07_136040_20060731,92.5339,28.53587
slice_18_img_063.npy,18,63,LE07_136040_20060731,92.68908,28.53631
slice_18_img_064.npy,18,64,LE07_136040_20060731,92.84426,28.53658
slice_18_img_065.npy,18,65,LE07_136040_20060731,92.99945,28.53667
slice_18_img_066.npy,18,66,LE07_136040_20060731,93.15463,28.53658
slice_18_img_067.npy,18,67,LE07_136040_20060731,93.30981,28.53631
slice_18_img_068.npy,18,68,LE07_136040_20060731,93.46499,28.53587
slice_18_img_069.npy,18,69,LE07_136040_20060731,93.62017,28.53525
slice_18_img_070.npy,18,70,LE07_136040_20060731,93.77534,28.53445
slice_18_img_071.npy,18,71,LE07_136040_20060731,93.93051,28.53348
slice_18_img_072.npy,18,72,LE07_136040_20060731,94.08566,28.53233
slice_18_img_073.npy,18,73,LE07_136040_20060731,94.24081,28.531
slice_18_img_074.npy,18,74,LE07_136040_20060731,94.39594,28.52949
slice_18_img_075.npy,18,75,LE07_136040_20060731,92.22254,28.67147
slice_18_img_076.npy,18,76,LE07_136040_20060731,92.37791,28.67228
slice_18_img_077.npy,18,77,LE07_136040_20060731,92.53329,28.6729
slice_18_img_078.npy,18,78,LE07_136040_20060731,92.68867,28.67335
slice_18_img_079.npy,18,79,LE07_136040_20060731,92.84406,28.67362
slice_18_img_080.npy,18,80,LE07_136040_20060731,92.99944,28.67371
slice_18_img_081.npy,18,81,LE07_136040_20060731,93.15483,28.67362
slice_18_img_082.npy,18,82,LE07_136040_20060731,93.31022,28.67335
slice_18_img_083.npy,18,83,LE07_136040_20060731,93.4656,28.67291
slice_18_img_084.npy,18,84,LE07_136040_20060731,93.62098,28.67228
slice_18_img_085.npy,18,85,LE07_136040_20060731,93.77635,28.67148
slice_18_img_086.npy,18,86,LE07_136040_20060731,93.93171,28.6705
slice_18_img_087.npy,18,87,LE07_136040_20060731,94.08707,28.66934
slice_18_img_088.npy,18,88,LE07_136040_20060731,94.24242,28.66801
slice_18_img_089.npy,18,89,LE07_136040_20060731,94.39775,28.66649
slice_18_img_090.npy,18,90,LE07_136040_20060731,92.22153,28.8085
slice_18_img_091.npy,18,91,LE07_136040_20060731,92.3771,28.80931
slice_18_img_092.npy,18,92,LE07_136040_20060731,92.53268,28.80994
slice_18_img_093.npy,18,93,LE07_136040_20060731,92.68827,28.81039
slice_18_img_094.npy,18,94,LE07_136040_20060731,92.84385,28.81066
slice_18_img_095.npy,18,95,LE07_136040_20060731,92.99944,28.81075
slice_18_img_096.npy,18,96,LE07_136040_20060731,93.15503,28.81066
slice_18_img_097.npy,18,97,LE07_136040_20060731,93.31062,28.81039
slice_18_img_098.npy,18,98,LE07_136040_20060731,93.46621,28.80994
slice_18_img_099.npy,18,99,LE07_136040_20060731,93.62179,28.80931
slice_18_img_100.npy,18,100,LE07_136040_20060731,93.77736,28.80851
slice_18_img_101.npy,18,101,LE07_136040_20060731,93.93293,28.80752
slice_18_img_102.npy,18,102,LE07_136040_20060731,94.08849,28.80636
slice_18_img_103.npy,18,103,LE07_136040_20060731,94.24404,28.80501
slice_18_img_104.npy,18,104,LE07_136040_20060731,94.39958,28.80349
slice_18_img_105.npy,18,105,LE07_136040_20060731,92.2205,28.94552
slice_18_img_106.npy,18,106,LE07_136040_20060731,92.37628,28.94634
slice_18_img_107.npy,18,107,LE07_136040_20060731,92.53207,28.94697
slice_18_img_108.npy,18,108,LE07_136040_20060731,92.68786,28.94742
slice_18_img_109.npy,18,109,LE07_136040_20060731,92.84365,28.94769
slice_18_img_110.npy,18,110,LE07_136040_20060731,92.99944,28.94778
slice_18_img_111.npy,18,111,LE07_136040_20060731,93.15524,28.94769
slice_18_img_112.npy,18,112,LE07_136040_20060731,93.31103,28.94742
slice_18_img_113.npy,18,113,LE07_136040_20060731,93.46682,28.94697
slice_18_img_114.npy,18,114,LE07_136040_20060731,93.6226,28.94634
slice_18_img_115.npy,18,115,LE07_136040_20060731,93.77838,28.94553
slice_18_img_116.npy,18,116,LE07_136040_20060731,93.93416,28.94454
slice_18_img_117.npy,18,117,LE07_136040_20060731,94.08992,28.94337
slice_18_img_118.npy,18,118,LE07_136040_20060731,94.24567,28.94202
slice_18_img_119.npy,18,119,LE07_136040_20060731,94.40142,28.94049
slice_18_img_120.npy,18,120,LE07_136040_20060731,92.21947,29.08254
slice_18_img_121.npy,18,121,LE07_136040_20060731,92.37546,29.08336
slice_18_img_122.npy,18,122,LE07_136040_20060731,92.53145,29.084
slice_18_img_123.npy,18,123,LE07_136040_20060731,92.68744,29.08445
slice_18_img_124.npy,18,124,LE07_136040_20060731,92.84344,29.08472
slice_18_img_125.npy,18,125,LE07_136040_20060731,92.99944,29.08481
slice_18_img_126.npy,18,126,LE07_136040_20060731,93.15544,29.08472
slice_18_img_127.npy,18,127,LE07_136040_20060731,93.31144,29.08445
slice_18_img_128.npy,18,128,LE07_136040_20060731,93.46744,29.084
slice_18_img_129.npy,18,129,LE07_136040_20060731,93.62343,29.08337
slice_18_img_130.npy,18,130,LE07_136040_20060731,93.77941,29.08255
slice_18_img_131.npy,18,131,LE07_136040_20060731,93.93539,29.08155
slice_18_img_132.npy,18,132,LE07_136040_20060731,94.09136,29.08038
slice_18_img_133.npy,18,133,LE07_136040_20060731,94.24732,29.07902
slice_18_img_134.npy,18,134,LE07_136040_20060731,94.40327,29.07748
slice_18_img_135.npy,18,135,LE07_136040_20060731,92.21844,29.21956
slice_18_img_136.npy,18,136,LE07_136040_20060731,92.37463,29.22038
slice_18_img_137.npy,18,137,LE07_136040_20060731,92.53083,29.22102
slice_18_img_138.npy,18,138,LE07_136040_20060731,92.68703,29.22148
slice_18_img_139.npy,18,139,LE07_136040_20060731,92.84323,29.22175
slice_18_img_140.npy,18,140,LE07_136040_20060731,92.99944,29.22185
slice_18_img_141.npy,18,141,LE07_136040_20060731,93.15565,29.22175
slice_18_img_142.npy,18,142,LE07_136040_20060731,93.31185,29.22148
slice_18_img_143.npy,18,143,LE07_136040_20060731,93.46806,29.22103
slice_18_img_144.npy,18,144,LE07_136040_20060731,93.62425,29.22039
slice_18_img_145.npy,18,145,LE07_136040_20060731,93.78045,29.21957
slice_18_img_146.npy,18,146,LE07_136040_20060731,93.93663,29.21857
slice_18_img_147.npy,18,147,LE07_136040_20060731,94.09281,29.21738
slice_18_img_148.npy,18,148,LE07_136040_20060731,94.24897,29.21602
slice_18_img_149.npy,18,149,LE07_136040_20060731,94.40513,29.21447
slice_18_img_150.npy,18,150,LE07_136040_20060731,92.21739,29.35658
slice_18_img_151.npy,18,151,LE07_136040_20060731,92.37379,29.3574
slice_18_img_152.npy,18,152,LE07_136040_20060731,92.5302,29.35805
slice_18_img_153.npy,18,153,LE07_136040_20060731,92.68661,29.3585
slice_18_img_154.npy,18,154,LE07_136040_20060731,92.84303,29.35878
slice_18_img_155.npy,18,155,LE07_136040_20060731,92.99944,29.35887
slice_18_img_156.npy,18,156,LE07_136040_20060731,93.15586,29.35878
slice_18_img_157.npy,18,157,LE07_136040_20060731,93.31227,29.35851
slice_18_img_158.npy,18,158,LE07_136040_20060731,93.46868,29.35805
slice_18_img_159.npy,18,159,LE07_136040_20060731,93.62509,29.35741
slice_18_img_160.npy,18,160,LE07_136040_20060731,93.78149,29.35658
slice_18_img_161.npy,18,161,LE07_136040_20060731,93.93788,29.35558
slice_18_img_162.npy,18,162,LE07_136040_20060731,94.09427,29.35438
slice_18_img_163.npy,18,163,LE07_136040_20060731,94.25064,29.35301
slice_18_img_164.npy,18,164,LE07_136040_20060731,94.40701,29.35145
slice_18_img_165.npy,18,165,LE07_136040_20060731,92.21634,29.49359
slice_18_img_166.npy,18,166,LE07_136040_20060731,92.37295,29.49442
slice_18_img_167.npy,18,167,LE07_136040_20060731,92.52957,29.49507
slice_18_img_168.npy,18,168,LE07_136040_20060731,92.68619,29.49553
slice_18_img_169.npy,18,169,LE07_136040_20060731,92.84281,29.49581
slice_18_img_170.npy,18,170,LE07_136040_20060731,92.99944,29.4959
slice_18_img_171.npy,18,171,LE07_136040_20060731,93.15607,29.49581
slice_18_img_172.npy,18,172,LE07_136040_20060731,93.31269,29.49553
slice_18_img_173.npy,18,173,LE07_136040_20060731,93.46931,29.49507
slice_18_img_174.npy,18,174,LE07_136040_20060731,93.62593,29.49443
slice_18_img_175.npy,18,175,LE07_136040_20060731,93.78254,29.4936
slice_18_img_176.npy,18,176,LE07_136040_20060731,93.93914,29.49258
slice_18_img_177.npy,18,177,LE07_136040_20060731,94.09574,29.49138
slice_18_img_178.npy,18,178,LE07_136040_20060731,94.25232,29.49
slice_18_img_179.npy,18,179,LE07_136040_20060731,94.40889,29.48844
slice_18_img_180.npy,18,180,LE07_136040_20060731,92.21528,29.6306
slice_18_img_181.npy,18,181,LE07_136040_20060731,92.37211,29.63143
slice_18_img_182.npy,18,182,LE07_136040_20060731,92.52893,29.63208
slice_18_img_183.npy,18,183,LE07_136040_20060731,92.68577,29.63255
slice_18_img_184.npy,18,184,LE07_136040_20060731,92.8426,29.63283
slice_18_img_185.npy,18,185,LE07_136040_20060731,92.99944,29.63292
slice_18_img_186.npy,18,186,LE07_136040_20060731,93.15628,29.63283
slice_18_img_187.npy,18,187,LE07_136040_20060731,93.31311,29.63255
slice_18_img_188.npy,18,188,LE07_136040_20060731,93.46994,29.63209
slice_18_img_189.npy,18,189,LE07_136040_20060731,93.62677,29.63144
slice_18_img_190.npy,18,190,LE07_136040_20060731,93.7836,29.63061
slice_18_img_191.npy,18,191,LE07_136040_20060731,93.94041,29.62959
slice_18_img_192.npy,18,192,LE07_136040_20060731,94.09722,29.62838
slice_18_img_193.npy,18,193,LE07_136040_20060731,94.25401,29.62699
slice_18_img_194.npy,18,194,LE07_136040_20060731,94.4108,29.62542
slice_19_img_000.npy,19,0,LE07_135040_20081102,93.77011,28.00635
slice_19_img_001.npy,19,1,LE07_135040_20081102,93.92451,28.0054
slice_19_img_002.npy,19,2,LE07_135040_20081102,94.0789,28.00428
slice_19_img_003.npy,19,3,LE07_135040_20081102,94.23329,28.00298
slice_19_img_004.npy,19,4,LE07_135040_20081102,94.38766,28.00151
slice_19_img_005.npy,19,5,LE07_135040_20081102,94.54202,27.99986
slice_19_img_006.npy,19,6,LE07_135040_20081102,94.69637,27.99805
slice_19_img_007.npy,19,7,LE07_135040_20081102,94.8507,27.99605
slice_19_img_008.npy,19,8,LE07_135040_20081102,95.00501,27.99389
slice_19_img_009.npy,19,9,LE07_135040_20081102,95.15931,27.99155
slice_19_img_010.npy,19,10,LE07_135040_20081102,95.31359,27.98904
slice_19_img_011.npy,19,11,LE07_135040_20081102,95.46784,27.98636
slice_19_img_012.npy,19,12,LE07_135040_20081102,95.62208,27.9835
slice_19_img_013.npy,19,13,LE07_135040_20081102,95.77629,27.98048
slice_19_img_014.npy,19,14,LE07_135040_20081102,95.93048,27.97728
slice_19_img_015.npy,19,15,LE07_135040_20081102,93.77109,28.14339
slice_19_img_016.npy,19,16,LE07_135040_20081102,93.92568,28.14244
slice_19_img_017.npy,19,17,LE07_135040_20081102,94.08027,28.14131
slice_19_img_018.npy,19,18,LE07_135040_20081102,94.23485,28.14
slice_19_img_019.npy,19,19,LE07_135040_20081102,94.38942,28.13852
slice_19_img_020.npy,19,20,LE07_135040_20081102,94.54398,28.13687
slice_19_img_021.npy,19,21,LE07_135040_20081102,94.69852,28.13504
slice_19_img_022.npy,19,22,LE07_135040_20081102,94.85305,28.13303
slice_19_img_023.npy,19,23,LE07_135040_20081102,95.00756,28.13086
slice_19_img_024.npy,19,24,LE07_135040_20081102,95.16205,28.12851
slice_19_img_025.npy,19,25,LE07_135040_20081102,95.31652,28.12598
slice_19_img_026.npy,19,26,LE07_135040_20081102,95.47097,28.12328
slice_19_img_027.npy,19,27,LE07_135040_20081102,95.62541,28.12041
slice_19_img_028.npy,19,28,LE07_135040_20081102,95.77981,28.11737
slice_19_img_029.npy,19,29,LE07_135040_20081102,95.93419,28.11415
slice_19_img_030.npy,19,30,LE07_135040_20081102,93.77207,28.28043
slice_19_img_031.npy,19,31,LE07_135040_20081102,93.92687,28.27947
slice_19_img_032.npy,19,32,LE07_135040_20081102,94.08165,28.27833
slice_19_img_033.npy,19,33,LE07_135040_20081102,94.23643,28.27702
slice_19_img_034.npy,19,34,LE07_135040_20081102,94.3912,28.27553
slice_19_img_035.npy,19,35,LE07_135040_20081102,94.54595,28.27387
slice_19_img_036.npy,19,36,LE07_135040_20081102,94.70069,28.27203
slice_19_img_037.npy,19,37,LE07_135040_20081102,94.85541,28.27001
slice_19_img_038.npy,19,38,LE07_135040_20081102,95.01012,28.26782
slice_19_img_039.npy,19,39,LE07_135040_20081102,95.16481,28.26546
slice_19_img_040.npy,19,40,LE07_135040_20081102,95.31948,28.26292
slice_19_img_041.npy,19,41,LE07_135040_20081102,95.47413,28.26021
slice_19_img_042.npy,19,42,LE07_135040_20081102,95.62875,28.25732
slice_19_img_043.npy,19,43,LE07_135040_20081102,95.78336,28.25426
slice_19_img_044.npy,19,44,LE07_135040_20081102,95.93794,28.25102
slice_19_img_045.npy,19,45,LE07_135040_20081102,93.77306,28.41747
slice_19_img_046.npy,19,46,LE07_135040_20081102,93.92806,28.4165
slice_19_img_047.npy,19,47,LE07_135040_20081102,94.08304,28.41535
slice_19_img_048.npy,19,48,LE07_135040_20081102,94.23802,28.41403
slice_19_img_049.npy,19,49,LE07_135040_20081102,94.39298,28.41254
slice_19_img_050.npy,19,50,LE07_135040_20081102,94.54793,28.41086
slice_19_img_051.npy,19,51,LE07_135040_20081102,94.70287,28.40901
slice_19_img_052.npy,19,52,LE07_135040_20081102,94.85779,28.40699
slice_19_img_053.npy,19,53,LE07_135040_20081102,95.0127,28.40479
slice_19_img_054.npy,19,54,LE07_135040_20081102,95.16759,28.40241
slice_19_img_055.npy,19,55,LE07_135040_20081102,95.32246,28.39985
slice_19_img_056.npy,19,56,LE07_135040_20081102,95.4773,28.39713
slice_19_img_057.npy,19,57,LE07_135040_20081102,95.63213,28.39422
slice_19_img_058.npy,19,58,LE07_135040_20081102,95.78693,28.39114
slice_19_img_059.npy,19,59,LE07_135040_20081102,95.9417,28.38788
slice_19_img_060.npy,19,60,LE07_135040_20081102,93.77406,28.5545
slice_19_img_061.npy,19,61,LE07_135040_20081102,93.92926,28.55352
slice_19_img_062.npy,19,62,LE07_135040_20081102,94.08444,28.55237
slice_19_img_063.npy,19,63,LE07_135040_20081102,94.23962,28.55105
slice_19_img_064.npy,19,64,LE07_135040_20081102,94.39478,28.54954
slice_19_img_065.npy,19,65,LE07_135040_20081102,94.54993,28.54786
slice_19_img_066.npy,19,66,LE07_135040_20081102,94.70507,28.546
slice_19_img_067.npy,19,67,LE07_135040_20081102,94.86019,28.54396
slice_19_img_068.npy,19,68,LE07_135040_20081102,95.0153,28.54175
slice_19_img_069.npy,19,69,LE07_135040_20081102,95.17039,28.53935
slice_19_img_070.npy,19,70,LE07_135040_20081102,95.32545,28.53679
slice_19_img_071.npy,19,71,LE07_135040_20081102,95.4805,28.53404
slice_19_img_072.npy,19,72,LE07_135040_20081102,95.63552,28.53112
slice_19_img_073.npy,19,73,LE07_135040_20081102,95.79052,28.52802
slice_19_img_074.npy,19,74,LE07_135040_20081102,95.9455,28.52475
slice_19_img_075.npy,19,75,LE07_135040_20081102,93.77507,28.69153
slice_19_img_076.npy,19,76,LE07_135040_20081102,93.93046,28.69055
slice_19_img_077.npy,19,77,LE07_135040_20081102,94.08585,28.68939
slice_19_img_078.npy,19,78,LE07_135040_20081102,94.24123,28.68805
slice_19_img_079.npy,19,79,LE07_135040_20081102,94.39659,28.68654
slice_19_img_080.npy,19,80,LE07_135040_20081102,94.55195,28.68485
slice_19_img_081.npy,19,81,LE07_135040_20081102,94.70729,28.68298
slice_19_img_082.npy,19,82,LE07_135040_20081102,94.86261,28.68093
slice_19_img_083.npy,19,83,LE07_135040_20081102,95.01791,28.6787
slice_19_img_084.npy,19,84,LE07_135040_20081102,95.1732,28.6763
slice_19_img_085.npy,19,85,LE07_135040_20081102,95.32847,28.67371
slice_19_img_086.npy,19,86,LE07_135040_20081102,95.48372,28.67095
slice_19_img_087.npy,19,87,LE07_135040_20081102,95.63894,28.66802
slice_19_img_088.npy,19,88,LE07_135040_20081102,95.79414,28.6649
slice_19_img_089.npy,19,89,LE07_135040_20081102,95.94932,28.66161
slice_19_img_090.npy,19,90,LE07_135040_20081102,93.77608,28.82855
slice_19_img_091.npy,19,91,LE07_135040_20081102,93.93168,28.82757
slice_19_img_092.npy,19,92,LE07_135040_20081102,94.08727,28.8264
slice_19_img_093.npy,19,93,LE07_135040_20081102,94.24285,28.82506
slice_19_img_094.npy,19,94,LE07_135040_20081102,94.39842,28.82354
slice_19_img_095.npy,19,95,LE07_135040_20081102,94.55397,28.82184
slice_19_img_096.npy,19,96,LE07_135040_20081102,94.70952,28.81995
slice_19_img_097.npy,19,97,LE07_135040_20081102,94.86504,28.81789
slice_19_img_098.npy,19,98,LE07_135040_20081102,95.02055,28.81566
slice_19_img_099.npy,19,99,LE07_135040_20081102,95.17604,28.81324
slice_19_img_100.npy,19,100,LE07_135040_20081102,95.33151,28.81064
slice_19_img_101.npy,19,101,LE07_135040_20081102,95.48696,28.80786
slice_19_img_102.npy,19,102,LE07_135040_20081102,95.64239,28.80491
slice_19_img_103.npy,19,103,LE07_135040_20081102,95.79779,28.80178
slice_19_img_104.npy,19,104,LE07_135040_20081102,95.95317,28.79846
slice_19_img_105.npy,19,105,LE07_135040_20081102,93.7771,28.96558
slice_19_img_106.npy,19,106,LE07_135040_20081102,93.9329,28.96459
slice_19_img_107.npy,19,107,LE07_135040_20081102,94.0887,28.96342
slice_19_img_108.npy,19,108,LE07_135040_20081102,94.24448,28.96206
slice_19_img_109.npy,19,109,LE07_135040_20081102,94.40026,28.96053
slice_19_img_110.npy,19,110,LE07_135040_20081102,94.55602,28.95882
slice_19_img_111.npy,19,111,LE07_135040_20081102,94.71176,28.95693
slice_19_img_112.npy,19,112,LE07_135040_20081102,94.86749,28.95486
slice_19_img_113.npy,19,113,LE07_135040_20081102,95.0232,28.95261
slice_19_img_114.npy,19,114,LE07_135040_20081102,95.1789,28.95017
slice_19_img_115.npy,19,115,LE07_135040_20081102,95.33457,28.94756
slice_19_img_116.npy,19,116,LE07_135040_20081102,95.49023,28.94477
slice_19_img_117.npy,19,117,LE07_135040_20081102,95.64586,28.9418
slice_19_img_118.npy,19,118,LE07_135040_20081102,95.80146,28.93865
slice_19_img_119.npy,19,119,LE07_135040_20081102,95.95704,28.93532
slice_19_img_120.npy,19,120,LE07_135040_20081102,93.77813,29.1026
slice_19_img_121.npy,19,121,LE07_135040_20081102,93.93414,29.1016
slice_19_img_122.npy,19,122,LE07_135040_20081102,94.09014,29.10042
slice_19_img_123.npy,19,123,LE07_135040_20081102,94.24613,29.09906
slice_19_img_124.npy,19,124,LE07_135040_20081102,94.40211,29.09753
slice_19_img_125.npy,19,125,LE07_135040_20081102,94.55807,29.0958
slice_19_img_126.npy,19,126,LE07_135040_20081102,94.71402,29.0939
slice_19_img_127.npy,19,127,LE07_135040_20081102,94.86996,29.09182
slice_19_img_128.npy,19,128,LE07_135040_20081102,95.02588,29.08955
slice_19_img_129.npy,19,129,LE07_135040_20081102,95.18178,29.08711
slice_19_img_130.npy,19,130,LE07_135040_20081102,95.33765,29.08448
slice_19_img_131.npy,19,131,LE07_135040_20081102,95.49351,29.08167
slice_19_img_132.npy,19,132,LE07_135040_20081102,95.64935,29.07869
slice_19_img_133.npy,19,133,LE07_135040_20081102,95.80516,29.07552
slice_19_img_134.npy,19,134,LE07_135040_20081102,95.96094,29.07217
slice_19_img_135.npy,19,135,LE07_135040_20081102,93.77916,29.23961
slice_19_img_136.npy,19,136,LE07_135040_20081102,93.93538,29.23861
slice_19_img_137.npy,19,137,LE07_135040_20081102,94.09159,29.23743
slice_19_img_138.npy,19,138,LE07_135040_20081102,94.24778,29.23606
slice_19_img_139.npy,19,139,LE07_135040_20081102,94.40397,29.23451
slice_19_img_140.npy,19,140,LE07_135040_20081102,94.56014,29.23278
slice_19_img_141.npy,19,141,LE07_135040_20081102,94.7163,29.23087
slice_19_img_142.npy,19,142,LE07_135040_20081102,94.87244,29.22878
slice_19_img_143.npy,19,143,LE07_135040_20081102,95.02857,29.2265
slice_19_img_144.npy,19,144,LE07_135040_20081102,95.18467,29.22404
slice_19_img_145.npy,19,145,LE07_135040_20081102,95.34076,29.2214
slice_19_img_146.npy,19,146,LE07_135040_20081102,95.49682,29.21857
slice_19_img_147.npy,19,147,LE07_135040_20081102,95.65286,29.21557
slice_19_img_148.npy,19,148,LE07_135040_20081102,95.80888,29.21238
slice_19_img_149.npy,19,149,LE07_135040_20081102,95.96487,29.20902
slice_19_img_150.npy,19,150,LE07_135040_20081102,93.7802,29.37663
slice_19_img_151.npy,19,151,LE07_135040_20081102,93.93663,29.37562
slice_19_img_152.npy,19,152,LE07_135040_20081102,94.09304,29.37443
slice_19_img_153.npy,19,153,LE07_135040_20081102,94.24945,29.37306
slice_19_img_154.npy,19,154,LE07_135040_20081102,94.40584,29.3715
slice_19_img_155.npy,19,155,LE07_135040_20081102,94.56223,29.36976
slice_19_img_156.npy,19,156,LE07_135040_20081102,94.71859,29.36784
slice_19_img_157.npy,19,157,LE07_135040_20081102,94.87494,29.36573
slice_19_img_158.npy,19,158,LE07_135040_20081102,95.03128,29.36344
slice_19_img_159.npy,19,159,LE07_135040_20081102,95.18759,29.36097
slice_19_img_160.npy,19,160,LE07_135040_20081102,95.34388,29.35831
slice_19_img_161.npy,19,161,LE07_135040_20081102,95.50016,29.35547
slice_19_img_162.npy,19,162,LE07_135040_20081102,95.65641,29.35245
slice_19_img_163.npy,19,163,LE07_135040_20081102,95.81263,29.34925
slice_19_img_164.npy,19,164,LE07_135040_20081102,95.96883,29.34586
slice_19_img_165.npy,19,165,LE07_135040_20081102,93.78125,29.51364
slice_19_img_166.npy,19,166,LE07_135040_20081102,93.93789,29.51263
slice_19_img_167.npy,19,167,LE07_135040_20081102,94.09451,29.51143
slice_19_img_168.npy,19,168,LE07_135040_20081102,94.25113,29.51005
slice_19_img_169.npy,19,169,LE07_135040_20081102,94.40773,29.50848
slice_19_img_170.npy,19,170,LE07_135040_20081102,94.56432,29.50673
slice_19_img_171.npy,19,171,LE07_135040_20081102,94.7209,29.5048
slice_19_img_172.npy,19,172,LE07_135040_20081102,94.87746,29.50268
slice_19_img_173.npy,19,173,LE07_135040_20081102,95.034,29.50038
slice_19_img_174.npy,19,174,LE07_135040_20081102,95.19053,29.49789
slice_19_img_175.npy,19,175,LE07_135040_20081102,95.34703,29.49522
slice_19_img_176.npy,19,176,LE07_135040_20081102,95.50351,29.49237
slice_19_img_177.npy,19,177,LE07_135040_20081102,95.65997,29.48933
slice_19_img_178.npy,19,178,LE07_135040_20081102,95.81641,29.4861
slice_19_img_179.npy,19,179,LE07_135040_20081102,95.97281,29.4827
slice_19_img_180.npy,19,180,LE07_135040_20081102,93.78231,29.65065
slice_19_img_181.npy,19,181,LE07_135040_20081102,93.93916,29.64963
slice_19_img_182.npy,19,182,LE07_135040_20081102,94.09599,29.64843
slice_19_img_183.npy,19,183,LE07_135040_20081102,94.25282,29.64704
slice_19_img_184.npy,19,184,LE07_135040_20081102,94.40964,29.64546
slice_19_img_185.npy,19,185,LE07_135040_20081102,94.56644,29.6437
slice_19_img_186.npy,19,186,LE07_135040_20081102,94.72323,29.64176
slice_19_img_187.npy,19,187,LE07_135040_20081102,94.88,29.63963
slice_19_img_188.npy,19,188,LE07_135040_20081102,95.03675,29.63731
slice_19_img_189.npy,19,189,LE07_135040_20081102,95.19349,29.63481
slice_19_img_190.npy,19,190,LE07_135040_20081102,95.3502,29.63213
slice_19_img_191.npy,19,191,LE07_135040_20081102,95.50689,29.62926
slice_19_img_192.npy,19,192,LE07_135040_20081102,95.66356,29.6262
slice_19_img_193.npy,19,193,LE07_135040_20081102,95.82021,29.62296
slice_19_img_194.npy,19,194,LE07_135040_20081102,95.97682,29.61954
slice_20_img_000.npy,20,0,LE07_146039_20051123,77.12981,29.37852
slice_20_img_001.npy,20,1,LE07_146039_20051123,77.28591,29.38297
slice_20_img_002.npy,20,2,LE07_146039_20051123,77.44205,29.38723
slice_20_img_003.npy,20,3,LE07_146039_20051123,77.59823,29.39131
slice_20_img_004.npy,20,4,LE07_146039_20051123,77.75443,29.39521
slice_20_img_005.npy,20,5,LE07_146039_20051123,77.91066,29.39893
slice_20_img_006.npy,20,6,LE07_146039_20051123,78.06692,29.40246
slice_20_img_007.npy,20,7,LE07_146039_20051123,78.22321,29.40581
slice_20_img_008.npy,20,8,LE07_146039_20051123,78.37953,29.40898
slice_20_img_009.npy,20,9,LE07_146039_20051123,78.53587,29.41197
slice_20_img_010.npy,20,10,LE07_146039_20051123,78.69223,29.41477
slice_20_img_011.npy,20,11,LE07_146039_20051123,78.84862,29.41739
slice_20_img_012.npy,20,12,LE07_146039_20051123,79.00502,29.41982
slice_20_img_013.npy,20,13,LE07_146039_20051123,79.16144,29.42207
slice_20_img_014.npy,20,14,LE07_146039_20051123,79.31788,29.42414
slice_20_img_015.npy,20,15,LE07_146039_20051123,77.12461,29.51523
slice_20_img_016.npy,20,16,LE07_146039_20051123,77.28092,29.5197
slice_20_img_017.npy,20,17,LE07_146039_20051123,77.43727,29.52399
slice_20_img_018.npy,20,18,LE07_146039_20051123,77.59365,29.5281
slice_20_img_019.npy,20,19,LE07_146039_20051123,77.75007,29.53202
slice_20_img_020.npy,20,20,LE07_146039_20051123,77.90651,29.53575
slice_20_img_021.npy,20,21,LE07_146039_20051123,78.06298,29.53931
slice_20_img_022.npy,20,22,LE07_146039_20051123,78.21948,29.54268
slice_20_img_023.npy,20,23,LE07_146039_20051123,78.376,29.54586
slice_20_img_024.npy,20,24,LE07_146039_20051123,78.53255,29.54886
slice_20_img_025.npy,20,25,LE07_146039_20051123,78.68913,29.55168
slice_20_img_026.npy,20,26,LE07_146039_20051123,78.84572,29.55431
slice_20_img_027.npy,20,27,LE07_146039_20051123,79.00233,29.55676
slice_20_img_028.npy,20,28,LE07_146039_20051123,79.15897,29.55902
slice_20_img_029.npy,20,29,LE07_146039_20051123,79.31562,29.5611
slice_20_img_030.npy,20,30,LE07_146039_20051123,77.11938,29.65194
slice_20_img_031.npy,20,31,LE07_146039_20051123,77.2759,29.65643
slice_20_img_032.npy,20,32,LE07_146039_20051123,77.43246,29.66075
slice_20_img_033.npy,20,33,LE07_146039_20051123,77.58905,29.66487
slice_20_img_034.npy,20,34,LE07_146039_20051123,77.74567,29.66882
slice_20_img_035.npy,20,35,LE07_146039_20051123,77.90233,29.67257
slice_20_img_036.npy,20,36,LE07_146039_20051123,78.05901,29.67615
slice_20_img_037.npy,20,37,LE07_146039_20051123,78.21572,29.67953
slice_20_img_038.npy,20,38,LE07_146039_20051123,78.37245,29.68274
slice_20_img_039.npy,20,39,LE07_146039_20051123,78.52921,29.68576
slice_20_img_040.npy,20,40,LE07_146039_20051123,78.686,29.68859
slice_20_img_041.npy,20,41,LE07_146039_20051123,78.8428,29.69124
slice_20_img_042.npy,20,42,LE07_146039_20051123,78.99963,29.6937
slice_20_img_043.npy,20,43,LE07_146039_20051123,79.15647,29.69597
slice_20_img_044.npy,20,44,LE07_146039_20051123,79.31333,29.69806
slice_20_img_045.npy,20,45,LE07_146039_20051123,77.11411,29.78864
slice_20_img_046.npy,20,46,LE07_146039_20051123,77.27084,29.79316
slice_20_img_047.npy,20,47,LE07_146039_20051123,77.42761,29.7975
slice_20_img_048.npy,20,48,LE07_146039_20051123,77.58441,29.80165
slice_20_img_049.npy,20,49,LE07_146039_20051123,77.74125,29.80561
slice_20_img_050.npy,20,50,LE07_146039_20051123,77.89811,29.80939
slice_20_img_051.npy,20,51,LE07_146039_20051123,78.05501,29.81298
slice_20_img_052.npy,20,52,LE07_146039_20051123,78.21193,29.81639
slice_20_img_053.npy,20,53,LE07_146039_20051123,78.36888,29.81961
slice_20_img_054.npy,20,54,LE07_146039_20051123,78.52585,29.82265
slice_20_img_055.npy,20,55,LE07_146039_20051123,78.68285,29.82549
slice_20_img_056.npy,20,56,LE07_146039_20051123,78.83987,29.82816
slice_20_img_057.npy,20,57,LE07_146039_20051123,78.99691,29.83063
slice_20_img_058.npy,20,58,LE07_146039_20051123,79.15396,29.83292
slice_20_img_059.npy,20,59,LE07_146039_20051123,79.31104,29.83502
slice_20_img_060.npy,20,60,LE07_146039_20051123,77.1088,29.92534
slice_20_img_061.npy,20,61,LE07_146039_20051123,77.26575,29.92989
slice_20_img_062.npy,20,62,LE07_146039_20051123,77.42273,29.93425
slice_20_img_063.npy,20,63,LE07_146039_20051123,77.57975,29.93842
slice_20_img_064.npy,20,64,LE07_146039_20051123,77.73679,29.9424
slice_20_img_065.npy,20,65,LE07_146039_20051123,77.89387,29.9462
slice_20_img_066.npy,20,66,LE07_146039_20051123,78.05098,29.94982
slice_20_img_067.npy,20,67,LE07_146039_20051123,78.20812,29.95324
slice_20_img_068.npy,20,68,LE07_146039_20051123,78.36528,29.95648
slice_20_img_069.npy,20,69,LE07_146039_20051123,78.52247,29.95953
slice_20_img_070.npy,20,70,LE07_146039_20051123,78.67968,29.9624
slice_20_img_071.npy,20,71,LE07_146039_20051123,78.83691,29.96507
slice_20_img_072.npy,20,72,LE07_146039_20051123,78.99416,29.96756
slice_20_img_073.npy,20,73,LE07_146039_20051123,79.15144,29.96986
slice_20_img_074.npy,20,74,LE07_146039_20051123,79.30873,29.97198
slice_20_img_075.npy,20,75,LE07_146039_20051123,77.10346,30.06204
slice_20_img_076.npy,20,76,LE07_146039_20051123,77.26062,30.06661
slice_20_img_077.npy,20,77,LE07_146039_20051123,77.41781,30.07099
slice_20_img_078.npy,20,78,LE07_146039_20051123,77.57505,30.07518
slice_20_img_079.npy,20,79,LE07_146039_20051123,77.73231,30.07919
slice_20_img_080.npy,20,80,LE07_146039_20051123,77.8896,30.08301
slice_20_img_081.npy,20,81,LE07_146039_20051123,78.04693,30.08665
slice_20_img_082.npy,20,82,LE07_146039_20051123,78.20428,30.09009
slice_20_img_083.npy,20,83,LE07_146039_20051123,78.36166,30.09335
slice_20_img_084.npy,20,84,LE07_146039_20051123,78.51906,30.09641
slice_20_img_085.npy,20,85,LE07_146039_20051123,78.67649,30.09929
slice_20_img_086.npy,20,86,LE07_146039_20051123,78.83393,30.10199
slice_20_img_087.npy,20,87,LE07_146039_20051123,78.9914,30.10449
slice_20_img_088.npy,20,88,LE07_146039_20051123,79.14889,30.1068
slice_20_img_089.npy,20,89,LE07_146039_20051123,79.3064,30.10893
slice_20_img_090.npy,20,90,LE07_146039_20051123,77.09808,30.19873
slice_20_img_091.npy,20,91,LE07_146039_20051123,77.25545,30.20332
slice_20_img_092.npy,20,92,LE07_146039_20051123,77.41287,30.20773
slice_20_img_093.npy,20,93,LE07_146039_20051123,77.57031,30.21195
slice_20_img_094.npy,20,94,LE07_146039_20051123,77.72779,30.21598
slice_20_img_095.npy,20,95,LE07_146039_20051123,77.8853,30.21982
slice_20_img_096.npy,20,96,LE07_146039_20051123,78.04284,30.22347
slice_20_img_097.npy,20,97,LE07_146039_20051123,78.20041,30.22694
slice_20_img_098.npy,20,98,LE07_146039_20051123,78.35801,30.23021
slice_20_img_099.npy,20,99,LE07_146039_20051123,78.51563,30.23329
slice_20_img_100.npy,20,100,LE07_146039_20051123,78.67327,30.23619
slice_20_img_101.npy,20,101,LE07_146039_20051123,78.83094,30.2389
slice_20_img_102.npy,20,102,LE07_146039_20051123,78.98862,30.24141
slice_20_img_103.npy,20,103,LE07_146039_20051123,79.14633,30.24374
slice_20_img_104.npy,20,104,LE07_146039_20051123,79.30405,30.24588
slice_20_img_105.npy,20,105,LE07_146039_20051123,77.09266,30.33542
slice_20_img_106.npy,20,106,LE07_146039_20051123,77.25025,30.34004
slice_20_img_107.npy,20,107,LE07_146039_20051123,77.40788,30.34447
slice_20_img_108.npy,20,108,LE07_146039_20051123,77.56555,30.34871
slice_20_img_109.npy,20,109,LE07_146039_20051123,77.72325,30.35276
slice_20_img_110.npy,20,110,LE07_146039_20051123,77.88097,30.35662
slice_20_img_111.npy,20,111,LE07_146039_20051123,78.03873,30.3603
slice_20_img_112.npy,20,112,LE07_146039_20051123,78.19652,30.36378
slice_20_img_113.npy,20,113,LE07_146039_20051123,78.35433,30.36707
slice_20_img_114.npy,20,114,LE07_146039_20051123,78.51217,30.37017
slice_20_img_115.npy,20,115,LE07_146039_20051123,78.67003,30.37308
slice_20_img_116.npy,20,116,LE07_146039_20051123,78.82792,30.3758
slice_20_img_117.npy,20,117,LE07_146039_20051123,78.98582,30.37833
slice_20_img_118.npy,20,118,LE07_146039_20051123,79.14375,30.38067
slice_20_img_119.npy,20,119,LE07_146039_20051123,79.30169,30.38282
slice_20_img_120.npy,20,120,LE07_146039_20051123,77.0872,30.4721
slice_20_img_121.npy,20,121,LE07_146039_20051123,77.24502,30.47674
slice_20_img_122.npy,20,122,LE07_146039_20051123,77.40287,30.4812
slice_20_img_123.npy,20,123,LE07_146039_20051123,77.56075,30.48547
slice_20_img_124.npy,20,124,LE07_146039_20051123,77.71867,30.48954
slice_20_img_125.npy,20,125,LE07_146039_20051123,77.87661,30.49342
slice_20_img_126.npy,20,126,LE07_146039_20051123,78.03459,30.49712
slice_20_img_127.npy,20,127,LE07_146039_20051123,78.1926,30.50062
slice_20_img_128.npy,20,128,LE07_146039_20051123,78.35063,30.50393
slice_20_img_129.npy,20,129,LE07_146039_20051123,78.50869,30.50705
slice_20_img_130.npy,20,130,LE07_146039_20051123,78.66677,30.50997
slice_20_img_131.npy,20,131,LE07_146039_20051123,78.82488,30.51271
slice_20_img_132.npy,20,132,LE07_146039_20051123,78.98301,30.51525
slice_20_img_133.npy,20,133,LE07_146039_20051123,79.14115,30.51761
slice_20_img_134.npy,20,134,LE07_146039_20051123,79.29932,30.51977
slice_20_img_135.npy,20,135,LE07_146039_20051123,77.08171,30.60878
slice_20_img_136.npy,20,136,LE07_146039_20051123,77.23974,30.61345
slice_20_img_137.npy,20,137,LE07_146039_20051123,77.39781,30.61793
slice_20_img_138.npy,20,138,LE07_146039_20051123,77.55592,30.62222
slice_20_img_139.npy,20,139,LE07_146039_20051123,77.71406,30.62631
slice_20_img_140.npy,20,140,LE07_146039_20051123,77.87223,30.63022
slice_20_img_141.npy,20,141,LE07_146039_20051123,78.03042,30.63393
slice_20_img_142.npy,20,142,LE07_146039_20051123,78.18865,30.63745
slice_20_img_143.npy,20,143,LE07_146039_20051123,78.34691,30.64078
slice_20_img_144.npy,20,144,LE07_146039_20051123,78.50519,30.64392
slice_20_img_145.npy,20,145,LE07_146039_20051123,78.66349,30.64686
slice_20_img_146.npy,20,146,LE07_146039_20051123,78.82182,30.64961
slice_20_img_147.npy,20,147,LE07_146039_20051123,78.98017,30.65217
slice_20_img_148.npy,20,148,LE07_146039_20051123,79.13854,30.65453
slice_20_img_149.npy,20,149,LE07_146039_20051123,79.29692,30.65671
slice_20_img_150.npy,20,150,LE07_146039_20051123,77.07618,30.74546
slice_20_img_151.npy,20,151,LE07_146039_20051123,77.23444,30.75015
slice_20_img_152.npy,20,152,LE07_146039_20051123,77.39273,30.75466
slice_20_img_153.npy,20,153,LE07_146039_20051123,77.55105,30.75897
slice_20_img_154.npy,20,154,LE07_146039_20051123,77.70941,30.76309
slice_20_img_155.npy,20,155,LE07_146039_20051123,77.86781,30.76701
slice_20_img_156.npy,20,156,LE07_146039_20051123,78.02623,30.77074
slice_20_img_157.npy,20,157,LE07_146039_20051123,78.18468,30.77428
slice_20_img_158.npy,20,158,LE07_146039_20051123,78.34316,30.77763
slice_20_img_159.npy,20,159,LE07_146039_20051123,78.50166,30.78078
slice_20_img_160.npy,20,160,LE07_146039_20051123,78.66019,30.78374
slice_20_img_161.npy,20,161,LE07_146039_20051123,78.81874,30.78651
slice_20_img_162.npy,20,162,LE07_146039_20051123,78.97731,30.78908
slice_20_img_163.npy,20,163,LE07_146039_20051123,79.1359,30.79146
slice_20_img_164.npy,20,164,LE07_146039_20051123,79.29451,30.79364
slice_20_img_165.npy,20,165,LE07_146039_20051123,77.07061,30.88213
slice_20_img_166.npy,20,166,LE07_146039_20051123,77.22909,30.88685
slice_20_img_167.npy,20,167,LE07_146039_20051123,77.38761,30.89138
slice_20_img_168.npy,20,168,LE07_146039_20051123,77.54616,30.89571
slice_20_img_169.npy,20,169,LE07_146039_20051123,77.70474,30.89985
slice_20_img_170.npy,20,170,LE07_146039_20051123,77.86336,30.9038
slice_20_img_171.npy,20,171,LE07_146039_20051123,78.022,30.90755
slice_20_img_172.npy,20,172,LE07_146039_20051123,78.18068,30.91111
slice_20_img_173.npy,20,173,LE07_146039_20051123,78.33938,30.91448
slice_20_img_174.npy,20,174,LE07_146039_20051123,78.49811,30.91765
slice_20_img_175.npy,20,175,LE07_146039_20051123,78.65686,30.92062
slice_20_img_176.npy,20,176,LE07_146039_20051123,78.81564,30.9234
slice_20_img_177.npy,20,177,LE07_146039_20051123,78.97444,30.92599
slice_20_img_178.npy,20,178,LE07_146039_20051123,79.13325,30.92838
slice_20_img_179.npy,20,179,LE07_146039_20051123,79.29209,30.93058
slice_20_img_180.npy,20,180,LE07_146039_20051123,77.06501,31.0188
slice_20_img_181.npy,20,181,LE07_146039_20051123,77.22371,31.02354
slice_20_img_182.npy,20,182,LE07_146039_20051123,77.38245,31.0281
slice_20_img_183.npy,20,183,LE07_146039_20051123,77.54123,31.03246
slice_20_img_184.npy,20,184,LE07_146039_20051123,77.70004,31.03662
slice_20_img_185.npy,20,185,LE07_146039_20051123,77.85888,31.04059
slice_20_img_186.npy,20,186,LE07_146039_20051123,78.01775,31.04436
slice_20_img_187.npy,20,187,LE07_146039_20051123,78.17665,31.04794
slice_20_img_188.npy,20,188,LE07_146039_20051123,78.33558,31.05132
slice_20_img_189.npy,20,189,LE07_146039_20051123,78.49453,31.05451
slice_20_img_190.npy,20,190,LE07_146039_20051123,78.65351,31.0575
slice_20_img_191.npy,20,191,LE07_146039_20051123,78.81251,31.06029
slice_20_img_192.npy,20,192,LE07_146039_20051123,78.97154,31.06289
slice_20_img_193.npy,20,193,LE07_146039_20051123,79.13058,31.0653
slice_20_img_194.npy,20,194,LE07_146039_20051123,79.28964,31.06751
slice_20_img_195.npy,20,195,LE07_146039_20051123,77.05936,31.15546
slice_20_img_196.npy,20,196,LE07_146039_20051123,77.21829,31.16024
slice_20_img_197.npy,20,197,LE07_146039_20051123,77.37726,31.16481
slice_20_img_198.npy,20,198,LE07_146039_20051123,77.53626,31.16919
slice_20_img_199.npy,20,199,LE07_146039_20051123,77.6953,31.17338
slice_20_img_200.npy,20,200,LE07_146039_20051123,77.85437,31.17737
slice_20_img_201.npy,20,201,LE07_146039_20051123,78.01347,31.18116
slice_20_img_202.npy,20,202,LE07_146039_20051123,78.17259,31.18476
slice_20_img_203.npy,20,203,LE07_146039_20051123,78.33175,31.18816
slice_20_img_204.npy,20,204,LE07_146039_20051123,78.49093,31.19136
slice_20_img_205.npy,20,205,LE07_146039_20051123,78.65014,31.19437
slice_20_img_206.npy,20,206,LE07_146039_20051123,78.80937,31.19718
slice_20_img_207.npy,20,207,LE07_146039_20051123,78.96862,31.1998
slice_20_img_208.npy,20,208,LE07_146039_20051123,79.12789,31.20221
slice_20_img_209.npy,20,209,LE07_146039_20051123,79.28718,31.20443
slice_21_img_000.npy,21,0,LE07_146036_20090814,78.19111,33.68999
slice_21_img_001.npy,21,1,LE07_146036_20090814,78.35473,33.6936
slice_21_img_002.npy,21,2,LE07_146036_20090814,78.51838,33.697
slice_21_img_003.npy,21,3,LE07_146036_20090814,78.68206,33.70018
slice_21_img_004.npy,21,4,LE07_146036_20090814,78.84577,33.70314
slice_21_img_005.npy,21,5,LE07_146036_20090814,79.00949,33.70589
slice_21_img_006.npy,21,6,LE07_146036_20090814,79.17324,33.70842
slice_21_img_007.npy,21,7,LE07_146036_20090814,79.33701,33.71074
slice_21_img_008.npy,21,8,LE07_146036_20090814,79.50079,33.71283
slice_21_img_009.npy,21,9,LE07_146036_20090814,79.6646,33.71471
slice_21_img_010.npy,21,10,LE07_146036_20090814,79.82841,33.71637
slice_21_img_011.npy,21,11,LE07_146036_20090814,79.99224,33.71782
slice_21_img_012.npy,21,12,LE07_146036_20090814,80.15608,33.71905
slice_21_img_013.npy,21,13,LE07_146036_20090814,80.31993,33.72006
slice_21_img_014.npy,21,14,LE07_146036_20090814,80.48378,33.72085
slice_21_img_015.npy,21,15,LE07_146036_20090814,78.18664,33.82675
slice_21_img_016.npy,21,16,LE07_146036_20090814,78.35052,33.83038
slice_21_img_017.npy,21,17,LE07_146036_20090814,78.51444,33.8338
slice_21_img_018.npy,21,18,LE07_146036_20090814,78.67837,33.837
slice_21_img_019.npy,21,19,LE07_146036_20090814,78.84234,33.83998
slice_21_img_020.npy,21,20,LE07_146036_20090814,79.00632,33.84274
slice_21_img_021.npy,21,21,LE07_146036_20090814,79.17033,33.84528
slice_21_img_022.npy,21,22,LE07_146036_20090814,79.33436,33.84761
slice_21_img_023.npy,21,23,LE07_146036_20090814,79.49841,33.84972
slice_21_img_024.npy,21,24,LE07_146036_20090814,79.66247,33.85161
slice_21_img_025.npy,21,25,LE07_146036_20090814,79.82655,33.85328
slice_21_img_026.npy,21,26,LE07_146036_20090814,79.99063,33.85473
slice_21_img_027.npy,21,27,LE07_146036_20090814,80.15473,33.85596
slice_21_img_028.npy,21,28,LE07_146036_20090814,80.31884,33.85698
slice_21_img_029.npy,21,29,LE07_146036_20090814,80.48296,33.85778
slice_21_img_030.npy,21,30,LE07_146036_20090814,78.18214,33.96351
slice_21_img_031.npy,21,31,LE07_146036_20090814,78.34629,33.96717
slice_21_img_032.npy,21,32,LE07_146036_20090814,78.51046,33.9706
slice_21_img_033.npy,21,33,LE07_146036_20090814,78.67466,33.97381
slice_21_img_034.npy,21,34,LE07_146036_20090814,78.83889,33.97681
slice_21_img_035.npy,21,35,LE07_146036_20090814,79.00313,33.97958
slice_21_img_036.npy,21,36,LE07_146036_20090814,79.1674,33.98214
slice_21_img_037.npy,21,37,LE07_146036_20090814,79.3317,33.98448
slice_21_img_038.npy,21,38,LE07_146036_20090814,79.496,33.9866
slice_21_img_039.npy,21,39,LE07_146036_20090814,79.66033,33.9885
slice_21_img_040.npy,21,40,LE07_146036_20090814,79.82467,33.99018
slice_21_img_041.npy,21,41,LE07_146036_20090814,79.98902,33.99164
slice_21_img_042.npy,21,42,LE07_146036_20090814,80.15338,33.99288
slice_21_img_043.npy,21,43,LE07_146036_20090814,80.31775,33.9939
slice_21_img_044.npy,21,44,LE07_146036_20090814,80.48213,33.9947
slice_21_img_045.npy,21,45,LE07_146036_20090814,78.17761,34.10027
slice_21_img_046.npy,21,46,LE07_146036_20090814,78.34202,34.10394
slice_21_img_047.npy,21,47,LE07_146036_20090814,78.50646,34.10739
slice_21_img_048.npy,21,48,LE07_146036_20090814,78.67092,34.11062
slice_21_img_049.npy,21,49,LE07_146036_20090814,78.83541,34.11363
slice_21_img_050.npy,21,50,LE07_146036_20090814,78.99992,34.11642
slice_21_img_051.npy,21,51,LE07_146036_20090814,79.16446,34.119
slice_21_img_052.npy,21,52,LE07_146036_20090814,79.32901,34.12134
slice_21_img_053.npy,21,53,LE07_146036_20090814,79.49358,34.12347
slice_21_img_054.npy,21,54,LE07_146036_20090814,79.65817,34.12538
slice_21_img_055.npy,21,55,LE07_146036_20090814,79.82278,34.12707
slice_21_img_056.npy,21,56,LE07_146036_20090814,79.98739,34.12854
slice_21_img_057.npy,21,57,LE07_146036_20090814,80.15202,34.12979
slice_21_img_058.npy,21,58,LE07_146036_20090814,80.31665,34.13081
slice_21_img_059.npy,21,59,LE07_146036_20090814,80.4813,34.13162
slice_21_img_060.npy,21,60,LE07_146036_20090814,78.17305,34.23703
slice_21_img_061.npy,21,61,LE07_146036_20090814,78.33773,34.24072
slice_21_img_062.npy,21,62,LE07_146036_20090814,78.50243,34.24419
slice_21_img_063.npy,21,63,LE07_146036_20090814,78.66716,34.24743
slice_21_img_064.npy,21,64,LE07_146036_20090814,78.83191,34.25046
slice_21_img_065.npy,21,65,LE07_146036_20090814,78.99669,34.25326
slice_21_img_066.npy,21,66,LE07_146036_20090814,79.16149,34.25585
slice_21_img_067.npy,21,67,LE07_146036_20090814,79.32631,34.25821
slice_21_img_068.npy,21,68,LE07_146036_20090814,79.49115,34.26035
slice_21_img_069.npy,21,69,LE07_146036_20090814,79.656,34.26227
slice_21_img_070.npy,21,70,LE07_146036_20090814,79.82087,34.26396
slice_21_img_071.npy,21,71,LE07_146036_20090814,79.98575,34.26544
slice_21_img_072.npy,21,72,LE07_146036_20090814,80.15065,34.26669
slice_21_img_073.npy,21,73,LE07_146036_20090814,80.31555,34.26773
slice_21_img_074.npy,21,74,LE07_146036_20090814,80.48046,34.26854
slice_21_img_075.npy,21,75,LE07_146036_20090814,78.16846,34.37378
slice_21_img_076.npy,21,76,LE07_146036_20090814,78.3334,34.37749
slice_21_img_077.npy,21,77,LE07_146036_20090814,78.49837,34.38097
slice_21_img_078.npy,21,78,LE07_146036_20090814,78.66337,34.38424
slice_21_img_079.npy,21,79,LE07_146036_20090814,78.82839,34.38728
slice_21_img_080.npy,21,80,LE07_146036_20090814,78.99343,34.3901
slice_21_img_081.npy,21,81,LE07_146036_20090814,79.1585,34.39269
slice_21_img_082.npy,21,82,LE07_146036_20090814,79.32359,34.39507
slice_21_img_083.npy,21,83,LE07_146036_20090814,79.48869,34.39722
slice_21_img_084.npy,21,84,LE07_146036_20090814,79.65382,34.39915
slice_21_img_085.npy,21,85,LE07_146036_20090814,79.81895,34.40085
slice_21_img_086.npy,21,86,LE07_146036_20090814,79.9841,34.40234
slice_21_img_087.npy,21,87,LE07_146036_20090814,80.14927,34.4036
slice_21_img_088.npy,21,88,LE07_146036_20090814,80.31444,34.40463
slice_21_img_089.npy,21,89,LE07_146036_20090814,80.47961,34.40545
slice_21_img_090.npy,21,90,LE07_146036_20090814,78.16384,34.51053
slice_21_img_091.npy,21,91,LE07_146036_20090814,78.32905,34.51426
slice_21_img_092.npy,21,92,LE07_146036_20090814,78.49429,34.51776
slice_21_img_093.npy,21,93,LE07_146036_20090814,78.65955,34.52104
slice_21_img_094.npy,21,94,LE07_146036_20090814,78.82484,34.5241
slice_21_img_095.npy,21,95,LE07_146036_20090814,78.99016,34.52693
slice_21_img_096.npy,21,96,LE07_146036_20090814,79.15549,34.52954
slice_21_img_097.npy,21,97,LE07_146036_20090814,79.32085,34.53193
slice_21_img_098.npy,21,98,LE07_146036_20090814,79.48623,34.53409
slice_21_img_099.npy,21,99,LE07_146036_20090814,79.65162,34.53603
slice_21_img_100.npy,21,100,LE07_146036_20090814,79.81702,34.53774
slice_21_img_101.npy,21,101,LE07_146036_20090814,79.98244,34.53923
slice_21_img_102.npy,21,102,LE07_146036_20090814,80.14788,34.5405
slice_21_img_103.npy,21,103,LE07_146036_20090814,80.31332,34.54154
slice_21_img_104.npy,21,104,LE07_146036_20090814,80.47876,34.54236
slice_21_img_105.npy,21,105,LE07_146036_20090814,78.15919,34.64727
slice_21_img_106.npy,21,106,LE07_146036_20090814,78.32467,34.65102
slice_21_img_107.npy,21,107,LE07_146036_20090814,78.49018,34.65454
slice_21_img_108.npy,21,108,LE07_146036_20090814,78.65571,34.65784
slice_21_img_109.npy,21,109,LE07_146036_20090814,78.82127,34.66091
slice_21_img_110.npy,21,110,LE07_146036_20090814,78.98686,34.66376
slice_21_img_111.npy,21,111,LE07_146036_20090814,79.15246,34.66638
slice_21_img_112.npy,21,112,LE07_146036_20090814,79.31809,34.66878
slice_21_img_113.npy,21,113,LE07_146036_20090814,79.48374,34.67095
slice_21_img_114.npy,21,114,LE07_146036_20090814,79.6494,34.6729
slice_21_img_115.npy,21,115,LE07_146036_20090814,79.81508,34.67462
slice_21_img_116.npy,21,116,LE07_146036_20090814,79.98077,34.67612
slice_21_img_117.npy,21,117,LE07_146036_20090814,80.14648,34.6774
slice_21_img_118.npy,21,118,LE07_146036_20090814,80.31219,34.67844
slice_21_img_119.npy,21,119,LE07_146036_20090814,80.47791,34.67927
slice_21_img_120.npy,21,120,LE07_146036_20090814,78.15451,34.78401
slice_21_img_121.npy,21,121,LE07_146036_20090814,78.32026,34.78778
slice_21_img_122.npy,21,122,LE07_146036_20090814,78.48604,34.79132
slice_21_img_123.npy,21,123,LE07_146036_20090814,78.65184,34.79463
slice_21_img_124.npy,21,124,LE07_146036_20090814,78.81768,34.79772
slice_21_img_125.npy,21,125,LE07_146036_20090814,78.98354,34.80058
slice_21_img_126.npy,21,126,LE07_146036_20090814,79.14942,34.80322
slice_21_img_127.npy,21,127,LE07_146036_20090814,79.31532,34.80563
slice_21_img_128.npy,21,128,LE07_146036_20090814,79.48124,34.80781
slice_21_img_129.npy,21,129,LE07_146036_20090814,79.64717,34.80977
slice_21_img_130.npy,21,130,LE07_146036_20090814,79.81312,34.8115
slice_21_img_131.npy,21,131,LE07_146036_20090814,79.97909,34.81301
slice_21_img_132.npy,21,132,LE07_146036_20090814,80.14507,34.81429
slice_21_img_133.npy,21,133,LE07_146036_20090814,80.31105,34.81534
slice_21_img_134.npy,21,134,LE07_146036_20090814,80.47705,34.81617
slice_21_img_135.npy,21,135,LE07_146036_20090814,78.14979,34.92075
slice_21_img_136.npy,21,136,LE07_146036_20090814,78.31582,34.92454
slice_21_img_137.npy,21,137,LE07_146036_20090814,78.48187,34.92809
slice_21_img_138.npy,21,138,LE07_146036_20090814,78.64795,34.93142
slice_21_img_139.npy,21,139,LE07_146036_20090814,78.81406,34.93453
slice_21_img_140.npy,21,140,LE07_146036_20090814,78.98019,34.9374
slice_21_img_141.npy,21,141,LE07_146036_20090814,79.14635,34.94005
slice_21_img_142.npy,21,142,LE07_146036_20090814,79.31252,34.94248
slice_21_img_143.npy,21,143,LE07_146036_20090814,79.47872,34.94467
slice_21_img_144.npy,21,144,LE07_146036_20090814,79.64493,34.94664
slice_21_img_145.npy,21,145,LE07_146036_20090814,79.81116,34.94838
slice_21_img_146.npy,21,146,LE07_146036_20090814,79.9774,34.94989
slice_21_img_147.npy,21,147,LE07_146036_20090814,80.14365,34.95118
slice_21_img_148.npy,21,148,LE07_146036_20090814,80.30991,34.95224
slice_21_img_149.npy,21,149,LE07_146036_20090814,80.47618,34.95307
slice_21_img_150.npy,21,150,LE07_146036_20090814,78.14504,35.05749
slice_21_img_151.npy,21,151,LE07_146036_20090814,78.31134,35.06129
slice_21_img_152.npy,21,152,LE07_146036_20090814,78.47767,35.06486
slice_21_img_153.npy,21,153,LE07_146036_20090814,78.64403,35.06821
slice_21_img_154.npy,21,154,LE07_146036_20090814,78.81042,35.07133
slice_21_img_155.npy,21,155,LE07_146036_20090814,78.97682,35.07422
slice_21_img_156.npy,21,156,LE07_146036_20090814,79.14326,35.07689
slice_21_img_157.npy,21,157,LE07_146036_20090814,79.30971,35.07932
slice_21_img_158.npy,21,158,LE07_146036_20090814,79.47618,35.08153
slice_21_img_159.npy,21,159,LE07_146036_20090814,79.64267,35.08351
slice_21_img_160.npy,21,160,LE07_146036_20090814,79.80917,35.08525
slice_21_img_161.npy,21,161,LE07_146036_20090814,79.97569,35.08678
slice_21_img_162.npy,21,162,LE07_146036_20090814,80.14222,35.08807
slice_21_img_163.npy,21,163,LE07_146036_20090814,80.30876,35.08913
slice_21_img_164.npy,21,164,LE07_146036_20090814,80.4753,35.08997
slice_21_img_165.npy,21,165,LE07_146036_20090814,78.14027,35.19422
slice_21_img_166.npy,21,166,LE07_146036_20090814,78.30684,35.19804
slice_21_img_167.npy,21,167,LE07_146036_20090814,78.47345,35.20163
slice_21_img_168.npy,21,168,LE07_146036_20090814,78.64008,35.205
slice_21_img_169.npy,21,169,LE07_146036_20090814,78.80675,35.20813
slice_21_img_170.npy,21,170,LE07_146036_20090814,78.97343,35.21104
slice_21_img_171.npy,21,171,LE07_146036_20090814,79.14014,35.21371
slice_21_img_172.npy,21,172,LE07_146036_20090814,79.30688,35.21616
slice_21_img_173.npy,21,173,LE07_146036_20090814,79.47363,35.21838
slice_21_img_174.npy,21,174,LE07_146036_20090814,79.64039,35.22037
slice_21_img_175.npy,21,175,LE07_146036_20090814,79.80718,35.22213
slice_21_img_176.npy,21,176,LE07_146036_20090814,79.97397,35.22365
slice_21_img_177.npy,21,177,LE07_146036_20090814,80.14078,35.22495
slice_21_img_178.npy,21,178,LE07_146036_20090814,80.3076,35.22602
slice_21_img_179.npy,21,179,LE07_146036_20090814,80.47442,35.22686
slice_21_img_180.npy,21,180,LE07_146036_20090814,78.13545,35.33094
slice_21_img_181.npy,21,181,LE07_146036_20090814,78.30231,35.33478
slice_21_img_182.npy,21,182,LE07_146036_20090814,78.4692,35.3384
slice_21_img_183.npy,21,183,LE07_146036_20090814,78.63611,35.34178
slice_21_img_184.npy,21,184,LE07_146036_20090814,78.80305,35.34493
slice_21_img_185.npy,21,185,LE07_146036_20090814,78.97002,35.34785
slice_21_img_186.npy,21,186,LE07_146036_20090814,79.13701,35.35054
slice_21_img_187.npy,21,187,LE07_146036_20090814,79.30402,35.353
slice_21_img_188.npy,21,188,LE07_146036_20090814,79.47105,35.35523
slice_21_img_189.npy,21,189,LE07_146036_20090814,79.6381,35.35723
slice_21_img_190.npy,21,190,LE07_146036_20090814,79.80517,35.35899
slice_21_img_191.npy,21,191,LE07_146036_20090814,79.97224,35.36053
slice_21_img_192.npy,21,192,LE07_146036_20090814,80.13933,35.36183
slice_21_img_193.npy,21,193,LE07_146036_20090814,80.30643,35.36291
slice_21_img_194.npy,21,194,LE07_146036_20090814,80.47354,35.36375
slice_21_img_195.npy,21,195,LE07_146036_20090814,78.13061,35.46767
slice_21_img_196.npy,21,196,LE07_146036_20090814,78.29775,35.47153
slice_21_img_197.npy,21,197,LE07_146036_20090814,78.46492,35.47516
slice_21_img_198.npy,21,198,LE07_146036_20090814,78.63211,35.47855
slice_21_img_199.npy,21,199,LE07_146036_20090814,78.79934,35.48172
slice_21_img_200.npy,21,200,LE07_146036_20090814,78.96659,35.48466
slice_21_img_201.npy,21,201,LE07_146036_20090814,79.13386,35.48736
slice_21_img_202.npy,21,202,LE07_146036_20090814,79.30115,35.48983
slice_21_img_203.npy,21,203,LE07_146036_20090814,79.46847,35.49207
slice_21_img_204.npy,21,204,LE07_146036_20090814,79.6358,35.49408
slice_21_img_205.npy,21,205,LE07_146036_20090814,79.80314,35.49586
slice_21_img_206.npy,21,206,LE07_146036_20090814,79.9705,35.4974
slice_21_img_207.npy,21,207,LE07_146036_20090814,80.13787,35.49871
slice_21_img_208.npy,21,208,LE07_146036_20090814,80.30526,35.49979
slice_21_img_209.npy,21,209,LE07_146036_20090814,80.47265,35.50064
slice_22_img_000.npy,22,0,LE07_140041_20071221,85.67948,26.5382
slice_22_img_001.npy,22,1,LE07_140041_20071221,85.83184,26.53953
slice_22_img_002.npy,22,2,LE07_140041_20071221,85.98422,26.54069
slice_22_img_003.npy,22,3,LE07_140041_20071221,86.13661,26.5417
slice_22_img_004.npy,22,4,LE07_140041_20071221,86.289,26.54254
slice_22_img_005.npy,22,5,LE07_140041_20071221,86.4414,26.54322
slice_22_img_006.npy,22,6,LE07_140041_20071221,86.5938,26.54373
slice_22_img_007.npy,22,7,LE07_140041_20071221,86.74621,26.54409
slice_22_img_008.npy,22,8,LE07_140041_20071221,86.89862,26.54428
slice_22_img_009.npy,22,9,LE07_140041_20071221,87.05103,26.5443
slice_22_img_010.npy,22,10,LE07_140041_20071221,87.20344,26.54417
slice_22_img_011.npy,22,11,LE07_140041_20071221,87.35585,26.54387
slice_22_img_012.npy,22,12,LE07_140041_20071221,87.50826,26.54341
slice_22_img_013.npy,22,13,LE07_140041_20071221,87.66066,26.54278
slice_22_img_014.npy,22,14,LE07_140041_20071221,87.81305,26.54199
slice_22_img_015.npy,22,15,LE07_140041_20071221,85.6779,26.67524
slice_22_img_016.npy,22,16,LE07_140041_20071221,85.83045,26.67658
slice_22_img_017.npy,22,17,LE07_140041_20071221,85.98301,26.67775
slice_22_img_018.npy,22,18,LE07_140041_20071221,86.13558,26.67876
slice_22_img_019.npy,22,19,LE07_140041_20071221,86.28815,26.67961
slice_22_img_020.npy,22,20,LE07_140041_20071221,86.44073,26.68029
slice_22_img_021.npy,22,21,LE07_140041_20071221,86.59332,26.68081
slice_22_img_022.npy,22,22,LE07_140041_20071221,86.74591,26.68117
slice_22_img_023.npy,22,23,LE07_140041_20071221,86.8985,26.68136
slice_22_img_024.npy,22,24,LE07_140041_20071221,87.05109,26.68138
slice_22_img_025.npy,22,25,LE07_140041_20071221,87.20369,26.68125
slice_22_img_026.npy,22,26,LE07_140041_20071221,87.35628,26.68095
slice_22_img_027.npy,22,27,LE07_140041_20071221,87.50886,26.68048
slice_22_img_028.npy,22,28,LE07_140041_20071221,87.66145,26.67985
slice_22_img_029.npy,22,29,LE07_140041_20071221,87.81402,26.67906
slice_22_img_030.npy,22,30,LE07_140041_20071221,85.67632,26.81228
slice_22_img_031.npy,22,31,LE07_140041_20071221,85.82905,26.81363
slice_22_img_032.npy,22,32,LE07_140041_20071221,85.98179,26.81481
slice_22_img_033.npy,22,33,LE07_140041_20071221,86.13454,26.81583
slice_22_img_034.npy,22,34,LE07_140041_20071221,86.2873,26.81668
slice_22_img_035.npy,22,35,LE07_140041_20071221,86.44006,26.81736
slice_22_img_036.npy,22,36,LE07_140041_20071221,86.59283,26.81789
slice_22_img_037.npy,22,37,LE07_140041_20071221,86.7456,26.81824
slice_22_img_038.npy,22,38,LE07_140041_20071221,86.89838,26.81844
slice_22_img_039.npy,22,39,LE07_140041_20071221,87.05115,26.81846
slice_22_img_040.npy,22,40,LE07_140041_20071221,87.20393,26.81832
slice_22_img_041.npy,22,41,LE07_140041_20071221,87.3567,26.81802
slice_22_img_042.npy,22,42,LE07_140041_20071221,87.50947,26.81755
slice_22_img_043.npy,22,43,LE07_140041_20071221,87.66224,26.81692
slice_22_img_044.npy,22,44,LE07_140041_20071221,87.815,26.81613
slice_22_img_045.npy,22,45,LE07_140041_20071221,85.67472,26.94932
slice_22_img_046.npy,22,46,LE07_140041_20071221,85.82763,26.95068
slice_22_img_047.npy,22,47,LE07_140041_20071221,85.98056,26.95186
slice_22_img_048.npy,22,48,LE07_140041_20071221,86.1335,26.95289
slice_22_img_049.npy,22,49,LE07_140041_20071221,86.28644,26.95374
slice_22_img_050.npy,22,50,LE07_140041_20071221,86.43939,26.95443
slice_22_img_051.npy,22,51,LE07_140041_20071221,86.59234,26.95496
slice_22_img_052.npy,22,52,LE07_140041_20071221,86.7453,26.95532
slice_22_img_053.npy,22,53,LE07_140041_20071221,86.89826,26.95551
slice_22_img_054.npy,22,54,LE07_140041_20071221,87.05122,26.95554
slice_22_img_055.npy,22,55,LE07_140041_20071221,87.20418,26.9554
slice_22_img_056.npy,22,56,LE07_140041_20071221,87.35713,26.9551
slice_22_img_057.npy,22,57,LE07_140041_20071221,87.51009,26.95463
slice_22_img_058.npy,22,58,LE07_140041_20071221,87.66304,26.95399
slice_22_img_059.npy,22,59,LE07_140041_20071221,87.81598,26.95319
slice_22_img_060.npy,22,60,LE07_140041_20071221,85.67311,27.08636
slice_22_img_061.npy,22,61,LE07_140041_20071221,85.82621,27.08772
slice_22_img_062.npy,22,62,LE07_140041_20071221,85.97932,27.08891
slice_22_img_063.npy,22,63,LE07_140041_20071221,86.13244,27.08994
slice_22_img_064.npy,22,64,LE07_140041_20071221,86.28557,27.0908
slice_22_img_065.npy,22,65,LE07_140041_20071221,86.43871,27.0915
slice_22_img_066.npy,22,66,LE07_140041_20071221,86.59185,27.09203
slice_22_img_067.npy,22,67,LE07_140041_20071221,86.74499,27.09239
slice_22_img_068.npy,22,68,LE07_140041_20071221,86.89813,27.09258
slice_22_img_069.npy,22,69,LE07_140041_20071221,87.05128,27.09261
slice_22_img_070.npy,22,70,LE07_140041_20071221,87.20442,27.09247
slice_22_img_071.npy,22,71,LE07_140041_20071221,87.35757,27.09217
slice_22_img_072.npy,22,72,LE07_140041_20071221,87.51071,27.09169
slice_22_img_073.npy,22,73,LE07_140041_20071221,87.66384,27.09105
slice_22_img_074.npy,22,74,LE07_140041_20071221,87.81698,27.09025
slice_22_img_075.npy,22,75,LE07_140041_20071221,85.67149,27.22339
slice_22_img_076.npy,22,76,LE07_140041_20071221,85.82478,27.22476
slice_22_img_077.npy,22,77,LE07_140041_20071221,85.97808,27.22596
slice_22_img_078.npy,22,78,LE07_140041_20071221,86.13138,27.227
slice_22_img_079.npy,22,79,LE07_140041_20071221,86.2847,27.22786
slice_22_img_080.npy,22,80,LE07_140041_20071221,86.43802,27.22856
slice_22_img_081.npy,22,81,LE07_140041_20071221,86.59135,27.22909
slice_22_img_082.npy,22,82,LE07_140041_20071221,86.74468,27.22946
slice_22_img_083.npy,22,83,LE07_140041_20071221,86.89801,27.22965
slice_22_img_084.npy,22,84,LE07_140041_20071221,87.05134,27.22968
slice_22_img_085.npy,22,85,LE07_140041_20071221,87.20467,27.22954
slice_22_img_086.npy,22,86,LE07_140041_20071221,87.358,27.22923
slice_22_img_087.npy,22,87,LE07_140041_20071221,87.51133,27.22876
slice_22_img_088.npy,22,88,LE07_140041_20071221,87.66466,27.22811
slice_22_img_089.npy,22,89,LE07_140041_20071221,87.81797,27.2273
slice_22_img_090.npy,22,90,LE07_140041_20071221,85.66986,27.36042
slice_22_img_091.npy,22,91,LE07_140041_20071221,85.82333,27.3618
slice_22_img_092.npy,22,92,LE07_140041_20071221,85.97682,27.36301
slice_22_img_093.npy,22,93,LE07_140041_20071221,86.13032,27.36405
slice_22_img_094.npy,22,94,LE07_140041_20071221,86.28382,27.36492
slice_22_img_095.npy,22,95,LE07_140041_20071221,86.43733,27.36562
slice_22_img_096.npy,22,96,LE07_140041_20071221,86.59084,27.36616
slice_22_img_097.npy,22,97,LE07_140041_20071221,86.74436,27.36652
slice_22_img_098.npy,22,98,LE07_140041_20071221,86.89788,27.36672
slice_22_img_099.npy,22,99,LE07_140041_20071221,87.0514,27.36675
slice_22_img_100.npy,22,100,LE07_140041_20071221,87.20493,27.36661
slice_22_img_101.npy,22,101,LE07_140041_20071221,87.35844,27.3663
slice_22_img_102.npy,22,102,LE07_140041_20071221,87.51196,27.36582
slice_22_img_103.npy,22,103,LE07_140041_20071221,87.66547,27.36517
slice_22_img_104.npy,22,104,LE07_140041_20071221,87.81898,27.36436
slice_22_img_105.npy,22,105,LE07_140041_20071221,85.66821,27.49745
slice_22_img_106.npy,22,106,LE07_140041_20071221,85.82188,27.49884
slice_22_img_107.npy,22,107,LE07_140041_20071221,85.97556,27.50005
slice_22_img_108.npy,22,108,LE07_140041_20071221,86.12924,27.5011
slice_22_img_109.npy,22,109,LE07_140041_20071221,86.28293,27.50198
slice_22_img_110.npy,22,110,LE07_140041_20071221,86.43663,27.50268
slice_22_img_111.npy,22,111,LE07_140041_20071221,86.59034,27.50322
slice_22_img_112.npy,22,112,LE07_140041_20071221,86.74405,27.50359
slice_22_img_113.npy,22,113,LE07_140041_20071221,86.89776,27.50379
slice_22_img_114.npy,22,114,LE07_140041_20071221,87.05147,27.50381
slice_22_img_115.npy,22,115,LE07_140041_20071221,87.20518,27.50367
slice_22_img_116.npy,22,116,LE07_140041_20071221,87.35889,27.50336
slice_22_img_117.npy,22,117,LE07_140041_20071221,87.51259,27.50288
slice_22_img_118.npy,22,118,LE07_140041_20071221,87.66629,27.50223
slice_22_img_119.npy,22,119,LE07_140041_20071221,87.81999,27.50141
slice_22_img_120.npy,22,120,LE07_140041_20071221,85.66656,27.63447
slice_22_img_121.npy,22,121,LE07_140041_20071221,85.82041,27.63587
slice_22_img_122.npy,22,122,LE07_140041_20071221,85.97428,27.63709
slice_22_img_123.npy,22,123,LE07_140041_20071221,86.12816,27.63815
slice_22_img_124.npy,22,124,LE07_140041_20071221,86.28204,27.63903
slice_22_img_125.npy,22,125,LE07_140041_20071221,86.43593,27.63974
slice_22_img_126.npy,22,126,LE07_140041_20071221,86.58983,27.64028
slice_22_img_127.npy,22,127,LE07_140041_20071221,86.74373,27.64065
slice_22_img_128.npy,22,128,LE07_140041_20071221,86.89763,27.64085
slice_22_img_129.npy,22,129,LE07_140041_20071221,87.05153,27.64088
slice_22_img_130.npy,22,130,LE07_140041_20071221,87.20543,27.64073
slice_22_img_131.npy,22,131,LE07_140041_20071221,87.35933,27.64042
slice_22_img_132.npy,22,132,LE07_140041_20071221,87.51323,27.63994
slice_22_img_133.npy,22,133,LE07_140041_20071221,87.66712,27.63928
slice_22_img_134.npy,22,134,LE07_140041_20071221,87.82101,27.63846
slice_22_img_135.npy,22,135,LE07_140041_20071221,85.66489,27.7715
slice_22_img_136.npy,22,136,LE07_140041_20071221,85.81894,27.7729
slice_22_img_137.npy,22,137,LE07_140041_20071221,85.973,27.77413
slice_22_img_138.npy,22,138,LE07_140041_20071221,86.12707,27.77519
slice_22_img_139.npy,22,139,LE07_140041_20071221,86.28115,27.77608
slice_22_img_140.npy,22,140,LE07_140041_20071221,86.43523,27.77679
slice_22_img_141.npy,22,141,LE07_140041_20071221,86.58932,27.77733
slice_22_img_142.npy,22,142,LE07_140041_20071221,86.74341,27.77771
slice_22_img_143.npy,22,143,LE07_140041_20071221,86.8975,27.77791
slice_22_img_144.npy,22,144,LE07_140041_20071221,87.0516,27.77794
slice_22_img_145.npy,22,145,LE07_140041_20071221,87.20569,27.77779
slice_22_img_146.npy,22,146,LE07_140041_20071221,87.35978,27.77748
slice_22_img_147.npy,22,147,LE07_140041_20071221,87.51387,27.77699
slice_22_img_148.npy,22,148,LE07_140041_20071221,87.66796,27.77633
slice_22_img_149.npy,22,149,LE07_140041_20071221,87.82204,27.7755
slice_22_img_150.npy,22,150,LE07_140041_20071221,85.66321,27.90852
slice_22_img_151.npy,22,151,LE07_140041_20071221,85.81745,27.90993
slice_22_img_152.npy,22,152,LE07_140041_20071221,85.97171,27.91116
slice_22_img_153.npy,22,153,LE07_140041_20071221,86.12597,27.91223
slice_22_img_154.npy,22,154,LE07_140041_20071221,86.28024,27.91312
slice_22_img_155.npy,22,155,LE07_140041_20071221,86.43452,27.91384
slice_22_img_156.npy,22,156,LE07_140041_20071221,86.5888,27.91439
slice_22_img_157.npy,22,157,LE07_140041_20071221,86.74309,27.91476
slice_22_img_158.npy,22,158,LE07_140041_20071221,86.89737,27.91496
slice_22_img_159.npy,22,159,LE07_140041_20071221,87.05166,27.91499
slice_22_img_160.npy,22,160,LE07_140041_20071221,87.20595,27.91485
slice_22_img_161.npy,22,161,LE07_140041_20071221,87.36024,27.91453
slice_22_img_162.npy,22,162,LE07_140041_20071221,87.51452,27.91404
slice_22_img_163.npy,22,163,LE07_140041_20071221,87.6688,27.91338
slice_22_img_164.npy,22,164,LE07_140041_20071221,87.82307,27.91254
slice_22_img_165.npy,22,165,LE07_140041_20071221,85.66152,28.04553
slice_22_img_166.npy,22,166,LE07_140041_20071221,85.81596,28.04695
slice_22_img_167.npy,22,167,LE07_140041_20071221,85.97041,28.0482
slice_22_img_168.npy,22,168,LE07_140041_20071221,86.12487,28.04927
slice_22_img_169.npy,22,169,LE07_140041_20071221,86.27933,28.05017
slice_22_img_170.npy,22,170,LE07_140041_20071221,86.4338,28.05089
slice_22_img_171.npy,22,171,LE07_140041_20071221,86.58828,28.05144
slice_22_img_172.npy,22,172,LE07_140041_20071221,86.74276,28.05182
slice_22_img_173.npy,22,173,LE07_140041_20071221,86.89724,28.05202
slice_22_img_174.npy,22,174,LE07_140041_20071221,87.05173,28.05205
slice_22_img_175.npy,22,175,LE07_140041_20071221,87.20621,28.0519
slice_22_img_176.npy,22,176,LE07_140041_20071221,87.36069,28.05158
slice_22_img_177.npy,22,177,LE07_140041_20071221,87.51517,28.05109
slice_22_img_178.npy,22,178,LE07_140041_20071221,87.66964,28.05042
slice_22_img_179.npy,22,179,LE07_140041_20071221,87.82411,28.04958
slice_22_img_180.npy,22,180,LE07_140041_20071221,85.65982,28.18255
slice_22_img_181.npy,22,181,LE07_140041_20071221,85.81445,28.18397
slice_22_img_182.npy,22,182,LE07_140041_20071221,85.9691,28.18523
slice_22_img_183.npy,22,183,LE07_140041_20071221,86.12375,28.1863
slice_22_img_184.npy,22,184,LE07_140041_20071221,86.27841,28.18721
slice_22_img_185.npy,22,185,LE07_140041_20071221,86.43308,28.18793
slice_22_img_186.npy,22,186,LE07_140041_20071221,86.58776,28.18849
slice_22_img_187.npy,22,187,LE07_140041_20071221,86.74243,28.18887
slice_22_img_188.npy,22,188,LE07_140041_20071221,86.89711,28.18907
slice_22_img_189.npy,22,189,LE07_140041_20071221,87.05179,28.1891
slice_22_img_190.npy,22,190,LE07_140041_20071221,87.20647,28.18895
slice_22_img_191.npy,22,191,LE07_140041_20071221,87.36115,28.18863
slice_22_img_192.npy,22,192,LE07_140041_20071221,87.51583,28.18814
slice_22_img_193.npy,22,193,LE07_140041_20071221,87.6705,28.18747
slice_22_img_194.npy,22,194,LE07_140041_20071221,87.82516,28.18662
slice_23_img_000.npy,23,0,LE07_150035_20050916,72.45404,35.12557
slice_23_img_001.npy,23,1,LE07_150035_20050916,72.62051,35.12895
slice_23_img_002.npy,23,2,LE07_150035_20050916,72.78702,35.13211
slice_23_img_003.npy,23,3,LE07_150035_20050916,72.95355,35.13504
slice_23_img_004.npy,23,4,LE07_150035_20050916,73.1201,35.13774
slice_23_img_005.npy,23,5,LE07_150035_20050916,73.28668,35.14021
slice_23_img_006.npy,23,6,LE07_150035_20050916,73.45327,35.14245
slice_23_img_007.npy,23,7,LE07_150035_20050916,73.61988,35.14446
slice_23_img_008.npy,23,8,LE07_150035_20050916,73.78651,35.14624
slice_23_img_009.npy,23,9,LE07_150035_20050916,73.95315,35.1478
slice_23_img_010.npy,23,10,LE07_150035_20050916,74.1198,35.14912
slice_23_img_011.npy,23,11,LE07_150035_20050916,74.28646,35.15022
slice_23_img_012.npy,23,12,LE07_150035_20050916,74.45313,35.15109
slice_23_img_013.npy,23,13,LE07_150035_20050916,74.61981,35.15172
slice_23_img_014.npy,23,14,LE07_150035_20050916,74.78649,35.15213
slice_23_img_015.npy,23,15,LE07_150035_20050916,72.44976,35.26233
slice_23_img_016.npy,23,16,LE07_150035_20050916,72.61652,35.26573
slice_23_img_017.npy,23,17,LE07_150035_20050916,72.7833,35.2689
slice_23_img_018.npy,23,18,LE07_150035_20050916,72.95011,35.27185
slice_23_img_019.npy,23,19,LE07_150035_20050916,73.11694,35.27456
slice_23_img_020.npy,23,20,LE07_150035_20050916,73.2838,35.27704
slice_23_img_021.npy,23,21,LE07_150035_20050916,73.45067,35.2793
slice_23_img_022.npy,23,22,LE07_150035_20050916,73.61756,35.28132
slice_23_img_023.npy,23,23,LE07_150035_20050916,73.78447,35.28311
slice_23_img_024.npy,23,24,LE07_150035_20050916,73.95139,35.28467
slice_23_img_025.npy,23,25,LE07_150035_20050916,74.11832,35.28601
slice_23_img_026.npy,23,26,LE07_150035_20050916,74.28526,35.28711
slice_23_img_027.npy,23,27,LE07_150035_20050916,74.45221,35.28798
slice_23_img_028.npy,23,28,LE07_150035_20050916,74.61917,35.28862
slice_23_img_029.npy,23,29,LE07_150035_20050916,74.78613,35.28903
slice_23_img_030.npy,23,30,LE07_150035_20050916,72.44546,35.39909
slice_23_img_031.npy,23,31,LE07_150035_20050916,72.6125,35.40251
slice_23_img_032.npy,23,32,LE07_150035_20050916,72.77956,35.4057
slice_23_img_033.npy,23,33,LE07_150035_20050916,72.94665,35.40866
slice_23_img_034.npy,23,34,LE07_150035_20050916,73.11377,35.41138
slice_23_img_035.npy,23,35,LE07_150035_20050916,73.2809,35.41388
slice_23_img_036.npy,23,36,LE07_150035_20050916,73.44806,35.41614
slice_23_img_037.npy,23,37,LE07_150035_20050916,73.61523,35.41817
slice_23_img_038.npy,23,38,LE07_150035_20050916,73.78242,35.41998
slice_23_img_039.npy,23,39,LE07_150035_20050916,73.94962,35.42155
slice_23_img_040.npy,23,40,LE07_150035_20050916,74.11683,35.42288
slice_23_img_041.npy,23,41,LE07_150035_20050916,74.28405,35.42399
slice_23_img_042.npy,23,42,LE07_150035_20050916,74.45129,35.42487
slice_23_img_043.npy,23,43,LE07_150035_20050916,74.61853,35.42551
slice_23_img_044.npy,23,44,LE07_150035_20050916,74.78577,35.42592
slice_23_img_045.npy,23,45,LE07_150035_20050916,72.44113,35.53585
slice_23_img_046.npy,23,46,LE07_150035_20050916,72.60845,35.53928
slice_23_img_047.npy,23,47,LE07_150035_20050916,72.7758,35.54249
slice_23_img_048.npy,23,48,LE07_150035_20050916,72.94317,35.54546
slice_23_img_049.npy,23,49,LE07_150035_20050916,73.11057,35.5482
slice_23_img_050.npy,23,50,LE07_150035_20050916,73.27798,35.55071
slice_23_img_051.npy,23,51,LE07_150035_20050916,73.44542,35.55298
slice_23_img_052.npy,23,52,LE07_150035_20050916,73.61288,35.55503
slice_23_img_053.npy,23,53,LE07_150035_20050916,73.78035,35.55684
slice_23_img_054.npy,23,54,LE07_150035_20050916,73.94783,35.55842
slice_23_img_055.npy,23,55,LE07_150035_20050916,74.11533,35.55976
slice_23_img_056.npy,23,56,LE07_150035_20050916,74.28284,35.56087
slice_23_img_057.npy,23,57,LE07_150035_20050916,74.45036,35.56175
slice_23_img_058.npy,23,58,LE07_150035_20050916,74.61788,35.5624
slice_23_img_059.npy,23,59,LE07_150035_20050916,74.7854,35.56282
slice_23_img_060.npy,23,60,LE07_150035_20050916,72.43677,35.6726
slice_23_img_061.npy,23,61,LE07_150035_20050916,72.60437,35.67605
slice_23_img_062.npy,23,62,LE07_150035_20050916,72.77201,35.67927
slice_23_img_063.npy,23,63,LE07_150035_20050916,72.93966,35.68226
slice_23_img_064.npy,23,64,LE07_150035_20050916,73.10734,35.68502
slice_23_img_065.npy,23,65,LE07_150035_20050916,73.27505,35.68754
slice_23_img_066.npy,23,66,LE07_150035_20050916,73.44277,35.68982
slice_23_img_067.npy,23,67,LE07_150035_20050916,73.61051,35.69188
slice_23_img_068.npy,23,68,LE07_150035_20050916,73.77827,35.6937
slice_23_img_069.npy,23,69,LE07_150035_20050916,73.94604,35.69528
slice_23_img_070.npy,23,70,LE07_150035_20050916,74.11382,35.69663
slice_23_img_071.npy,23,71,LE07_150035_20050916,74.28162,35.69775
slice_23_img_072.npy,23,72,LE07_150035_20050916,74.44942,35.69864
slice_23_img_073.npy,23,73,LE07_150035_20050916,74.61723,35.69929
slice_23_img_074.npy,23,74,LE07_150035_20050916,74.78504,35.6997
slice_23_img_075.npy,23,75,LE07_150035_20050916,72.43238,35.80935
slice_23_img_076.npy,23,76,LE07_150035_20050916,72.60027,35.81282
slice_23_img_077.npy,23,77,LE07_150035_20050916,72.76819,35.81606
slice_23_img_078.npy,23,78,LE07_150035_20050916,72.93613,35.81906
slice_23_img_079.npy,23,79,LE07_150035_20050916,73.1041,35.82183
slice_23_img_080.npy,23,80,LE07_150035_20050916,73.27209,35.82436
slice_23_img_081.npy,23,81,LE07_150035_20050916,73.4401,35.82666
slice_23_img_082.npy,23,82,LE07_150035_20050916,73.60813,35.82872
slice_23_img_083.npy,23,83,LE07_150035_20050916,73.77617,35.83055
slice_23_img_084.npy,23,84,LE07_150035_20050916,73.94423,35.83214
slice_23_img_085.npy,23,85,LE07_150035_20050916,74.1123,35.8335
slice_23_img_086.npy,23,86,LE07_150035_20050916,74.28038,35.83463
slice_23_img_087.npy,23,87,LE07_150035_20050916,74.44847,35.83552
slice_23_img_088.npy,23,88,LE07_150035_20050916,74.61657,35.83617
slice_23_img_089.npy,23,89,LE07_150035_20050916,74.78467,35.83659
slice_23_img_090.npy,23,90,LE07_150035_20050916,72.42796,35.9461
slice_23_img_091.npy,23,91,LE07_150035_20050916,72.59614,35.94958
slice_23_img_092.npy,23,92,LE07_150035_20050916,72.76435,35.95284
slice_23_img_093.npy,23,93,LE07_150035_20050916,72.93258,35.95585
slice_23_img_094.npy,23,94,LE07_150035_20050916,73.10084,35.95863
slice_23_img_095.npy,23,95,LE07_150035_20050916,73.26911,35.96118
slice_23_img_096.npy,23,96,LE07_150035_20050916,73.43741,35.96349
slice_23_img_097.npy,23,97,LE07_150035_20050916,73.60573,35.96556
slice_23_img_098.npy,23,98,LE07_150035_20050916,73.77406,35.9674
slice_23_img_099.npy,23,99,LE07_150035_20050916,73.94241,35.969
slice_23_img_100.npy,23,100,LE07_150035_20050916,74.11077,35.97037
slice_23_img_101.npy,23,101,LE07_150035_20050916,74.27914,35.9715
slice_23_img_102.npy,23,102,LE07_150035_20050916,74.44752,35.97239
slice_23_img_103.npy,23,103,LE07_150035_20050916,74.61591,35.97305
slice_23_img_104.npy,23,104,LE07_150035_20050916,74.7843,35.97347
slice_23_img_105.npy,23,105,LE07_150035_20050916,72.42351,36.08284
slice_23_img_106.npy,23,106,LE07_150035_20050916,72.59198,36.08634
slice_23_img_107.npy,23,107,LE07_150035_20050916,72.76048,36.08961
slice_23_img_108.npy,23,108,LE07_150035_20050916,72.929,36.09264
slice_23_img_109.npy,23,109,LE07_150035_20050916,73.09755,36.09544
slice_23_img_110.npy,23,110,LE07_150035_20050916,73.26612,36.098
slice_23_img_111.npy,23,111,LE07_150035_20050916,73.43471,36.10032
slice_23_img_112.npy,23,112,LE07_150035_20050916,73.60332,36.1024
slice_23_img_113.npy,23,113,LE07_150035_20050916,73.77194,36.10425
slice_23_img_114.npy,23,114,LE07_150035_20050916,73.94058,36.10586
slice_23_img_115.npy,23,115,LE07_150035_20050916,74.10923,36.10723
slice_23_img_116.npy,23,116,LE07_150035_20050916,74.2779,36.10837
slice_23_img_117.npy,23,117,LE07_150035_20050916,74.44657,36.10927
slice_23_img_118.npy,23,118,LE07_150035_20050916,74.61524,36.10993
slice_23_img_119.npy,23,119,LE07_150035_20050916,74.78392,36.11035
slice_23_img_120.npy,23,120,LE07_150035_20050916,72.41903,36.21958
slice_23_img_121.npy,23,121,LE07_150035_20050916,72.58779,36.2231
slice_23_img_122.npy,23,122,LE07_150035_20050916,72.75658,36.22638
slice_23_img_123.npy,23,123,LE07_150035_20050916,72.9254,36.22943
slice_23_img_124.npy,23,124,LE07_150035_20050916,73.09424,36.23224
slice_23_img_125.npy,23,125,LE07_150035_20050916,73.2631,36.23481
slice_23_img_126.npy,23,126,LE07_150035_20050916,73.43198,36.23715
slice_23_img_127.npy,23,127,LE07_150035_20050916,73.60089,36.23924
slice_23_img_128.npy,23,128,LE07_150035_20050916,73.7698,36.2411
slice_23_img_129.npy,23,129,LE07_150035_20050916,73.93874,36.24272
slice_23_img_130.npy,23,130,LE07_150035_20050916,74.10768,36.24409
slice_23_img_131.npy,23,131,LE07_150035_20050916,74.27664,36.24524
slice_23_img_132.npy,23,132,LE07_150035_20050916,74.4456,36.24614
slice_23_img_133.npy,23,133,LE07_150035_20050916,74.61457,36.2468
slice_23_img_134.npy,23,134,LE07_150035_20050916,74.78355,36.24723
slice_23_img_135.npy,23,135,LE07_150035_20050916,72.41452,36.35631
slice_23_img_136.npy,23,136,LE07_150035_20050916,72.58358,36.35985
slice_23_img_137.npy,23,137,LE07_150035_20050916,72.75266,36.36315
slice_23_img_138.npy,23,138,LE07_150035_20050916,72.92177,36.36622
slice_23_img_139.npy,23,139,LE07_150035_20050916,73.09091,36.36904
slice_23_img_140.npy,23,140,LE07_150035_20050916,73.26006,36.37162
slice_23_img_141.npy,23,141,LE07_150035_20050916,73.42924,36.37397
slice_23_img_142.npy,23,142,LE07_150035_20050916,73.59844,36.37607
slice_23_img_143.npy,23,143,LE07_150035_20050916,73.76765,36.37794
slice_23_img_144.npy,23,144,LE07_150035_20050916,73.93688,36.37957
slice_23_img_145.npy,23,145,LE07_150035_20050916,74.10612,36.38095
slice_23_img_146.npy,23,146,LE07_150035_20050916,74.27537,36.3821
slice_23_img_147.npy,23,147,LE07_150035_20050916,74.44463,36.38301
slice_23_img_148.npy,23,148,LE07_150035_20050916,74.6139,36.38367
slice_23_img_149.npy,23,149,LE07_150035_20050916,74.78317,36.3841
slice_23_img_150.npy,23,150,LE07_150035_20050916,72.40998,36.49304
slice_23_img_151.npy,23,151,LE07_150035_20050916,72.57933,36.4966
slice_23_img_152.npy,23,152,LE07_150035_20050916,72.74871,36.49992
slice_23_img_153.npy,23,153,LE07_150035_20050916,72.91812,36.503
slice_23_img_154.npy,23,154,LE07_150035_20050916,73.08755,36.50583
slice_23_img_155.npy,23,155,LE07_150035_20050916,73.25701,36.50843
slice_23_img_156.npy,23,156,LE07_150035_20050916,73.42648,36.51079
slice_23_img_157.npy,23,157,LE07_150035_20050916,73.59598,36.5129
slice_23_img_158.npy,23,158,LE07_150035_20050916,73.76549,36.51478
slice_23_img_159.npy,23,159,LE07_150035_20050916,73.93501,36.51641
slice_23_img_160.npy,23,160,LE07_150035_20050916,74.10455,36.51781
slice_23_img_161.npy,23,161,LE07_150035_20050916,74.2741,36.51896
slice_23_img_162.npy,23,162,LE07_150035_20050916,74.44366,36.51987
slice_23_img_163.npy,23,163,LE07_150035_20050916,74.61322,36.52054
slice_23_img_164.npy,23,164,LE07_150035_20050916,74.78279,36.52097
slice_23_img_165.npy,23,165,LE07_150035_20050916,72.40541,36.62977
slice_23_img_166.npy,23,166,LE07_150035_20050916,72.57506,36.63335
slice_23_img_167.npy,23,167,LE07_150035_20050916,72.74474,36.63668
slice_23_img_168.npy,23,168,LE07_150035_20050916,72.91444,36.63977
slice_23_img_169.npy,23,169,LE07_150035_20050916,73.08417,36.64263
slice_23_img_170.npy,23,170,LE07_150035_20050916,73.25393,36.64524
slice_23_img_171.npy,23,171,LE07_150035_20050916,73.4237,36.6476
slice_23_img_172.npy,23,172,LE07_150035_20050916,73.5935,36.64973
slice_23_img_173.npy,23,173,LE07_150035_20050916,73.76331,36.65161
slice_23_img_174.npy,23,174,LE07_150035_20050916,73.93313,36.65326
slice_23_img_175.npy,23,175,LE07_150035_20050916,74.10297,36.65466
slice_23_img_176.npy,23,176,LE07_150035_20050916,74.27282,36.65581
slice_23_img_177.npy,23,177,LE07_150035_20050916,74.44267,36.65673
slice_23_img_178.npy,23,178,LE07_150035_20050916,74.61254,36.6574
slice_23_img_179.npy,23,179,LE07_150035_20050916,74.7824,36.65784
slice_23_img_180.npy,23,180,LE07_150035_20050916,72.40081,36.76649
slice_23_img_181.npy,23,181,LE07_150035_20050916,72.57076,36.77009
slice_23_img_182.npy,23,182,LE07_150035_20050916,72.74074,36.77344
slice_23_img_183.npy,23,183,LE07_150035_20050916,72.91074,36.77655
slice_23_img_184.npy,23,184,LE07_150035_20050916,73.08077,36.77941
slice_23_img_185.npy,23,185,LE07_150035_20050916,73.25083,36.78204
slice_23_img_186.npy,23,186,LE07_150035_20050916,73.4209,36.78442
slice_23_img_187.npy,23,187,LE07_150035_20050916,73.591,36.78655
slice_23_img_188.npy,23,188,LE07_150035_20050916,73.76111,36.78845
slice_23_img_189.npy,23,189,LE07_150035_20050916,73.93124,36.7901
slice_23_img_190.npy,23,190,LE07_150035_20050916,74.10137,36.7915
slice_23_img_191.npy,23,191,LE07_150035_20050916,74.27152,36.79267
slice_23_img_192.npy,23,192,LE07_150035_20050916,74.44168,36.79359
slice_23_img_193.npy,23,193,LE07_150035_20050916,74.61185,36.79427
slice_23_img_194.npy,23,194,LE07_150035_20050916,74.78202,36.7947
slice_23_img_195.npy,23,195,LE07_150035_20050916,72.39617,36.90321
slice_23_img_196.npy,23,196,LE07_150035_20050916,72.56643,36.90683
slice_23_img_197.npy,23,197,LE07_150035_20050916,72.73671,36.91019
slice_23_img_198.npy,23,198,LE07_150035_20050916,72.90702,36.91332
slice_23_img_199.npy,23,199,LE07_150035_20050916,73.07735,36.9162
slice_23_img_200.npy,23,200,LE07_150035_20050916,73.24771,36.91883
slice_23_img_201.npy,23,201,LE07_150035_20050916,73.41809,36.92123
slice_23_img_202.npy,23,202,LE07_150035_20050916,73.58848,36.92337
slice_23_img_203.npy,23,203,LE07_150035_20050916,73.7589,36.92528
slice_23_img_204.npy,23,204,LE07_150035_20050916,73.92933,36.92693
slice_23_img_205.npy,23,205,LE07_150035_20050916,74.09977,36.92835
slice_23_img_206.npy,23,206,LE07_150035_20050916,74.27022,36.92952
slice_23_img_207.npy,23,207,LE07_150035_20050916,74.44069,36.93044
slice_23_img_208.npy,23,208,LE07_150035_20050916,74.61116,36.93112
slice_23_img_209.npy,23,209,LE07_150035_20050916,74.78163,36.93156
slice_24_img_000.npy,24,0,LE07_147037_20060930,76.28309,32.32041
slice_24_img_001.npy,24,1,LE07_147037_20060930,76.44434,32.31867
slice_24_img_002.npy,24,2,LE07_147037_20060930,76.60557,32.31672
slice_24_img_003.npy,24,3,LE07_147037_20060930,76.76679,32.31457
slice_24_img_004.npy,24,4,LE07_147037_20060930,76.92799,32.31221
slice_24_img_005.npy,24,5,LE07_147037_20060930,77.08917,32.30964
slice_24_img_006.npy,24,6,LE07_147037_20060930,77.25032,32.30687
slice_24_img_007.npy,24,7,LE07_147037_20060930,77.41146,32.30389
slice_24_img_008.npy,24,8,LE07_147037_20060930,77.57257,32.30071
slice_24_img_009.npy,24,9,LE07_147037_20060930,77.73365,32.29732
slice_24_img_010.npy,24,10,LE07_147037_20060930,77.89471,32.29373
slice_24_img_011.npy,24,11,LE07_147037_20060930,78.05574,32.28993
slice_24_img_012.npy,24,12,LE07_147037_20060930,78.21673,32.28593
slice_24_img_013.npy,24,13,LE07_147037_20060930,78.37769,32.28172
slice_24_img_014.npy,24,14,LE07_147037_20060930,78.53862,32.27731
slice_24_img_015.npy,24,15,LE07_147037_20060930,76.28503,32.45734
slice_24_img_016.npy,24,16,LE07_147037_20060930,76.44652,32.45559
slice_24_img_017.npy,24,17,LE07_147037_20060930,76.608,32.45363
slice_24_img_018.npy,24,18,LE07_147037_20060930,76.76946,32.45146
slice_24_img_019.npy,24,19,LE07_147037_20060930,76.9309,32.44909
slice_24_img_020.npy,24,20,LE07_147037_20060930,77.09232,32.44651
slice_24_img_021.npy,24,21,LE07_147037_20060930,77.25372,32.44373
slice_24_img_022.npy,24,22,LE07_147037_20060930,77.4151,32.44073
slice_24_img_023.npy,24,23,LE07_147037_20060930,77.57645,32.43753
slice_24_img_024.npy,24,24,LE07_147037_20060930,77.73778,32.43413
slice_24_img_025.npy,24,25,LE07_147037_20060930,77.89907,32.43052
slice_24_img_026.npy,24,26,LE07_147037_20060930,78.06034,32.4267
slice_24_img_027.npy,24,27,LE07_147037_20060930,78.22158,32.42268
slice_24_img_028.npy,24,28,LE07_147037_20060930,78.38278,32.41845
slice_24_img_029.npy,24,29,LE07_147037_20060930,78.54395,32.41401
slice_24_img_030.npy,24,30,LE07_147037_20060930,76.28698,32.59427
slice_24_img_031.npy,24,31,LE07_147037_20060930,76.44872,32.5925
slice_24_img_032.npy,24,32,LE07_147037_20060930,76.61044,32.59054
slice_24_img_033.npy,24,33,LE07_147037_20060930,76.77214,32.58836
slice_24_img_034.npy,24,34,LE07_147037_20060930,76.93383,32.58597
slice_24_img_035.npy,24,35,LE07_147037_20060930,77.0955,32.58338
slice_24_img_036.npy,24,36,LE07_147037_20060930,77.25714,32.58058
slice_24_img_037.npy,24,37,LE07_147037_20060930,77.41876,32.57757
slice_24_img_038.npy,24,38,LE07_147037_20060930,77.58036,32.57436
slice_24_img_039.npy,24,39,LE07_147037_20060930,77.74193,32.57093
slice_24_img_040.npy,24,40,LE07_147037_20060930,77.90347,32.5673
slice_24_img_041.npy,24,41,LE07_147037_20060930,78.06498,32.56346
slice_24_img_042.npy,24,42,LE07_147037_20060930,78.22646,32.55942
slice_24_img_043.npy,24,43,LE07_147037_20060930,78.38791,32.55517
slice_24_img_044.npy,24,44,LE07_147037_20060930,78.54932,32.55071
slice_24_img_045.npy,24,45,LE07_147037_20060930,76.28895,32.73119
slice_24_img_046.npy,24,46,LE07_147037_20060930,76.45093,32.72942
slice_24_img_047.npy,24,47,LE07_147037_20060930,76.6129,32.72744
slice_24_img_048.npy,24,48,LE07_147037_20060930,76.77485,32.72525
slice_24_img_049.npy,24,49,LE07_147037_20060930,76.93678,32.72285
slice_24_img_050.npy,24,50,LE07_147037_20060930,77.09869,32.72024
slice_24_img_051.npy,24,51,LE07_147037_20060930,77.26058,32.71743
slice_24_img_052.npy,24,52,LE07_147037_20060930,77.42245,32.71441
slice_24_img_053.npy,24,53,LE07_147037_20060930,77.58429,32.71117
slice_24_img_054.npy,24,54,LE07_147037_20060930,77.74611,32.70773
slice_24_img_055.npy,24,55,LE07_147037_20060930,77.90789,32.70408
slice_24_img_056.npy,24,56,LE07_147037_20060930,78.06965,32.70022
slice_24_img_057.npy,24,57,LE07_147037_20060930,78.23138,32.69616
slice_24_img_058.npy,24,58,LE07_147037_20060930,78.39307,32.69188
slice_24_img_059.npy,24,59,LE07_147037_20060930,78.55473,32.6874
slice_24_img_060.npy,24,60,LE07_147037_20060930,76.29092,32.86811
slice_24_img_061.npy,24,61,LE07_147037_20060930,76.45315,32.86633
slice_24_img_062.npy,24,62,LE07_147037_20060930,76.61537,32.86434
slice_24_img_063.npy,24,63,LE07_147037_20060930,76.77757,32.86214
slice_24_img_064.npy,24,64,LE07_147037_20060930,76.93975,32.85973
slice_24_img_065.npy,24,65,LE07_147037_20060930,77.10191,32.85711
slice_24_img_066.npy,24,66,LE07_147037_20060930,77.26405,32.85428
slice_24_img_067.npy,24,67,LE07_147037_20060930,77.42616,32.85124
slice_24_img_068.npy,24,68,LE07_147037_20060930,77.58825,32.84799
slice_24_img_069.npy,24,69,LE07_147037_20060930,77.75032,32.84453
slice_24_img_070.npy,24,70,LE07_147037_20060930,77.91235,32.84086
slice_24_img_071.npy,24,71,LE07_147037_20060930,78.07435,32.83698
slice_24_img_072.npy,24,72,LE07_147037_20060930,78.23633,32.83289
slice_24_img_073.npy,24,73,LE07_147037_20060930,78.39826,32.8286
slice_24_img_074.npy,24,74,LE07_147037_20060930,78.56017,32.82409
slice_24_img_075.npy,24,75,LE07_147037_20060930,76.29291,33.00502
slice_24_img_076.npy,24,76,LE07_147037_20060930,76.45539,33.00323
slice_24_img_077.npy,24,77,LE07_147037_20060930,76.61786,33.00123
slice_24_img_078.npy,24,78,LE07_147037_20060930,76.78031,32.99902
slice_24_img_079.npy,24,79,LE07_147037_20060930,76.94274,32.9966
slice_24_img_080.npy,24,80,LE07_147037_20060930,77.10515,32.99396
slice_24_img_081.npy,24,81,LE07_147037_20060930,77.26754,32.99112
slice_24_img_082.npy,24,82,LE07_147037_20060930,77.4299,32.98806
slice_24_img_083.npy,24,83,LE07_147037_20060930,77.59224,32.9848
slice_24_img_084.npy,24,84,LE07_147037_20060930,77.75455,32.98132
slice_24_img_085.npy,24,85,LE07_147037_20060930,77.91683,32.97763
slice_24_img_086.npy,24,86,LE07_147037_20060930,78.07909,32.97373
slice_24_img_087.npy,24,87,LE07_147037_20060930,78.24131,32.96962
slice_24_img_088.npy,24,88,LE07_147037_20060930,78.40349,32.96531
slice_24_img_089.npy,24,89,LE07_147037_20060930,78.56565,32.96078
slice_24_img_090.npy,24,90,LE07_147037_20060930,76.29492,33.14193
slice_24_img_091.npy,24,91,LE07_147037_20060930,76.45765,33.14014
slice_24_img_092.npy,24,92,LE07_147037_20060930,76.62037,33.13812
slice_24_img_093.npy,24,93,LE07_147037_20060930,76.78307,33.1359
slice_24_img_094.npy,24,94,LE07_147037_20060930,76.94575,33.13347
slice_24_img_095.npy,24,95,LE07_147037_20060930,77.10841,33.13082
slice_24_img_096.npy,24,96,LE07_147037_20060930,77.27105,33.12796
slice_24_img_097.npy,24,97,LE07_147037_20060930,77.43367,33.12489
slice_24_img_098.npy,24,98,LE07_147037_20060930,77.59625,33.1216
slice_24_img_099.npy,24,99,LE07_147037_20060930,77.75882,33.11811
slice_24_img_100.npy,24,100,LE07_147037_20060930,77.92135,33.1144
slice_24_img_101.npy,24,101,LE07_147037_20060930,78.08385,33.11048
slice_24_img_102.npy,24,102,LE07_147037_20060930,78.24632,33.10635
slice_24_img_103.npy,24,103,LE07_147037_20060930,78.40876,33.10201
slice_24_img_104.npy,24,104,LE07_147037_20060930,78.57116,33.09746
slice_24_img_105.npy,24,105,LE07_147037_20060930,76.29694,33.27884
slice_24_img_106.npy,24,106,LE07_147037_20060930,76.45992,33.27704
slice_24_img_107.npy,24,107,LE07_147037_20060930,76.62289,33.27501
slice_24_img_108.npy,24,108,LE07_147037_20060930,76.78585,33.27278
slice_24_img_109.npy,24,109,LE07_147037_20060930,76.94878,33.27033
slice_24_img_110.npy,24,110,LE07_147037_20060930,77.11169,33.26767
slice_24_img_111.npy,24,111,LE07_147037_20060930,77.27459,33.2648
slice_24_img_112.npy,24,112,LE07_147037_20060930,77.43745,33.26171
slice_24_img_113.npy,24,113,LE07_147037_20060930,77.6003,33.25841
slice_24_img_114.npy,24,114,LE07_147037_20060930,77.76311,33.25489
slice_24_img_115.npy,24,115,LE07_147037_20060930,77.9259,33.25117
slice_24_img_116.npy,24,116,LE07_147037_20060930,78.08865,33.24723
slice_24_img_117.npy,24,117,LE07_147037_20060930,78.25137,33.24308
slice_24_img_118.npy,24,118,LE07_147037_20060930,78.41406,33.23871
slice_24_img_119.npy,24,119,LE07_147037_20060930,78.57671,33.23414
slice_24_img_120.npy,24,120,LE07_147037_20060930,76.29897,33.41575
slice_24_img_121.npy,24,121,LE07_147037_20060930,76.46221,33.41393
slice_24_img_122.npy,24,122,LE07_147037_20060930,76.62543,33.4119
slice_24_img_123.npy,24,123,LE07_147037_20060930,76.78864,33.40965
slice_24_img_124.npy,24,124,LE07_147037_20060930,76.95183,33.40719
slice_24_img_125.npy,24,125,LE07_147037_20060930,77.115,33.40452
slice_24_img_126.npy,24,126,LE07_147037_20060930,77.27815,33.40163
slice_24_img_127.npy,24,127,LE07_147037_20060930,77.44127,33.39852
slice_24_img_128.npy,24,128,LE07_147037_20060930,77.60437,33.39521
slice_24_img_129.npy,24,129,LE07_147037_20060930,77.76743,33.39168
slice_24_img_130.npy,24,130,LE07_147037_20060930,77.93047,33.38793
slice_24_img_131.npy,24,131,LE07_147037_20060930,78.09348,33.38397
slice_24_img_132.npy,24,132,LE07_147037_20060930,78.25646,33.3798
slice_24_img_133.npy,24,133,LE07_147037_20060930,78.4194,33.37541
slice_24_img_134.npy,24,134,LE07_147037_20060930,78.5823,33.37081
slice_24_img_135.npy,24,135,LE07_147037_20060930,76.30101,33.55265
slice_24_img_136.npy,24,136,LE07_147037_20060930,76.46451,33.55083
slice_24_img_137.npy,24,137,LE07_147037_20060930,76.62799,33.54878
slice_24_img_138.npy,24,138,LE07_147037_20060930,76.79146,33.54653
slice_24_img_139.npy,24,139,LE07_147037_20060930,76.9549,33.54405
slice_24_img_140.npy,24,140,LE07_147037_20060930,77.11833,33.54136
slice_24_img_141.npy,24,141,LE07_147037_20060930,77.28173,33.53846
slice_24_img_142.npy,24,142,LE07_147037_20060930,77.44511,33.53534
slice_24_img_143.npy,24,143,LE07_147037_20060930,77.60846,33.532
slice_24_img_144.npy,24,144,LE07_147037_20060930,77.77179,33.52845
slice_24_img_145.npy,24,145,LE07_147037_20060930,77.93508,33.52469
slice_24_img_146.npy,24,146,LE07_147037_20060930,78.09835,33.52071
slice_24_img_147.npy,24,147,LE07_147037_20060930,78.26158,33.51651
slice_24_img_148.npy,24,148,LE07_147037_20060930,78.42477,33.5121
slice_24_img_149.npy,24,149,LE07_147037_20060930,78.58793,33.50748
slice_24_img_150.npy,24,150,LE07_147037_20060930,76.30307,33.68955
slice_24_img_151.npy,24,151,LE07_147037_20060930,76.46683,33.68772
slice_24_img_152.npy,24,152,LE07_147037_20060930,76.63057,33.68566
slice_24_img_153.npy,24,153,LE07_147037_20060930,76.79429,33.68339
slice_24_img_154.npy,24,154,LE07_147037_20060930,76.958,33.68091
slice_24_img_155.npy,24,155,LE07_147037_20060930,77.12168,33.6782
slice_24_img_156.npy,24,156,LE07_147037_20060930,77.28534,33.67528
slice_24_img_157.npy,24,157,LE07_147037_20060930,77.44898,33.67215
slice_24_img_158.npy,24,158,LE07_147037_20060930,77.61259,33.6688
slice_24_img_159.npy,24,159,LE07_147037_20060930,77.77617,33.66523
slice_24_img_160.npy,24,160,LE07_147037_20060930,77.93972,33.66144
slice_24_img_161.npy,24,161,LE07_147037_20060930,78.10324,33.65744
slice_24_img_162.npy,24,162,LE07_147037_20060930,78.26673,33.65323
slice_24_img_163.npy,24,163,LE07_147037_20060930,78.43018,33.64879
slice_24_img_164.npy,24,164,LE07_147037_20060930,78.5936,33.64415
slice_24_img_165.npy,24,165,LE07_147037_20060930,76.30515,33.82645
slice_24_img_166.npy,24,166,LE07_147037_20060930,76.46916,33.8246
slice_24_img_167.npy,24,167,LE07_147037_20060930,76.63316,33.82254
slice_24_img_168.npy,24,168,LE07_147037_20060930,76.79715,33.82026
slice_24_img_169.npy,24,169,LE07_147037_20060930,76.96111,33.81776
slice_24_img_170.npy,24,170,LE07_147037_20060930,77.12505,33.81504
slice_24_img_171.npy,24,171,LE07_147037_20060930,77.28897,33.81211
slice_24_img_172.npy,24,172,LE07_147037_20060930,77.45287,33.80896
slice_24_img_173.npy,24,173,LE07_147037_20060930,77.61674,33.80559
slice_24_img_174.npy,24,174,LE07_147037_20060930,77.78058,33.802
slice_24_img_175.npy,24,175,LE07_147037_20060930,77.94439,33.7982
slice_24_img_176.npy,24,176,LE07_147037_20060930,78.10817,33.79417
slice_24_img_177.npy,24,177,LE07_147037_20060930,78.27192,33.78994
slice_24_img_178.npy,24,178,LE07_147037_20060930,78.43563,33.78548
slice_24_img_179.npy,24,179,LE07_147037_20060930,78.5993,33.78081
slice_24_img_180.npy,24,180,LE07_147037_20060930,76.30723,33.96334
slice_24_img_181.npy,24,181,LE07_147037_20060930,76.47151,33.96149
slice_24_img_182.npy,24,182,LE07_147037_20060930,76.63578,33.95941
slice_24_img_183.npy,24,183,LE07_147037_20060930,76.80002,33.95712
slice_24_img_184.npy,24,184,LE07_147037_20060930,76.96425,33.95461
slice_24_img_185.npy,24,185,LE07_147037_20060930,77.12845,33.95188
slice_24_img_186.npy,24,186,LE07_147037_20060930,77.29263,33.94893
slice_24_img_187.npy,24,187,LE07_147037_20060930,77.45679,33.94576
slice_24_img_188.npy,24,188,LE07_147037_20060930,77.62092,33.94237
slice_24_img_189.npy,24,189,LE07_147037_20060930,77.78502,33.93877
slice_24_img_190.npy,24,190,LE07_147037_20060930,77.94909,33.93494
slice_24_img_191.npy,24,191,LE07_147037_20060930,78.11314,33.9309
slice_24_img_192.npy,24,192,LE07_147037_20060930,78.27714,33.92664
slice_24_img_193.npy,24,193,LE07_147037_20060930,78.44111,33.92216
slice_24_img_194.npy,24,194,LE07_147037_20060930,78.60505,33.91747
slice_25_img_000.npy,25,0,LE07_150034_20050916,72.84881,36.56025
slice_25_img_001.npy,25,1,LE07_150034_20050916,73.01836,36.56319
slice_25_img_002.npy,25,2,LE07_150034_20050916,73.18794,36.56589
slice_25_img_003.npy,25,3,LE07_150034_20050916,73.35753,36.56835
slice_25_img_004.npy,25,4,LE07_150034_20050916,73.52715,36.57057
slice_25_img_005.npy,25,5,LE07_150034_20050916,73.69678,36.57254
slice_25_img_006.npy,25,6,LE07_150034_20050916,73.86642,36.57428
slice_25_img_007.npy,25,7,LE07_150034_20050916,74.03609,36.57577
slice_25_img_008.npy,25,8,LE07_150034_20050916,74.20576,36.57702
slice_25_img_009.npy,25,9,LE07_150034_20050916,74.37544,36.57803
slice_25_img_010.npy,25,10,LE07_150034_20050916,74.54513,36.5788
slice_25_img_011.npy,25,11,LE07_150034_20050916,74.71482,36.57932
slice_25_img_012.npy,25,12,LE07_150034_20050916,74.88452,36.57961
slice_25_img_013.npy,25,13,LE07_150034_20050916,75.05422,36.57965
slice_25_img_014.npy,25,14,LE07_150034_20050916,75.22392,36.57945
slice_25_img_015.npy,25,15,LE07_150034_20050916,72.84501,36.69702
slice_25_img_016.npy,25,16,LE07_150034_20050916,73.01486,36.69998
slice_25_img_017.npy,25,17,LE07_150034_20050916,73.18473,36.70269
slice_25_img_018.npy,25,18,LE07_150034_20050916,73.35462,36.70516
slice_25_img_019.npy,25,19,LE07_150034_20050916,73.52454,36.70739
slice_25_img_020.npy,25,20,LE07_150034_20050916,73.69447,36.70937
slice_25_img_021.npy,25,21,LE07_150034_20050916,73.86442,36.71111
slice_25_img_022.npy,25,22,LE07_150034_20050916,74.03438,36.71261
slice_25_img_023.npy,25,23,LE07_150034_20050916,74.20435,36.71387
slice_25_img_024.npy,25,24,LE07_150034_20050916,74.37433,36.71489
slice_25_img_025.npy,25,25,LE07_150034_20050916,74.54432,36.71566
slice_25_img_026.npy,25,26,LE07_150034_20050916,74.71432,36.71619
slice_25_img_027.npy,25,27,LE07_150034_20050916,74.88432,36.71647
slice_25_img_028.npy,25,28,LE07_150034_20050916,75.05432,36.71652
slice_25_img_029.npy,25,29,LE07_150034_20050916,75.22432,36.71632
slice_25_img_030.npy,25,30,LE07_150034_20050916,72.84117,36.83379
slice_25_img_031.npy,25,31,LE07_150034_20050916,73.01133,36.83676
slice_25_img_032.npy,25,32,LE07_150034_20050916,73.1815,36.83948
slice_25_img_033.npy,25,33,LE07_150034_20050916,73.3517,36.84197
slice_25_img_034.npy,25,34,LE07_150034_20050916,73.52191,36.8442
slice_25_img_035.npy,25,35,LE07_150034_20050916,73.69215,36.8462
slice_25_img_036.npy,25,36,LE07_150034_20050916,73.8624,36.84795
slice_25_img_037.npy,25,37,LE07_150034_20050916,74.03266,36.84946
slice_25_img_038.npy,25,38,LE07_150034_20050916,74.20294,36.85072
slice_25_img_039.npy,25,39,LE07_150034_20050916,74.37322,36.85174
slice_25_img_040.npy,25,40,LE07_150034_20050916,74.54351,36.85252
slice_25_img_041.npy,25,41,LE07_150034_20050916,74.71381,36.85305
slice_25_img_042.npy,25,42,LE07_150034_20050916,74.88411,36.85334
slice_25_img_043.npy,25,43,LE07_150034_20050916,75.05441,36.85338
slice_25_img_044.npy,25,44,LE07_150034_20050916,75.22472,36.85318
slice_25_img_045.npy,25,45,LE07_150034_20050916,72.83732,36.97055
slice_25_img_046.npy,25,46,LE07_150034_20050916,73.00777,36.97353
slice_25_img_047.npy,25,47,LE07_150034_20050916,73.17825,36.97627
slice_25_img_048.npy,25,48,LE07_150034_20050916,73.34875,36.97877
slice_25_img_049.npy,25,49,LE07_150034_20050916,73.51927,36.98102
slice_25_img_050.npy,25,50,LE07_150034_20050916,73.68981,36.98302
slice_25_img_051.npy,25,51,LE07_150034_20050916,73.86036,36.98478
slice_25_img_052.npy,25,52,LE07_150034_20050916,74.03093,36.9863
slice_25_img_053.npy,25,53,LE07_150034_20050916,74.20151,36.98757
slice_25_img_054.npy,25,54,LE07_150034_20050916,74.3721,36.98859
slice_25_img_055.npy,25,55,LE07_150034_20050916,74.5427,36.98937
slice_25_img_056.npy,25,56,LE07_150034_20050916,74.7133,36.98991
slice_25_img_057.npy,25,57,LE07_150034_20050916,74.8839,36.9902
slice_25_img_058.npy,25,58,LE07_150034_20050916,75.05451,36.99024
slice_25_img_059.npy,25,59,LE07_150034_20050916,75.22512,36.99004
slice_25_img_060.npy,25,60,LE07_150034_20050916,72.83343,37.10731
slice_25_img_061.npy,25,61,LE07_150034_20050916,73.00419,37.11031
slice_25_img_062.npy,25,62,LE07_150034_20050916,73.17498,37.11306
slice_25_img_063.npy,25,63,LE07_150034_20050916,73.34578,37.11557
slice_25_img_064.npy,25,64,LE07_150034_20050916,73.51661,37.11783
slice_25_img_065.npy,25,65,LE07_150034_20050916,73.68745,37.11984
slice_25_img_066.npy,25,66,LE07_150034_20050916,73.85831,37.12161
slice_25_img_067.npy,25,67,LE07_150034_20050916,74.02919,37.12314
slice_25_img_068.npy,25,68,LE07_150034_20050916,74.20007,37.12441
slice_25_img_069.npy,25,69,LE07_150034_20050916,74.37097,37.12544
slice_25_img_070.npy,25,70,LE07_150034_20050916,74.54187,37.12623
slice_25_img_071.npy,25,71,LE07_150034_20050916,74.71278,37.12676
slice_25_img_072.npy,25,72,LE07_150034_20050916,74.8837,37.12705
slice_25_img_073.npy,25,73,LE07_150034_20050916,75.05461,37.1271
slice_25_img_074.npy,25,74,LE07_150034_20050916,75.22552,37.1269
slice_25_img_075.npy,25,75,LE07_150034_20050916,72.82952,37.24407
slice_25_img_076.npy,25,76,LE07_150034_20050916,73.00059,37.24708
slice_25_img_077.npy,25,77,LE07_150034_20050916,73.17168,37.24985
slice_25_img_078.npy,25,78,LE07_150034_20050916,73.3428,37.25237
slice_25_img_079.npy,25,79,LE07_150034_20050916,73.51393,37.25464
slice_25_img_080.npy,25,80,LE07_150034_20050916,73.68508,37.25666
slice_25_img_081.npy,25,81,LE07_150034_20050916,73.85625,37.25844
slice_25_img_082.npy,25,82,LE07_150034_20050916,74.02744,37.25997
slice_25_img_083.npy,25,83,LE07_150034_20050916,74.19863,37.26125
slice_25_img_084.npy,25,84,LE07_150034_20050916,74.36983,37.26229
slice_25_img_085.npy,25,85,LE07_150034_20050916,74.54105,37.26307
slice_25_img_086.npy,25,86,LE07_150034_20050916,74.71226,37.26361
slice_25_img_087.npy,25,87,LE07_150034_20050916,74.88349,37.26391
slice_25_img_088.npy,25,88,LE07_150034_20050916,75.05471,37.26395
slice_25_img_089.npy,25,89,LE07_150034_20050916,75.22593,37.26375
slice_25_img_090.npy,25,90,LE07_150034_20050916,72.82558,37.38082
slice_25_img_091.npy,25,91,LE07_150034_20050916,72.99696,37.38385
slice_25_img_092.npy,25,92,LE07_150034_20050916,73.16836,37.38663
slice_25_img_093.npy,25,93,LE07_150034_20050916,73.33979,37.38916
slice_25_img_094.npy,25,94,LE07_150034_20050916,73.51123,37.39144
slice_25_img_095.npy,25,95,LE07_150034_20050916,73.6827,37.39348
slice_25_img_096.npy,25,96,LE07_150034_20050916,73.85418,37.39526
slice_25_img_097.npy,25,97,LE07_150034_20050916,74.02567,37.3968
slice_25_img_098.npy,25,98,LE07_150034_20050916,74.19718,37.39809
slice_25_img_099.npy,25,99,LE07_150034_20050916,74.36869,37.39913
slice_25_img_100.npy,25,100,LE07_150034_20050916,74.54021,37.39992
slice_25_img_101.npy,25,101,LE07_150034_20050916,74.71174,37.40046
slice_25_img_102.npy,25,102,LE07_150034_20050916,74.88327,37.40076
slice_25_img_103.npy,25,103,LE07_150034_20050916,75.05481,37.4008
slice_25_img_104.npy,25,104,LE07_150034_20050916,75.22634,37.4006
slice_25_img_105.npy,25,105,LE07_150034_20050916,72.82162,37.51757
slice_25_img_106.npy,25,106,LE07_150034_20050916,72.99331,37.52061
slice_25_img_107.npy,25,107,LE07_150034_20050916,73.16502,37.5234
slice_25_img_108.npy,25,108,LE07_150034_20050916,73.33676,37.52595
slice_25_img_109.npy,25,109,LE07_150034_20050916,73.50852,37.52824
slice_25_img_110.npy,25,110,LE07_150034_20050916,73.68029,37.53029
slice_25_img_111.npy,25,111,LE07_150034_20050916,73.85209,37.53208
slice_25_img_112.npy,25,112,LE07_150034_20050916,74.02389,37.53363
slice_25_img_113.npy,25,113,LE07_150034_20050916,74.19571,37.53492
slice_25_img_114.npy,25,114,LE07_150034_20050916,74.36754,37.53597
slice_25_img_115.npy,25,115,LE07_150034_20050916,74.53937,37.53676
slice_25_img_116.npy,25,116,LE07_150034_20050916,74.71122,37.53731
slice_25_img_117.npy,25,117,LE07_150034_20050916,74.88306,37.5376
slice_25_img_118.npy,25,118,LE07_150034_20050916,75.05491,37.53765
slice_25_img_119.npy,25,119,LE07_150034_20050916,75.22675,37.53744
slice_25_img_120.npy,25,120,LE07_150034_20050916,72.81763,37.65431
slice_25_img_121.npy,25,121,LE07_150034_20050916,72.98963,37.65737
slice_25_img_122.npy,25,122,LE07_150034_20050916,73.16166,37.66018
slice_25_img_123.npy,25,123,LE07_150034_20050916,73.33371,37.66273
slice_25_img_124.npy,25,124,LE07_150034_20050916,73.50578,37.66504
slice_25_img_125.npy,25,125,LE07_150034_20050916,73.67788,37.66709
slice_25_img_126.npy,25,126,LE07_150034_20050916,73.84998,37.6689
slice_25_img_127.npy,25,127,LE07_150034_20050916,74.0221,37.67045
slice_25_img_128.npy,25,128,LE07_150034_20050916,74.19424,37.67175
slice_25_img_129.npy,25,129,LE07_150034_20050916,74.36638,37.6728
slice_25_img_130.npy,25,130,LE07_150034_20050916,74.53853,37.6736
slice_25_img_131.npy,25,131,LE07_150034_20050916,74.71069,37.67415
slice_25_img_132.npy,25,132,LE07_150034_20050916,74.88285,37.67445
slice_25_img_133.npy,25,133,LE07_150034_20050916,75.05501,37.67449
slice_25_img_134.npy,25,134,LE07_150034_20050916,75.22717,37.67429
slice_25_img_135.npy,25,135,LE07_150034_20050916,72.81361,37.79105
slice_25_img_136.npy,25,136,LE07_150034_20050916,72.98593,37.79413
slice_25_img_137.npy,25,137,LE07_150034_20050916,73.15828,37.79695
slice_25_img_138.npy,25,138,LE07_150034_20050916,73.33064,37.79952
slice_25_img_139.npy,25,139,LE07_150034_20050916,73.50303,37.80183
slice_25_img_140.npy,25,140,LE07_150034_20050916,73.67544,37.8039
slice_25_img_141.npy,25,141,LE07_150034_20050916,73.84786,37.80571
slice_25_img_142.npy,25,142,LE07_150034_20050916,74.0203,37.80727
slice_25_img_143.npy,25,143,LE07_150034_20050916,74.19275,37.80858
slice_25_img_144.npy,25,144,LE07_150034_20050916,74.36521,37.80964
slice_25_img_145.npy,25,145,LE07_150034_20050916,74.53768,37.81044
slice_25_img_146.npy,25,146,LE07_150034_20050916,74.71015,37.81099
slice_25_img_147.npy,25,147,LE07_150034_20050916,74.88263,37.81129
slice_25_img_148.npy,25,148,LE07_150034_20050916,75.05511,37.81133
slice_25_img_149.npy,25,149,LE07_150034_20050916,75.22759,37.81113
slice_25_img_150.npy,25,150,LE07_150034_20050916,72.80957,37.92779
slice_25_img_151.npy,25,151,LE07_150034_20050916,72.98221,37.93088
slice_25_img_152.npy,25,152,LE07_150034_20050916,73.15487,37.93371
slice_25_img_153.npy,25,153,LE07_150034_20050916,73.32755,37.9363
slice_25_img_154.npy,25,154,LE07_150034_20050916,73.50026,37.93863
slice_25_img_155.npy,25,155,LE07_150034_20050916,73.67299,37.9407
slice_25_img_156.npy,25,156,LE07_150034_20050916,73.84573,37.94252
slice_25_img_157.npy,25,157,LE07_150034_20050916,74.01849,37.94409
slice_25_img_158.npy,25,158,LE07_150034_20050916,74.19126,37.9454
slice_25_img_159.npy,25,159,LE07_150034_20050916,74.36404,37.94647
slice_25_img_160.npy,25,160,LE07_150034_20050916,74.53682,37.94727
slice_25_img_161.npy,25,161,LE07_150034_20050916,74.70962,37.94783
slice_25_img_162.npy,25,162,LE07_150034_20050916,74.88241,37.94813
slice_25_img_163.npy,25,163,LE07_150034_20050916,75.05521,37.94817
slice_25_img_164.npy,25,164,LE07_150034_20050916,75.22801,37.94796
slice_25_img_165.npy,25,165,LE07_150034_20050916,72.8055,38.06453
slice_25_img_166.npy,25,166,LE07_150034_20050916,72.97845,38.06763
slice_25_img_167.npy,25,167,LE07_150034_20050916,73.15144,38.07048
slice_25_img_168.npy,25,168,LE07_150034_20050916,73.32444,38.07307
slice_25_img_169.npy,25,169,LE07_150034_20050916,73.49747,38.07541
slice_25_img_170.npy,25,170,LE07_150034_20050916,73.67052,38.0775
slice_25_img_171.npy,25,171,LE07_150034_20050916,73.84358,38.07933
slice_25_img_172.npy,25,172,LE07_150034_20050916,74.01666,38.0809
slice_25_img_173.npy,25,173,LE07_150034_20050916,74.18975,38.08223
slice_25_img_174.npy,25,174,LE07_150034_20050916,74.36285,38.08329
slice_25_img_175.npy,25,175,LE07_150034_20050916,74.53596,38.0841
slice_25_img_176.npy,25,176,LE07_150034_20050916,74.70908,38.08466
slice_25_img_177.npy,25,177,LE07_150034_20050916,74.88219,38.08496
slice_25_img_178.npy,25,178,LE07_150034_20050916,75.05531,38.08501
slice_25_img_179.npy,25,179,LE07_150034_20050916,75.22843,38.0848
slice_25_img_180.npy,25,180,LE07_150034_20050916,72.8014,38.20126
slice_25_img_181.npy,25,181,LE07_150034_20050916,72.97468,38.20438
slice_25_img_182.npy,25,182,LE07_150034_20050916,73.14798,38.20724
slice_25_img_183.npy,25,183,LE07_150034_20050916,73.32131,38.20985
slice_25_img_184.npy,25,184,LE07_150034_20050916,73.49466,38.2122
slice_25_img_185.npy,25,185,LE07_150034_20050916,73.66803,38.21429
slice_25_img_186.npy,25,186,LE07_150034_20050916,73.84142,38.21613
slice_25_img_187.npy,25,187,LE07_150034_20050916,74.01482,38.21772
slice_25_img_188.npy,25,188,LE07_150034_20050916,74.18824,38.21904
slice_25_img_189.npy,25,189,LE07_150034_20050916,74.36166,38.22011
slice_25_img_190.npy,25,190,LE07_150034_20050916,74.53509,38.22093
slice_25_img_191.npy,25,191,LE07_150034_20050916,74.70853,38.22149
slice_25_img_192.npy,25,192,LE07_150034_20050916,74.88197,38.22179
slice_25_img_193.npy,25,193,LE07_150034_20050916,75.05542,38.22184
slice_25_img_194.npy,25,194,LE07_150034_20050916,75.22886,38.22163
slice_25_img_195.npy,25,195,LE07_150034_20050916,72.79727,38.33798
slice_25_img_196.npy,25,196,LE07_150034_20050916,72.97087,38.34112
slice_25_img_197.npy,25,197,LE07_150034_20050916,73.1445,38.34399
slice_25_img_198.npy,25,198,LE07_150034_20050916,73.31816,38.34661
slice_25_img_199.npy,25,199,LE07_150034_20050916,73.49184,38.34898
slice_25_img_200.npy,25,200,LE07_150034_20050916,73.66553,38.35108
slice_25_img_201.npy,25,201,LE07_150034_20050916,73.83924,38.35293
slice_25_img_202.npy,25,202,LE07_150034_20050916,74.01297,38.35452
slice_25_img_203.npy,25,203,LE07_150034_20050916,74.18671,38.35586
slice_25_img_204.npy,25,204,LE07_150034_20050916,74.36046,38.35693
slice_25_img_205.npy,25,205,LE07_150034_20050916,74.53422,38.35775
slice_25_img_206.npy,25,206,LE07_150034_20050916,74.70798,38.35831
slice_25_img_207.npy,25,207,LE07_150034_20050916,74.88175,38.35862
slice_25_img_208.npy,25,208,LE07_150034_20050916,75.05552,38.35866
slice_25_img_209.npy,25,209,LE07_150034_20050916,75.22929,38.35845
slice_26_img_000.npy,26,0,LE07_147036_20060930,76.68442,33.76049
slice_26_img_001.npy,26,1,LE07_147036_20060930,76.84828,33.75815
slice_26_img_002.npy,26,2,LE07_147036_20060930,77.01212,33.75559
slice_26_img_003.npy,26,3,LE07_147036_20060930,77.17594,33.75281
slice_26_img_004.npy,26,4,LE07_147036_20060930,77.33973,33.74981
slice_26_img_005.npy,26,5,LE07_147036_20060930,77.5035,33.74659
slice_26_img_006.npy,26,6,LE07_147036_20060930,77.66725,33.74316
slice_26_img_007.npy,26,7,LE07_147036_20060930,77.83096,33.73952
slice_26_img_008.npy,26,8,LE07_147036_20060930,77.99465,33.73565
slice_26_img_009.npy,26,9,LE07_147036_20060930,78.1583,33.73157
slice_26_img_010.npy,26,10,LE07_147036_20060930,78.32192,33.72727
slice_26_img_011.npy,26,11,LE07_147036_20060930,78.4855,33.72276
slice_26_img_012.npy,26,12,LE07_147036_20060930,78.64905,33.71803
slice_26_img_013.npy,26,13,LE07_147036_20060930,78.81256,33.71308
slice_26_img_014.npy,26,14,LE07_147036_20060930,78.97602,33.70792
slice_26_img_015.npy,26,15,LE07_147036_20060930,76.6871,33.89737
slice_26_img_016.npy,26,16,LE07_147036_20060930,76.85122,33.89501
slice_26_img_017.npy,26,17,LE07_147036_20060930,77.01533,33.89243
slice_26_img_018.npy,26,18,LE07_147036_20060930,77.17941,33.88964
slice_26_img_019.npy,26,19,LE07_147036_20060930,77.34346,33.88662
slice_26_img_020.npy,26,20,LE07_147036_20060930,77.50749,33.88339
slice_26_img_021.npy,26,21,LE07_147036_20060930,77.6715,33.87995
slice_26_img_022.npy,26,22,LE07_147036_20060930,77.83547,33.87628
slice_26_img_023.npy,26,23,LE07_147036_20060930,77.99942,33.87239
slice_26_img_024.npy,26,24,LE07_147036_20060930,78.16333,33.86829
slice_26_img_025.npy,26,25,LE07_147036_20060930,78.32721,33.86397
slice_26_img_026.npy,26,26,LE07_147036_20060930,78.49105,33.85944
slice_26_img_027.npy,26,27,LE07_147036_20060930,78.65486,33.85468
slice_26_img_028.npy,26,28,LE07_147036_20060930,78.81863,33.84971
slice_26_img_029.npy,26,29,LE07_147036_20060930,78.98235,33.84452
slice_26_img_030.npy,26,30,LE07_147036_20060930,76.68981,34.03423
slice_26_img_031.npy,26,31,LE07_147036_20060930,76.85419,34.03186
slice_26_img_032.npy,26,32,LE07_147036_20060930,77.01856,34.02927
slice_26_img_033.npy,26,33,LE07_147036_20060930,77.1829,34.02647
slice_26_img_034.npy,26,34,LE07_147036_20060930,77.34722,34.02344
slice_26_img_035.npy,26,35,LE07_147036_20060930,77.51151,34.02019
slice_26_img_036.npy,26,36,LE07_147036_20060930,77.67578,34.01672
slice_26_img_037.npy,26,37,LE07_147036_20060930,77.84002,34.01304
slice_26_img_038.npy,26,38,LE07_147036_20060930,78.00422,34.00913
slice_26_img_039.npy,26,39,LE07_147036_20060930,78.1684,34.00501
slice_26_img_040.npy,26,40,LE07_147036_20060930,78.33254,34.00067
slice_26_img_041.npy,26,41,LE07_147036_20060930,78.49664,33.99611
slice_26_img_042.npy,26,42,LE07_147036_20060930,78.66071,33.99133
slice_26_img_043.npy,26,43,LE07_147036_20060930,78.82473,33.98633
slice_26_img_044.npy,26,44,LE07_147036_20060930,78.98872,33.98112
slice_26_img_045.npy,26,45,LE07_147036_20060930,76.69253,34.1711
slice_26_img_046.npy,26,46,LE07_147036_20060930,76.85718,34.16872
slice_26_img_047.npy,26,47,LE07_147036_20060930,77.02181,34.16611
slice_26_img_048.npy,26,48,LE07_147036_20060930,77.18642,34.16329
slice_26_img_049.npy,26,49,LE07_147036_20060930,77.351,34.16025
slice_26_img_050.npy,26,50,LE07_147036_20060930,77.51556,34.15698
slice_26_img_051.npy,26,51,LE07_147036_20060930,77.68009,34.1535
slice_26_img_052.npy,26,52,LE07_147036_20060930,77.84459,34.14979
slice_26_img_053.npy,26,53,LE07_147036_20060930,78.00906,34.14587
slice_26_img_054.npy,26,54,LE07_147036_20060930,78.1735,34.14173
slice_26_img_055.npy,26,55,LE07_147036_20060930,78.3379,34.13736
slice_26_img_056.npy,26,56,LE07_147036_20060930,78.50227,34.13278
slice_26_img_057.npy,26,57,LE07_147036_20060930,78.6666,34.12797
slice_26_img_058.npy,26,58,LE07_147036_20060930,78.83088,34.12295
slice_26_img_059.npy,26,59,LE07_147036_20060930,78.99513,34.11771
slice_26_img_060.npy,26,60,LE07_147036_20060930,76.69527,34.30796
slice_26_img_061.npy,26,61,LE07_147036_20060930,76.86019,34.30557
slice_26_img_062.npy,26,62,LE07_147036_20060930,77.02508,34.30295
slice_26_img_063.npy,26,63,LE07_147036_20060930,77.18996,34.30011
slice_26_img_064.npy,26,64,LE07_147036_20060930,77.35481,34.29705
slice_26_img_065.npy,26,65,LE07_147036_20060930,77.51963,34.29377
slice_26_img_066.npy,26,66,LE07_147036_20060930,77.68443,34.29027
slice_26_img_067.npy,26,67,LE07_147036_20060930,77.84919,34.28655
slice_26_img_068.npy,26,68,LE07_147036_20060930,78.01393,34.2826
slice_26_img_069.npy,26,69,LE07_147036_20060930,78.17863,34.27844
slice_26_img_070.npy,26,70,LE07_147036_20060930,78.3433,34.27405
slice_26_img_071.npy,26,71,LE07_147036_20060930,78.50793,34.26944
slice_26_img_072.npy,26,72,LE07_147036_20060930,78.67252,34.26462
slice_26_img_073.npy,26,73,LE07_147036_20060930,78.83708,34.25957
slice_26_img_074.npy,26,74,LE07_147036_20060930,79.00159,34.2543
slice_26_img_075.npy,26,75,LE07_147036_20060930,76.69803,34.44482
slice_26_img_076.npy,26,76,LE07_147036_20060930,76.86322,34.44241
slice_26_img_077.npy,26,77,LE07_147036_20060930,77.02838,34.43978
slice_26_img_078.npy,26,78,LE07_147036_20060930,77.19352,34.43693
slice_26_img_079.npy,26,79,LE07_147036_20060930,77.35864,34.43386
slice_26_img_080.npy,26,80,LE07_147036_20060930,77.52373,34.43056
slice_26_img_081.npy,26,81,LE07_147036_20060930,77.68879,34.42704
slice_26_img_082.npy,26,82,LE07_147036_20060930,77.85383,34.4233
slice_26_img_083.npy,26,83,LE07_147036_20060930,78.01883,34.41933
slice_26_img_084.npy,26,84,LE07_147036_20060930,78.1838,34.41514
slice_26_img_085.npy,26,85,LE07_147036_20060930,78.34873,34.41073
slice_26_img_086.npy,26,86,LE07_147036_20060930,78.51363,34.4061
slice_26_img_087.npy,26,87,LE07_147036_20060930,78.67849,34.40125
slice_26_img_088.npy,26,88,LE07_147036_20060930,78.84331,34.39618
slice_26_img_089.npy,26,89,LE07_147036_20060930,79.00809,34.39088
slice_26_img_090.npy,26,90,LE07_147036_20060930,76.70081,34.58167
slice_26_img_091.npy,26,91,LE07_147036_20060930,76.86627,34.57925
slice_26_img_092.npy,26,92,LE07_147036_20060930,77.0317,34.57661
slice_26_img_093.npy,26,93,LE07_147036_20060930,77.19711,34.57374
slice_26_img_094.npy,26,94,LE07_147036_20060930,77.3625,34.57065
slice_26_img_095.npy,26,95,LE07_147036_20060930,77.52786,34.56734
slice_26_img_096.npy,26,96,LE07_147036_20060930,77.69319,34.5638
slice_26_img_097.npy,26,97,LE07_147036_20060930,77.85849,34.56004
slice_26_img_098.npy,26,98,LE07_147036_20060930,78.02376,34.55606
slice_26_img_099.npy,26,99,LE07_147036_20060930,78.189,34.55185
slice_26_img_100.npy,26,100,LE07_147036_20060930,78.35421,34.54742
slice_26_img_101.npy,26,101,LE07_147036_20060930,78.51937,34.54276
slice_26_img_102.npy,26,102,LE07_147036_20060930,78.6845,34.53789
slice_26_img_103.npy,26,103,LE07_147036_20060930,78.84958,34.53279
slice_26_img_104.npy,26,104,LE07_147036_20060930,79.01463,34.52746
slice_26_img_105.npy,26,105,LE07_147036_20060930,76.70361,34.71852
slice_26_img_106.npy,26,106,LE07_147036_20060930,76.86934,34.71609
slice_26_img_107.npy,26,107,LE07_147036_20060930,77.03504,34.71344
slice_26_img_108.npy,26,108,LE07_147036_20060930,77.20072,34.71056
slice_26_img_109.npy,26,109,LE07_147036_20060930,77.36638,34.70745
slice_26_img_110.npy,26,110,LE07_147036_20060930,77.53201,34.70412
slice_26_img_111.npy,26,111,LE07_147036_20060930,77.69762,34.70056
slice_26_img_112.npy,26,112,LE07_147036_20060930,77.86319,34.69678
slice_26_img_113.npy,26,113,LE07_147036_20060930,78.02873,34.69278
slice_26_img_114.npy,26,114,LE07_147036_20060930,78.19424,34.68855
slice_26_img_115.npy,26,115,LE07_147036_20060930,78.35971,34.68409
slice_26_img_116.npy,26,116,LE07_147036_20060930,78.52515,34.67942
slice_26_img_117.npy,26,117,LE07_147036_20060930,78.69055,34.67451
slice_26_img_118.npy,26,118,LE07_147036_20060930,78.8559,34.66939
slice_26_img_119.npy,26,119,LE07_147036_20060930,79.02122,34.66404
slice_26_img_120.npy,26,120,LE07_147036_20060930,76.70643,34.85537
slice_26_img_121.npy,26,121,LE07_147036_20060930,76.87243,34.85293
slice_26_img_122.npy,26,122,LE07_147036_20060930,77.03841,34.85026
slice_26_img_123.npy,26,123,LE07_147036_20060930,77.20436,34.84736
slice_26_img_124.npy,26,124,LE07_147036_20060930,77.37029,34.84424
slice_26_img_125.npy,26,125,LE07_147036_20060930,77.5362,34.84089
slice_26_img_126.npy,26,126,LE07_147036_20060930,77.70207,34.83732
slice_26_img_127.npy,26,127,LE07_147036_20060930,77.86792,34.83352
slice_26_img_128.npy,26,128,LE07_147036_20060930,78.03373,34.82949
slice_26_img_129.npy,26,129,LE07_147036_20060930,78.19952,34.82524
slice_26_img_130.npy,26,130,LE07_147036_20060930,78.36526,34.82077
slice_26_img_131.npy,26,131,LE07_147036_20060930,78.53097,34.81607
slice_26_img_132.npy,26,132,LE07_147036_20060930,78.69664,34.81114
slice_26_img_133.npy,26,133,LE07_147036_20060930,78.86226,34.80599
slice_26_img_134.npy,26,134,LE07_147036_20060930,79.02785,34.80061
slice_26_img_135.npy,26,135,LE07_147036_20060930,76.70926,34.99222
slice_26_img_136.npy,26,136,LE07_147036_20060930,76.87554,34.98976
slice_26_img_137.npy,26,137,LE07_147036_20060930,77.04179,34.98708
slice_26_img_138.npy,26,138,LE07_147036_20060930,77.20802,34.98417
slice_26_img_139.npy,26,139,LE07_147036_20060930,77.37423,34.98103
slice_26_img_140.npy,26,140,LE07_147036_20060930,77.54041,34.97767
slice_26_img_141.npy,26,141,LE07_147036_20060930,77.70656,34.97407
slice_26_img_142.npy,26,142,LE07_147036_20060930,77.87268,34.97025
slice_26_img_143.npy,26,143,LE07_147036_20060930,78.03877,34.96621
slice_26_img_144.npy,26,144,LE07_147036_20060930,78.20482,34.96194
slice_26_img_145.npy,26,145,LE07_147036_20060930,78.37084,34.95744
slice_26_img_146.npy,26,146,LE07_147036_20060930,78.53682,34.95271
slice_26_img_147.npy,26,147,LE07_147036_20060930,78.70277,34.94776
slice_26_img_148.npy,26,148,LE07_147036_20060930,78.86867,34.94258
slice_26_img_149.npy,26,149,LE07_147036_20060930,79.03452,34.93718
slice_26_img_150.npy,26,150,LE07_147036_20060930,76.71212,35.12906
slice_26_img_151.npy,26,151,LE07_147036_20060930,76.87867,35.12659
slice_26_img_152.npy,26,152,LE07_147036_20060930,77.0452,35.12389
slice_26_img_153.npy,26,153,LE07_147036_20060930,77.21171,35.12097
slice_26_img_154.npy,26,154,LE07_147036_20060930,77.37819,35.11782
slice_26_img_155.npy,26,155,LE07_147036_20060930,77.54465,35.11443
slice_26_img_156.npy,26,156,LE07_147036_20060930,77.71108,35.11082
slice_26_img_157.npy,26,157,LE07_147036_20060930,77.87748,35.10698
slice_26_img_158.npy,26,158,LE07_147036_20060930,78.04384,35.10292
slice_26_img_159.npy,26,159,LE07_147036_20060930,78.21017,35.09862
slice_26_img_160.npy,26,160,LE07_147036_20060930,78.37646,35.0941
slice_26_img_161.npy,26,161,LE07_147036_20060930,78.54272,35.08935
slice_26_img_162.npy,26,162,LE07_147036_20060930,78.70894,35.08438
slice_26_img_163.npy,26,163,LE07_147036_20060930,78.87511,35.07917
slice_26_img_164.npy,26,164,LE07_147036_20060930,79.04124,35.07374
slice_26_img_165.npy,26,165,LE07_147036_20060930,76.71499,35.2659
slice_26_img_166.npy,26,166,LE07_147036_20060930,76.88183,35.26342
slice_26_img_167.npy,26,167,LE07_147036_20060930,77.04864,35.26071
slice_26_img_168.npy,26,168,LE07_147036_20060930,77.21542,35.25777
slice_26_img_169.npy,26,169,LE07_147036_20060930,77.38218,35.2546
slice_26_img_170.npy,26,170,LE07_147036_20060930,77.54892,35.2512
slice_26_img_171.npy,26,171,LE07_147036_20060930,77.71563,35.24757
slice_26_img_172.npy,26,172,LE07_147036_20060930,77.8823,35.24371
slice_26_img_173.npy,26,173,LE07_147036_20060930,78.04894,35.23962
slice_26_img_174.npy,26,174,LE07_147036_20060930,78.21555,35.23531
slice_26_img_175.npy,26,175,LE07_147036_20060930,78.38212,35.23076
slice_26_img_176.npy,26,176,LE07_147036_20060930,78.54866,35.22599
slice_26_img_177.npy,26,177,LE07_147036_20060930,78.71515,35.22099
slice_26_img_178.npy,26,178,LE07_147036_20060930,78.8816,35.21576
slice_26_img_179.npy,26,179,LE07_147036_20060930,79.04801,35.2103
slice_26_img_180.npy,26,180,LE07_147036_20060930,76.71789,35.40273
slice_26_img_181.npy,26,181,LE07_147036_20060930,76.885,35.40024
slice_26_img_182.npy,26,182,LE07_147036_20060930,77.05209,35.39752
slice_26_img_183.npy,26,183,LE07_147036_20060930,77.21916,35.39456
slice_26_img_184.npy,26,184,LE07_147036_20060930,77.3862,35.39138
slice_26_img_185.npy,26,185,LE07_147036_20060930,77.55322,35.38796
slice_26_img_186.npy,26,186,LE07_147036_20060930,77.7202,35.38431
slice_26_img_187.npy,26,187,LE07_147036_20060930,77.88716,35.38044
slice_26_img_188.npy,26,188,LE07_147036_20060930,78.05408,35.37633
slice_26_img_189.npy,26,189,LE07_147036_20060930,78.22097,35.37199
slice_26_img_190.npy,26,190,LE07_147036_20060930,78.38782,35.36742
slice_26_img_191.npy,26,191,LE07_147036_20060930,78.55463,35.36263
slice_26_img_192.npy,26,192,LE07_147036_20060930,78.72141,35.3576
slice_26_img_193.npy,26,193,LE07_147036_20060930,78.88814,35.35234
slice_26_img_194.npy,26,194,LE07_147036_20060930,79.05482,35.34686
slice_27_img_000.npy,27,0,LE07_152035_20060917,69.36071,35.17261
slice_27_img_001.npy,27,1,LE07_152035_20060917,69.52743,35.172
slice_27_img_002.npy,27,2,LE07_152035_20060917,69.69414,35.17116
slice_27_img_003.npy,27,3,LE07_152035_20060917,69.86085,35.17009
slice_27_img_004.npy,27,4,LE07_152035_20060917,70.02754,35.16879
slice_27_img_005.npy,27,5,LE07_152035_20060917,70.19423,35.16726
slice_27_img_006.npy,27,6,LE07_152035_20060917,70.3609,35.1655
slice_27_img_007.npy,27,7,LE07_152035_20060917,70.52756,35.16352
slice_27_img_008.npy,27,8,LE07_152035_20060917,70.69419,35.1613
slice_27_img_009.npy,27,9,LE07_152035_20060917,70.86081,35.15886
slice_27_img_010.npy,27,10,LE07_152035_20060917,71.02741,35.15618
slice_27_img_011.npy,27,11,LE07_152035_20060917,71.19399,35.15328
slice_27_img_012.npy,27,12,LE07_152035_20060917,71.36054,35.15015
slice_27_img_013.npy,27,13,LE07_152035_20060917,71.52706,35.14679
slice_27_img_014.npy,27,14,LE07_152035_20060917,71.69356,35.1432
slice_27_img_015.npy,27,15,LE07_152035_20060917,69.36131,35.30951
slice_27_img_016.npy,27,16,LE07_152035_20060917,69.52831,35.30889
slice_27_img_017.npy,27,17,LE07_152035_20060917,69.69531,35.30805
slice_27_img_018.npy,27,18,LE07_152035_20060917,69.86229,35.30697
slice_27_img_019.npy,27,19,LE07_152035_20060917,70.02927,35.30567
slice_27_img_020.npy,27,20,LE07_152035_20060917,70.19624,35.30413
slice_27_img_021.npy,27,21,LE07_152035_20060917,70.36319,35.30236
slice_27_img_022.npy,27,22,LE07_152035_20060917,70.53012,35.30037
slice_27_img_023.npy,27,23,LE07_152035_20060917,70.69704,35.29814
slice_27_img_024.npy,27,24,LE07_152035_20060917,70.86394,35.29568
slice_27_img_025.npy,27,25,LE07_152035_20060917,71.03082,35.29299
slice_27_img_026.npy,27,26,LE07_152035_20060917,71.19767,35.29008
slice_27_img_027.npy,27,27,LE07_152035_20060917,71.3645,35.28693
slice_27_img_028.npy,27,28,LE07_152035_20060917,71.53131,35.28355
slice_27_img_029.npy,27,29,LE07_152035_20060917,71.69808,35.27994
slice_27_img_030.npy,27,30,LE07_152035_20060917,69.36193,35.4464
slice_27_img_031.npy,27,31,LE07_152035_20060917,69.52921,35.44578
slice_27_img_032.npy,27,32,LE07_152035_20060917,69.69648,35.44493
slice_27_img_033.npy,27,33,LE07_152035_20060917,69.86375,35.44385
slice_27_img_034.npy,27,34,LE07_152035_20060917,70.03101,35.44254
slice_27_img_035.npy,27,35,LE07_152035_20060917,70.19826,35.441
slice_27_img_036.npy,27,36,LE07_152035_20060917,70.36549,35.43922
slice_27_img_037.npy,27,37,LE07_152035_20060917,70.53271,35.43721
slice_27_img_038.npy,27,38,LE07_152035_20060917,70.69991,35.43498
slice_27_img_039.npy,27,39,LE07_152035_20060917,70.86709,35.43251
slice_27_img_040.npy,27,40,LE07_152035_20060917,71.03425,35.4298
slice_27_img_041.npy,27,41,LE07_152035_20060917,71.20138,35.42687
slice_27_img_042.npy,27,42,LE07_152035_20060917,71.3685,35.42371
slice_27_img_043.npy,27,43,LE07_152035_20060917,71.53558,35.42031
slice_27_img_044.npy,27,44,LE07_152035_20060917,71.70264,35.41669
slice_27_img_045.npy,27,45,LE07_152035_20060917,69.36254,35.58329
slice_27_img_046.npy,27,46,LE07_152035_20060917,69.53011,35.58267
slice_27_img_047.npy,27,47,LE07_152035_20060917,69.69767,35.58182
slice_27_img_048.npy,27,48,LE07_152035_20060917,69.86522,35.58073
slice_27_img_049.npy,27,49,LE07_152035_20060917,70.03276,35.57941
slice_27_img_050.npy,27,50,LE07_152035_20060917,70.20029,35.57786
slice_27_img_051.npy,27,51,LE07_152035_20060917,70.36781,35.57608
slice_27_img_052.npy,27,52,LE07_152035_20060917,70.53531,35.57406
slice_27_img_053.npy,27,53,LE07_152035_20060917,70.7028,35.57181
slice_27_img_054.npy,27,54,LE07_152035_20060917,70.87026,35.56933
slice_27_img_055.npy,27,55,LE07_152035_20060917,71.0377,35.56661
slice_27_img_056.npy,27,56,LE07_152035_20060917,71.20512,35.56366
slice_27_img_057.npy,27,57,LE07_152035_20060917,71.37252,35.56048
slice_27_img_058.npy,27,58,LE07_152035_20060917,71.53988,35.55707
slice_27_img_059.npy,27,59,LE07_152035_20060917,71.70722,35.55343
slice_27_img_060.npy,27,60,LE07_152035_20060917,69.36316,35.72018
slice_27_img_061.npy,27,61,LE07_152035_20060917,69.53101,35.71955
slice_27_img_062.npy,27,62,LE07_152035_20060917,69.69886,35.7187
slice_27_img_063.npy,27,63,LE07_152035_20060917,69.8667,35.7176
slice_27_img_064.npy,27,64,LE07_152035_20060917,70.03453,35.71628
slice_27_img_065.npy,27,65,LE07_152035_20060917,70.20234,35.71472
slice_27_img_066.npy,27,66,LE07_152035_20060917,70.37014,35.71293
slice_27_img_067.npy,27,67,LE07_152035_20060917,70.53793,35.7109
slice_27_img_068.npy,27,68,LE07_152035_20060917,70.7057,35.70864
slice_27_img_069.npy,27,69,LE07_152035_20060917,70.87345,35.70614
slice_27_img_070.npy,27,70,LE07_152035_20060917,71.04118,35.70341
slice_27_img_071.npy,27,71,LE07_152035_20060917,71.20888,35.70045
slice_27_img_072.npy,27,72,LE07_152035_20060917,71.37656,35.69726
slice_27_img_073.npy,27,73,LE07_152035_20060917,71.54421,35.69383
slice_27_img_074.npy,27,74,LE07_152035_20060917,71.71184,35.69017
slice_27_img_075.npy,27,75,LE07_152035_20060917,69.36378,35.85706
slice_27_img_076.npy,27,76,LE07_152035_20060917,69.53192,35.85643
slice_27_img_077.npy,27,77,LE07_152035_20060917,69.70006,35.85557
slice_27_img_078.npy,27,78,LE07_152035_20060917,69.86818,35.85448
slice_27_img_079.npy,27,79,LE07_152035_20060917,70.0363,35.85314
slice_27_img_080.npy,27,80,LE07_152035_20060917,70.20441,35.85158
slice_27_img_081.npy,27,81,LE07_152035_20060917,70.3725,35.84977
slice_27_img_082.npy,27,82,LE07_152035_20060917,70.54057,35.84773
slice_27_img_083.npy,27,83,LE07_152035_20060917,70.70863,35.84546
slice_27_img_084.npy,27,84,LE07_152035_20060917,70.87666,35.84295
slice_27_img_085.npy,27,85,LE07_152035_20060917,71.04468,35.84021
slice_27_img_086.npy,27,86,LE07_152035_20060917,71.21267,35.83724
slice_27_img_087.npy,27,87,LE07_152035_20060917,71.38064,35.83402
slice_27_img_088.npy,27,88,LE07_152035_20060917,71.54857,35.83058
slice_27_img_089.npy,27,89,LE07_152035_20060917,71.71648,35.8269
slice_27_img_090.npy,27,90,LE07_152035_20060917,69.36441,35.99394
slice_27_img_091.npy,27,91,LE07_152035_20060917,69.53284,35.99331
slice_27_img_092.npy,27,92,LE07_152035_20060917,69.70127,35.99245
slice_27_img_093.npy,27,93,LE07_152035_20060917,69.86968,35.99134
slice_27_img_094.npy,27,94,LE07_152035_20060917,70.03809,35.99
slice_27_img_095.npy,27,95,LE07_152035_20060917,70.20648,35.98843
slice_27_img_096.npy,27,96,LE07_152035_20060917,70.37486,35.98662
slice_27_img_097.npy,27,97,LE07_152035_20060917,70.54323,35.98457
slice_27_img_098.npy,27,98,LE07_152035_20060917,70.71157,35.98228
slice_27_img_099.npy,27,99,LE07_152035_20060917,70.8799,35.97976
slice_27_img_100.npy,27,100,LE07_152035_20060917,71.0482,35.97701
slice_27_img_101.npy,27,101,LE07_152035_20060917,71.21648,35.97402
slice_27_img_102.npy,27,102,LE07_152035_20060917,71.38474,35.97079
slice_27_img_103.npy,27,103,LE07_152035_20060917,71.55297,35.96733
slice_27_img_104.npy,27,104,LE07_152035_20060917,71.72116,35.96363
slice_27_img_105.npy,27,105,LE07_152035_20060917,69.36504,36.13082
slice_27_img_106.npy,27,106,LE07_152035_20060917,69.53376,36.13019
slice_27_img_107.npy,27,107,LE07_152035_20060917,69.70248,36.12932
slice_27_img_108.npy,27,108,LE07_152035_20060917,69.87119,36.12821
slice_27_img_109.npy,27,109,LE07_152035_20060917,70.03989,36.12686
slice_27_img_110.npy,27,110,LE07_152035_20060917,70.20857,36.12528
slice_27_img_111.npy,27,111,LE07_152035_20060917,70.37724,36.12346
slice_27_img_112.npy,27,112,LE07_152035_20060917,70.5459,36.1214
slice_27_img_113.npy,27,113,LE07_152035_20060917,70.71454,36.1191
slice_27_img_114.npy,27,114,LE07_152035_20060917,70.88316,36.11657
slice_27_img_115.npy,27,115,LE07_152035_20060917,71.05175,36.1138
slice_27_img_116.npy,27,116,LE07_152035_20060917,71.22032,36.11079
slice_27_img_117.npy,27,117,LE07_152035_20060917,71.38887,36.10755
slice_27_img_118.npy,27,118,LE07_152035_20060917,71.55739,36.10407
slice_27_img_119.npy,27,119,LE07_152035_20060917,71.72587,36.10035
slice_27_img_120.npy,27,120,LE07_152035_20060917,69.36568,36.26769
slice_27_img_121.npy,27,121,LE07_152035_20060917,69.53469,36.26706
slice_27_img_122.npy,27,122,LE07_152035_20060917,69.7037,36.26618
slice_27_img_123.npy,27,123,LE07_152035_20060917,69.87271,36.26507
slice_27_img_124.npy,27,124,LE07_152035_20060917,70.0417,36.26372
slice_27_img_125.npy,27,125,LE07_152035_20060917,70.21068,36.26212
slice_27_img_126.npy,27,126,LE07_152035_20060917,70.37964,36.26029
slice_27_img_127.npy,27,127,LE07_152035_20060917,70.54859,36.25823
slice_27_img_128.npy,27,128,LE07_152035_20060917,70.71752,36.25592
slice_27_img_129.npy,27,129,LE07_152035_20060917,70.88643,36.25337
slice_27_img_130.npy,27,130,LE07_152035_20060917,71.05532,36.25059
slice_27_img_131.npy,27,131,LE07_152035_20060917,71.22419,36.24757
slice_27_img_132.npy,27,132,LE07_152035_20060917,71.39303,36.24431
slice_27_img_133.npy,27,133,LE07_152035_20060917,71.56184,36.24081
slice_27_img_134.npy,27,134,LE07_152035_20060917,71.73062,36.23707
slice_27_img_135.npy,27,135,LE07_152035_20060917,69.36632,36.40456
slice_27_img_136.npy,27,136,LE07_152035_20060917,69.53563,36.40392
slice_27_img_137.npy,27,137,LE07_152035_20060917,69.70494,36.40305
slice_27_img_138.npy,27,138,LE07_152035_20060917,69.87423,36.40193
slice_27_img_139.npy,27,139,LE07_152035_20060917,70.04352,36.40057
slice_27_img_140.npy,27,140,LE07_152035_20060917,70.2128,36.39897
slice_27_img_141.npy,27,141,LE07_152035_20060917,70.38206,36.39713
slice_27_img_142.npy,27,142,LE07_152035_20060917,70.5513,36.39505
slice_27_img_143.npy,27,143,LE07_152035_20060917,70.72053,36.39273
slice_27_img_144.npy,27,144,LE07_152035_20060917,70.88973,36.39017
slice_27_img_145.npy,27,145,LE07_152035_20060917,71.05892,36.38738
slice_27_img_146.npy,27,146,LE07_152035_20060917,71.22808,36.38434
slice_27_img_147.npy,27,147,LE07_152035_20060917,71.39721,36.38106
slice_27_img_148.npy,27,148,LE07_152035_20060917,71.56632,36.37755
slice_27_img_149.npy,27,149,LE07_152035_20060917,71.73539,36.37379
slice_27_img_150.npy,27,150,LE07_152035_20060917,69.36696,36.54143
slice_27_img_151.npy,27,151,LE07_152035_20060917,69.53657,36.54079
slice_27_img_152.npy,27,152,LE07_152035_20060917,69.70618,36.53991
slice_27_img_153.npy,27,153,LE07_152035_20060917,69.87577,36.53878
slice_27_img_154.npy,27,154,LE07_152035_20060917,70.04536,36.53741
slice_27_img_155.npy,27,155,LE07_152035_20060917,70.21493,36.53581
slice_27_img_156.npy,27,156,LE07_152035_20060917,70.38449,36.53396
slice_27_img_157.npy,27,157,LE07_152035_20060917,70.55403,36.53187
slice_27_img_158.npy,27,158,LE07_152035_20060917,70.72356,36.52954
slice_27_img_159.npy,27,159,LE07_152035_20060917,70.89306,36.52697
slice_27_img_160.npy,27,160,LE07_152035_20060917,71.06254,36.52416
slice_27_img_161.npy,27,161,LE07_152035_20060917,71.23199,36.52111
slice_27_img_162.npy,27,162,LE07_152035_20060917,71.40142,36.51781
slice_27_img_163.npy,27,163,LE07_152035_20060917,71.57083,36.51428
slice_27_img_164.npy,27,164,LE07_152035_20060917,71.7402,36.51051
slice_27_img_165.npy,27,165,LE07_152035_20060917,69.36761,36.6783
slice_27_img_166.npy,27,166,LE07_152035_20060917,69.53752,36.67765
slice_27_img_167.npy,27,167,LE07_152035_20060917,69.70743,36.67676
slice_27_img_168.npy,27,168,LE07_152035_20060917,69.87732,36.67563
slice_27_img_169.npy,27,169,LE07_152035_20060917,70.04721,36.67426
slice_27_img_170.npy,27,170,LE07_152035_20060917,70.21708,36.67264
slice_27_img_171.npy,27,171,LE07_152035_20060917,70.38694,36.67079
slice_27_img_172.npy,27,172,LE07_152035_20060917,70.55678,36.66869
slice_27_img_173.npy,27,173,LE07_152035_20060917,70.7266,36.66635
slice_27_img_174.npy,27,174,LE07_152035_20060917,70.8964,36.66376
slice_27_img_175.npy,27,175,LE07_152035_20060917,71.06618,36.66094
slice_27_img_176.npy,27,176,LE07_152035_20060917,71.23594,36.65787
slice_27_img_177.npy,27,177,LE07_152035_20060917,71.40567,36.65456
slice_27_img_178.npy,27,178,LE07_152035_20060917,71.57537,36.65101
slice_27_img_179.npy,27,179,LE07_152035_20060917,71.74503,36.64722
slice_27_img_180.npy,27,180,LE07_152035_20060917,69.36826,36.81516
slice_27_img_181.npy,27,181,LE07_152035_20060917,69.53848,36.81451
slice_27_img_182.npy,27,182,LE07_152035_20060917,69.70868,36.81362
slice_27_img_183.npy,27,183,LE07_152035_20060917,69.87888,36.81248
slice_27_img_184.npy,27,184,LE07_152035_20060917,70.04907,36.8111
slice_27_img_185.npy,27,185,LE07_152035_20060917,70.21924,36.80948
slice_27_img_186.npy,27,186,LE07_152035_20060917,70.3894,36.80761
slice_27_img_187.npy,27,187,LE07_152035_20060917,70.55954,36.8055
slice_27_img_188.npy,27,188,LE07_152035_20060917,70.72967,36.80315
slice_27_img_189.npy,27,189,LE07_152035_20060917,70.89977,36.80055
slice_27_img_190.npy,27,190,LE07_152035_20060917,71.06985,36.79771
slice_27_img_191.npy,27,191,LE07_152035_20060917,71.23991,36.79463
slice_27_img_192.npy,27,192,LE07_152035_20060917,71.40994,36.7913
slice_27_img_193.npy,27,193,LE07_152035_20060917,71.57994,36.78774
slice_27_img_194.npy,27,194,LE07_152035_20060917,71.74991,36.78393
slice_28_img_000.npy,28,0,LE07_152034_20060731,69.75008,36.61382
slice_28_img_001.npy,28,1,LE07_152034_20060731,69.91984,36.61263
slice_28_img_002.npy,28,2,LE07_152034_20060731,70.08958,36.61119
slice_28_img_003.npy,28,3,LE07_152034_20060731,70.25931,36.60952
slice_28_img_004.npy,28,4,LE07_152034_20060731,70.42903,36.60761
slice_28_img_005.npy,28,5,LE07_152034_20060731,70.59873,36.60545
slice_28_img_006.npy,28,6,LE07_152034_20060731,70.76841,36.60305
slice_28_img_007.npy,28,7,LE07_152034_20060731,70.93807,36.60041
slice_28_img_008.npy,28,8,LE07_152034_20060731,71.10771,36.59753
slice_28_img_009.npy,28,9,LE07_152034_20060731,71.27732,36.59441
slice_28_img_010.npy,28,10,LE07_152034_20060731,71.4469,36.59105
slice_28_img_011.npy,28,11,LE07_152034_20060731,71.61646,36.58745
slice_28_img_012.npy,28,12,LE07_152034_20060731,71.78598,36.5836
slice_28_img_013.npy,28,13,LE07_152034_20060731,71.95547,36.57952
slice_28_img_014.npy,28,14,LE07_152034_20060731,72.12493,36.57519
slice_28_img_015.npy,28,15,LE07_152034_20060731,69.75141,36.75067
slice_28_img_016.npy,28,16,LE07_152034_20060731,69.92147,36.74947
slice_28_img_017.npy,28,17,LE07_152034_20060731,70.09151,36.74804
slice_28_img_018.npy,28,18,LE07_152034_20060731,70.26155,36.74635
slice_28_img_019.npy,28,19,LE07_152034_20060731,70.43156,36.74443
slice_28_img_020.npy,28,20,LE07_152034_20060731,70.60156,36.74226
slice_28_img_021.npy,28,21,LE07_152034_20060731,70.77154,36.73985
slice_28_img_022.npy,28,22,LE07_152034_20060731,70.9415,36.7372
slice_28_img_023.npy,28,23,LE07_152034_20060731,71.11144,36.73431
slice_28_img_024.npy,28,24,LE07_152034_20060731,71.28135,36.73117
slice_28_img_025.npy,28,25,LE07_152034_20060731,71.45124,36.72779
slice_28_img_026.npy,28,26,LE07_152034_20060731,71.62109,36.72417
slice_28_img_027.npy,28,27,LE07_152034_20060731,71.79091,36.72031
slice_28_img_028.npy,28,28,LE07_152034_20060731,71.9607,36.7162
slice_28_img_029.npy,28,29,LE07_152034_20060731,72.13046,36.71185
slice_28_img_030.npy,28,30,LE07_152034_20060731,69.75275,36.88752
slice_28_img_031.npy,28,31,LE07_152034_20060731,69.92311,36.88632
slice_28_img_032.npy,28,32,LE07_152034_20060731,70.09346,36.88487
slice_28_img_033.npy,28,33,LE07_152034_20060731,70.26379,36.88318
slice_28_img_034.npy,28,34,LE07_152034_20060731,70.43411,36.88125
slice_28_img_035.npy,28,35,LE07_152034_20060731,70.60442,36.87907
slice_28_img_036.npy,28,36,LE07_152034_20060731,70.7747,36.87665
slice_28_img_037.npy,28,37,LE07_152034_20060731,70.94496,36.87399
slice_28_img_038.npy,28,38,LE07_152034_20060731,71.1152,36.87108
slice_28_img_039.npy,28,39,LE07_152034_20060731,71.28541,36.86792
slice_28_img_040.npy,28,40,LE07_152034_20060731,71.4556,36.86453
slice_28_img_041.npy,28,41,LE07_152034_20060731,71.62576,36.86089
slice_28_img_042.npy,28,42,LE07_152034_20060731,71.79588,36.85701
slice_28_img_043.npy,28,43,LE07_152034_20060731,71.96597,36.85288
slice_28_img_044.npy,28,44,LE07_152034_20060731,72.13603,36.84851
slice_28_img_045.npy,28,45,LE07_152034_20060731,69.7541,37.02437
slice_28_img_046.npy,28,46,LE07_152034_20060731,69.92476,37.02316
slice_28_img_047.npy,28,47,LE07_152034_20060731,70.09542,37.02171
slice_28_img_048.npy,28,48,LE07_152034_20060731,70.26606,37.02001
slice_28_img_049.npy,28,49,LE07_152034_20060731,70.43668,37.01807
slice_28_img_050.npy,28,50,LE07_152034_20060731,70.60729,37.01588
slice_28_img_051.npy,28,51,LE07_152034_20060731,70.77788,37.01344
slice_28_img_052.npy,28,52,LE07_152034_20060731,70.94844,37.01077
slice_28_img_053.npy,28,53,LE07_152034_20060731,71.11899,37.00784
slice_28_img_054.npy,28,54,LE07_152034_20060731,71.2895,37.00467
slice_28_img_055.npy,28,55,LE07_152034_20060731,71.45999,37.00126
slice_28_img_056.npy,28,56,LE07_152034_20060731,71.63045,36.9976
slice_28_img_057.npy,28,57,LE07_152034_20060731,71.80088,36.9937
slice_28_img_058.npy,28,58,LE07_152034_20060731,71.97127,36.98956
slice_28_img_059.npy,28,59,LE07_152034_20060731,72.14163,36.98517
slice_28_img_060.npy,28,60,LE07_152034_20060731,69.75546,37.16121
slice_28_img_061.npy,28,61,LE07_152034_20060731,69.92643,37.16
slice_28_img_062.npy,28,62,LE07_152034_20060731,70.09739,37.15854
slice_28_img_063.npy,28,63,LE07_152034_20060731,70.26834,37.15683
slice_28_img_064.npy,28,64,LE07_152034_20060731,70.43927,37.15488
slice_28_img_065.npy,28,65,LE07_152034_20060731,70.61018,37.15268
slice_28_img_066.npy,28,66,LE07_152034_20060731,70.78108,37.15023
slice_28_img_067.npy,28,67,LE07_152034_20060731,70.95195,37.14754
slice_28_img_068.npy,28,68,LE07_152034_20060731,71.1228,37.14461
slice_28_img_069.npy,28,69,LE07_152034_20060731,71.29362,37.14142
slice_28_img_070.npy,28,70,LE07_152034_20060731,71.46441,37.13799
slice_28_img_071.npy,28,71,LE07_152034_20060731,71.63518,37.13432
slice_28_img_072.npy,28,72,LE07_152034_20060731,71.80591,37.13039
slice_28_img_073.npy,28,73,LE07_152034_20060731,71.97661,37.12623
slice_28_img_074.npy,28,74,LE07_152034_20060731,72.14728,37.12182
slice_28_img_075.npy,28,75,LE07_152034_20060731,69.75682,37.29805
slice_28_img_076.npy,28,76,LE07_152034_20060731,69.9281,37.29683
slice_28_img_077.npy,28,77,LE07_152034_20060731,70.09937,37.29537
slice_28_img_078.npy,28,78,LE07_152034_20060731,70.27063,37.29365
slice_28_img_079.npy,28,79,LE07_152034_20060731,70.44187,37.29169
slice_28_img_080.npy,28,80,LE07_152034_20060731,70.61309,37.28948
slice_28_img_081.npy,28,81,LE07_152034_20060731,70.7843,37.28702
slice_28_img_082.npy,28,82,LE07_152034_20060731,70.95548,37.28432
slice_28_img_083.npy,28,83,LE07_152034_20060731,71.12663,37.28136
slice_28_img_084.npy,28,84,LE07_152034_20060731,71.29776,37.27816
slice_28_img_085.npy,28,85,LE07_152034_20060731,71.46887,37.27472
slice_28_img_086.npy,28,86,LE07_152034_20060731,71.63994,37.27102
slice_28_img_087.npy,28,87,LE07_152034_20060731,71.81098,37.26708
slice_28_img_088.npy,28,88,LE07_152034_20060731,71.98199,37.2629
slice_28_img_089.npy,28,89,LE07_152034_20060731,72.15296,37.25846
slice_28_img_090.npy,28,90,LE07_152034_20060731,69.7582,37.43489
slice_28_img_091.npy,28,91,LE07_152034_20060731,69.92979,37.43367
slice_28_img_092.npy,28,92,LE07_152034_20060731,70.10137,37.43219
slice_28_img_093.npy,28,93,LE07_152034_20060731,70.27294,37.43047
slice_28_img_094.npy,28,94,LE07_152034_20060731,70.44449,37.4285
slice_28_img_095.npy,28,95,LE07_152034_20060731,70.61602,37.42628
slice_28_img_096.npy,28,96,LE07_152034_20060731,70.78754,37.42381
slice_28_img_097.npy,28,97,LE07_152034_20060731,70.95903,37.42109
slice_28_img_098.npy,28,98,LE07_152034_20060731,71.1305,37.41812
slice_28_img_099.npy,28,99,LE07_152034_20060731,71.30194,37.4149
slice_28_img_100.npy,28,100,LE07_152034_20060731,71.47335,37.41144
slice_28_img_101.npy,28,101,LE07_152034_20060731,71.64473,37.40773
slice_28_img_102.npy,28,102,LE07_152034_20060731,71.81608,37.40377
slice_28_img_103.npy,28,103,LE07_152034_20060731,71.9874,37.39956
slice_28_img_104.npy,28,104,LE07_152034_20060731,72.15868,37.39511
slice_28_img_105.npy,28,105,LE07_152034_20060731,69.75958,37.57173
slice_28_img_106.npy,28,106,LE07_152034_20060731,69.93149,37.57049
slice_28_img_107.npy,28,107,LE07_152034_20060731,70.10338,37.56901
slice_28_img_108.npy,28,108,LE07_152034_20060731,70.27526,37.56728
slice_28_img_109.npy,28,109,LE07_152034_20060731,70.44713,37.5653
slice_28_img_110.npy,28,110,LE07_152034_20060731,70.61897,37.56307
slice_28_img_111.npy,28,111,LE07_152034_20060731,70.7908,37.56059
slice_28_img_112.npy,28,112,LE07_152034_20060731,70.9626,37.55785
slice_28_img_113.npy,28,113,LE07_152034_20060731,71.13438,37.55487
slice_28_img_114.npy,28,114,LE07_152034_20060731,71.30614,37.55164
slice_28_img_115.npy,28,115,LE07_152034_20060731,71.47786,37.54816
slice_28_img_116.npy,28,116,LE07_152034_20060731,71.64956,37.54443
slice_28_img_117.npy,28,117,LE07_152034_20060731,71.82122,37.54045
slice_28_img_118.npy,28,118,LE07_152034_20060731,71.99285,37.53622
slice_28_img_119.npy,28,119,LE07_152034_20060731,72.16444,37.53174
slice_28_img_120.npy,28,120,LE07_152034_20060731,69.76098,37.70856
slice_28_img_121.npy,28,121,LE07_152034_20060731,69.9332,37.70732
slice_28_img_122.npy,28,122,LE07_152034_20060731,70.10541,37.70583
slice_28_img_123.npy,28,123,LE07_152034_20060731,70.2776,37.70409
slice_28_img_124.npy,28,124,LE07_152034_20060731,70.44978,37.7021
slice_28_img_125.npy,28,125,LE07_152034_20060731,70.62195,37.69986
slice_28_img_126.npy,28,126,LE07_152034_20060731,70.79409,37.69736
slice_28_img_127.npy,28,127,LE07_152034_20060731,70.96621,37.69462
slice_28_img_128.npy,28,128,LE07_152034_20060731,71.1383,37.69162
slice_28_img_129.npy,28,129,LE07_152034_20060731,71.31037,37.68837
slice_28_img_130.npy,28,130,LE07_152034_20060731,71.48241,37.68488
slice_28_img_131.npy,28,131,LE07_152034_20060731,71.65442,37.68113
slice_28_img_132.npy,28,132,LE07_152034_20060731,71.82639,37.67713
slice_28_img_133.npy,28,133,LE07_152034_20060731,71.99833,37.67288
slice_28_img_134.npy,28,134,LE07_152034_20060731,72.17024,37.66838
slice_28_img_135.npy,28,135,LE07_152034_20060731,69.76238,37.84539
slice_28_img_136.npy,28,136,LE07_152034_20060731,69.93492,37.84414
slice_28_img_137.npy,28,137,LE07_152034_20060731,70.10745,37.84265
slice_28_img_138.npy,28,138,LE07_152034_20060731,70.27996,37.8409
slice_28_img_139.npy,28,139,LE07_152034_20060731,70.45246,37.8389
slice_28_img_140.npy,28,140,LE07_152034_20060731,70.62494,37.83664
slice_28_img_141.npy,28,141,LE07_152034_20060731,70.79739,37.83414
slice_28_img_142.npy,28,142,LE07_152034_20060731,70.96983,37.83138
slice_28_img_143.npy,28,143,LE07_152034_20060731,71.14224,37.82837
slice_28_img_144.npy,28,144,LE07_152034_20060731,71.31463,37.8251
slice_28_img_145.npy,28,145,LE07_152034_20060731,71.48698,37.82159
slice_28_img_146.npy,28,146,LE07_152034_20060731,71.65931,37.81782
slice_28_img_147.npy,28,147,LE07_152034_20060731,71.8316,37.8138
slice_28_img_148.npy,28,148,LE07_152034_20060731,72.00385,37.80953
slice_28_img_149.npy,28,149,LE07_152034_20060731,72.17607,37.80501
slice_28_img_150.npy,28,150,LE07_152034_20060731,69.7638,37.98221
slice_28_img_151.npy,28,151,LE07_152034_20060731,69.93665,37.98096
slice_28_img_152.npy,28,152,LE07_152034_20060731,70.1095,37.97946
slice_28_img_153.npy,28,153,LE07_152034_20060731,70.28233,37.9777
slice_28_img_154.npy,28,154,LE07_152034_20060731,70.45515,37.97569
slice_28_img_155.npy,28,155,LE07_152034_20060731,70.62795,37.97342
slice_28_img_156.npy,28,156,LE07_152034_20060731,70.80073,37.97091
slice_28_img_157.npy,28,157,LE07_152034_20060731,70.97348,37.96813
slice_28_img_158.npy,28,158,LE07_152034_20060731,71.14621,37.96511
slice_28_img_159.npy,28,159,LE07_152034_20060731,71.31891,37.96183
slice_28_img_160.npy,28,160,LE07_152034_20060731,71.49159,37.9583
slice_28_img_161.npy,28,161,LE07_152034_20060731,71.66423,37.95451
slice_28_img_162.npy,28,162,LE07_152034_20060731,71.83684,37.95047
slice_28_img_163.npy,28,163,LE07_152034_20060731,72.00941,37.94618
slice_28_img_164.npy,28,164,LE07_152034_20060731,72.18195,37.94164
slice_28_img_165.npy,28,165,LE07_152034_20060731,69.76522,38.11903
slice_28_img_166.npy,28,166,LE07_152034_20060731,69.9384,38.11778
slice_28_img_167.npy,28,167,LE07_152034_20060731,70.11157,38.11627
slice_28_img_168.npy,28,168,LE07_152034_20060731,70.28472,38.1145
slice_28_img_169.npy,28,169,LE07_152034_20060731,70.45786,38.11248
slice_28_img_170.npy,28,170,LE07_152034_20060731,70.63098,38.1102
slice_28_img_171.npy,28,171,LE07_152034_20060731,70.80408,38.10767
slice_28_img_172.npy,28,172,LE07_152034_20060731,70.97715,38.10489
slice_28_img_173.npy,28,173,LE07_152034_20060731,71.15021,38.10185
slice_28_img_174.npy,28,174,LE07_152034_20060731,71.32323,38.09855
slice_28_img_175.npy,28,175,LE07_152034_20060731,71.49622,38.095
slice_28_img_176.npy,28,176,LE07_152034_20060731,71.66919,38.0912
slice_28_img_177.npy,28,177,LE07_152034_20060731,71.84212,38.08714
slice_28_img_178.npy,28,178,LE07_152034_20060731,72.01501,38.08283
slice_28_img_179.npy,28,179,LE07_152034_20060731,72.18787,38.07826
slice_28_img_180.npy,28,180,LE07_152034_20060731,69.76665,38.25585
slice_28_img_181.npy,28,181,LE07_152034_20060731,69.94016,38.25459
slice_28_img_182.npy,28,182,LE07_152034_20060731,70.11365,38.25307
slice_28_img_183.npy,28,183,LE07_152034_20060731,70.28713,38.2513
slice_28_img_184.npy,28,184,LE07_152034_20060731,70.46059,38.24927
slice_28_img_185.npy,28,185,LE07_152034_20060731,70.63403,38.24698
slice_28_img_186.npy,28,186,LE07_152034_20060731,70.80745,38.24443
slice_28_img_187.npy,28,187,LE07_152034_20060731,70.98085,38.24164
slice_28_img_188.npy,28,188,LE07_152034_20060731,71.15423,38.23858
slice_28_img_189.npy,28,189,LE07_152034_20060731,71.32758,38.23527
slice_28_img_190.npy,28,190,LE07_152034_20060731,71.50089,38.2317
slice_28_img_191.npy,28,191,LE07_152034_20060731,71.67418,38.22788
slice_28_img_192.npy,28,192,LE07_152034_20060731,71.84743,38.2238
slice_28_img_193.npy,28,193,LE07_152034_20060731,72.02065,38.21947
slice_28_img_194.npy,28,194,LE07_152034_20060731,72.19382,38.21488
slice_29_img_000.npy,29,0,LE07_147035_20050826,77.05965,35.09958
slice_29_img_001.npy,29,1,LE07_147035_20050826,77.22585,35.10487
slice_29_img_002.npy,29,2,LE07_147035_20050826,77.3921,35.10994
slice_29_img_003.npy,29,3,LE07_147035_20050826,77.55838,35.11478
slice_29_img_004.npy,29,4,LE07_147035_20050826,77.72471,35.11939
slice_29_img_005.npy,29,5,LE07_147035_20050826,77.89107,35.12378
slice_29_img_006.npy,29,6,LE07_147035_20050826,78.05747,35.12794
slice_29_img_007.npy,29,7,LE07_147035_20050826,78.2239,35.13187
slice_29_img_008.npy,29,8,LE07_147035_20050826,78.39036,35.13557
slice_29_img_009.npy,29,9,LE07_147035_20050826,78.55685,35.13904
slice_29_img_010.npy,29,10,LE07_147035_20050826,78.72336,35.14229
slice_29_img_011.npy,29,11,LE07_147035_20050826,78.88991,35.1453
slice_29_img_012.npy,29,12,LE07_147035_20050826,79.05648,35.14809
slice_29_img_013.npy,29,13,LE07_147035_20050826,79.22306,35.15065
slice_29_img_014.npy,29,14,LE07_147035_20050826,79.38967,35.15298
slice_29_img_015.npy,29,15,LE07_147035_20050826,77.05305,35.23615
slice_29_img_016.npy,29,16,LE07_147035_20050826,77.21953,35.24147
slice_29_img_017.npy,29,17,LE07_147035_20050826,77.38605,35.24657
slice_29_img_018.npy,29,18,LE07_147035_20050826,77.55261,35.25143
slice_29_img_019.npy,29,19,LE07_147035_20050826,77.71921,35.25607
slice_29_img_020.npy,29,20,LE07_147035_20050826,77.88585,35.26048
slice_29_img_021.npy,29,21,LE07_147035_20050826,78.05253,35.26466
slice_29_img_022.npy,29,22,LE07_147035_20050826,78.21924,35.26861
slice_29_img_023.npy,29,23,LE07_147035_20050826,78.38597,35.27233
slice_29_img_024.npy,29,24,LE07_147035_20050826,78.55274,35.27582
slice_29_img_025.npy,29,25,LE07_147035_20050826,78.71954,35.27908
slice_29_img_026.npy,29,26,LE07_147035_20050826,78.88636,35.28211
slice_29_img_027.npy,29,27,LE07_147035_20050826,79.05321,35.28491
slice_29_img_028.npy,29,28,LE07_147035_20050826,79.22008,35.28748
slice_29_img_029.npy,29,29,LE07_147035_20050826,79.38697,35.28982
slice_29_img_030.npy,29,30,LE07_147035_20050826,77.0464,35.37272
slice_29_img_031.npy,29,31,LE07_147035_20050826,77.21316,35.37807
slice_29_img_032.npy,29,32,LE07_147035_20050826,77.37996,35.38319
slice_29_img_033.npy,29,33,LE07_147035_20050826,77.5468,35.38808
slice_29_img_034.npy,29,34,LE07_147035_20050826,77.71368,35.39274
slice_29_img_035.npy,29,35,LE07_147035_20050826,77.8806,35.39717
slice_29_img_036.npy,29,36,LE07_147035_20050826,78.04756,35.40137
slice_29_img_037.npy,29,37,LE07_147035_20050826,78.21454,35.40534
slice_29_img_038.npy,29,38,LE07_147035_20050826,78.38156,35.40908
slice_29_img_039.npy,29,39,LE07_147035_20050826,78.54861,35.41259
slice_29_img_040.npy,29,40,LE07_147035_20050826,78.71569,35.41586
slice_29_img_041.npy,29,41,LE07_147035_20050826,78.8828,35.41891
slice_29_img_042.npy,29,42,LE07_147035_20050826,79.04992,35.42173
slice_29_img_043.npy,29,43,LE07_147035_20050826,79.21707,35.42431
slice_29_img_044.npy,29,44,LE07_147035_20050826,79.38424,35.42666
slice_29_img_045.npy,29,45,LE07_147035_20050826,77.0397,35.50929
slice_29_img_046.npy,29,46,LE07_147035_20050826,77.20674,35.51466
slice_29_img_047.npy,29,47,LE07_147035_20050826,77.37382,35.51981
slice_29_img_048.npy,29,48,LE07_147035_20050826,77.54095,35.52472
slice_29_img_049.npy,29,49,LE07_147035_20050826,77.70811,35.52941
slice_29_img_050.npy,29,50,LE07_147035_20050826,77.87531,35.53386
slice_29_img_051.npy,29,51,LE07_147035_20050826,78.04255,35.53808
slice_29_img_052.npy,29,52,LE07_147035_20050826,78.20982,35.54207
slice_29_img_053.npy,29,53,LE07_147035_20050826,78.37712,35.54583
slice_29_img_054.npy,29,54,LE07_147035_20050826,78.54445,35.54935
slice_29_img_055.npy,29,55,LE07_147035_20050826,78.71182,35.55265
slice_29_img_056.npy,29,56,LE07_147035_20050826,78.8792,35.55571
slice_29_img_057.npy,29,57,LE07_147035_20050826,79.04661,35.55854
slice_29_img_058.npy,29,58,LE07_147035_20050826,79.21405,35.56114
slice_29_img_059.npy,29,59,LE07_147035_20050826,79.3815,35.5635
slice_29_img_060.npy,29,60,LE07_147035_20050826,77.03296,35.64585
slice_29_img_061.npy,29,61,LE07_147035_20050826,77.20029,35.65125
slice_29_img_062.npy,29,62,LE07_147035_20050826,77.36765,35.65642
slice_29_img_063.npy,29,63,LE07_147035_20050826,77.53506,35.66136
slice_29_img_064.npy,29,64,LE07_147035_20050826,77.7025,35.66607
slice_29_img_065.npy,29,65,LE07_147035_20050826,77.86999,35.67055
slice_29_img_066.npy,29,66,LE07_147035_20050826,78.03751,35.67479
slice_29_img_067.npy,29,67,LE07_147035_20050826,78.20506,35.6788
slice_29_img_068.npy,29,68,LE07_147035_20050826,78.37265,35.68257
slice_29_img_069.npy,29,69,LE07_147035_20050826,78.54027,35.68612
slice_29_img_070.npy,29,70,LE07_147035_20050826,78.70791,35.68943
slice_29_img_071.npy,29,71,LE07_147035_20050826,78.87559,35.6925
slice_29_img_072.npy,29,72,LE07_147035_20050826,79.04328,35.69535
slice_29_img_073.npy,29,73,LE07_147035_20050826,79.211,35.69796
slice_29_img_074.npy,29,74,LE07_147035_20050826,79.37874,35.70034
slice_29_img_075.npy,29,75,LE07_147035_20050826,77.02618,35.78241
slice_29_img_076.npy,29,76,LE07_147035_20050826,77.19379,35.78784
slice_29_img_077.npy,29,77,LE07_147035_20050826,77.36144,35.79303
slice_29_img_078.npy,29,78,LE07_147035_20050826,77.52913,35.798
slice_29_img_079.npy,29,79,LE07_147035_20050826,77.69686,35.80273
slice_29_img_080.npy,29,80,LE07_147035_20050826,77.86463,35.80723
slice_29_img_081.npy,29,81,LE07_147035_20050826,78.03244,35.81149
slice_29_img_082.npy,29,82,LE07_147035_20050826,78.20028,35.81552
slice_29_img_083.npy,29,83,LE07_147035_20050826,78.36815,35.81932
slice_29_img_084.npy,29,84,LE07_147035_20050826,78.53605,35.82288
slice_29_img_085.npy,29,85,LE07_147035_20050826,78.70399,35.8262
slice_29_img_086.npy,29,86,LE07_147035_20050826,78.87194,35.8293
slice_29_img_087.npy,29,87,LE07_147035_20050826,79.03993,35.83215
slice_29_img_088.npy,29,88,LE07_147035_20050826,79.20793,35.83478
slice_29_img_089.npy,29,89,LE07_147035_20050826,79.37596,35.83717
slice_29_img_090.npy,29,90,LE07_147035_20050826,77.01935,35.91896
slice_29_img_091.npy,29,91,LE07_147035_20050826,77.18724,35.92442
slice_29_img_092.npy,29,92,LE07_147035_20050826,77.35518,35.92964
slice_29_img_093.npy,29,93,LE07_147035_20050826,77.52316,35.93463
slice_29_img_094.npy,29,94,LE07_147035_20050826,77.69118,35.93938
slice_29_img_095.npy,29,95,LE07_147035_20050826,77.85923,35.9439
slice_29_img_096.npy,29,96,LE07_147035_20050826,78.02733,35.94819
slice_29_img_097.npy,29,97,LE07_147035_20050826,78.19546,35.95224
slice_29_img_098.npy,29,98,LE07_147035_20050826,78.36362,35.95605
slice_29_img_099.npy,29,99,LE07_147035_20050826,78.53181,35.95963
slice_29_img_100.npy,29,100,LE07_147035_20050826,78.70003,35.96298
slice_29_img_101.npy,29,101,LE07_147035_20050826,78.86828,35.96608
slice_29_img_102.npy,29,102,LE07_147035_20050826,79.03655,35.96896
slice_29_img_103.npy,29,103,LE07_147035_20050826,79.20484,35.97159
slice_29_img_104.npy,29,104,LE07_147035_20050826,79.37316,35.97399
slice_29_img_105.npy,29,105,LE07_147035_20050826,77.01247,36.05551
slice_29_img_106.npy,29,106,LE07_147035_20050826,77.18065,36.06099
slice_29_img_107.npy,29,107,LE07_147035_20050826,77.34888,36.06624
slice_29_img_108.npy,29,108,LE07_147035_20050826,77.51715,36.07126
slice_29_img_109.npy,29,109,LE07_147035_20050826,77.68546,36.07604
slice_29_img_110.npy,29,110,LE07_147035_20050826,77.8538,36.08058
slice_29_img_111.npy,29,111,LE07_147035_20050826,78.02219,36.08488
slice_29_img_112.npy,29,112,LE07_147035_20050826,78.1906,36.08895
slice_29_img_113.npy,29,113,LE07_147035_20050826,78.35906,36.09279
slice_29_img_114.npy,29,114,LE07_147035_20050826,78.52754,36.09639
slice_29_img_115.npy,29,115,LE07_147035_20050826,78.69605,36.09975
slice_29_img_116.npy,29,116,LE07_147035_20050826,78.86459,36.10287
slice_29_img_117.npy,29,117,LE07_147035_20050826,79.03315,36.10576
slice_29_img_118.npy,29,118,LE07_147035_20050826,79.20174,36.10841
slice_29_img_119.npy,29,119,LE07_147035_20050826,79.37034,36.11082
slice_29_img_120.npy,29,120,LE07_147035_20050826,77.00555,36.19206
slice_29_img_121.npy,29,121,LE07_147035_20050826,77.17402,36.19757
slice_29_img_122.npy,29,122,LE07_147035_20050826,77.34254,36.20284
slice_29_img_123.npy,29,123,LE07_147035_20050826,77.5111,36.20788
slice_29_img_124.npy,29,124,LE07_147035_20050826,77.6797,36.21268
slice_29_img_125.npy,29,125,LE07_147035_20050826,77.84833,36.21725
slice_29_img_126.npy,29,126,LE07_147035_20050826,78.01701,36.22158
slice_29_img_127.npy,29,127,LE07_147035_20050826,78.18572,36.22567
slice_29_img_128.npy,29,128,LE07_147035_20050826,78.35446,36.22952
slice_29_img_129.npy,29,129,LE07_147035_20050826,78.52324,36.23313
slice_29_img_130.npy,29,130,LE07_147035_20050826,78.69204,36.23651
slice_29_img_131.npy,29,131,LE07_147035_20050826,78.86087,36.23965
slice_29_img_132.npy,29,132,LE07_147035_20050826,79.02973,36.24255
slice_29_img_133.npy,29,133,LE07_147035_20050826,79.19861,36.24521
slice_29_img_134.npy,29,134,LE07_147035_20050826,79.36751,36.24764
slice_29_img_135.npy,29,135,LE07_147035_20050826,76.99858,36.3286
slice_29_img_136.npy,29,136,LE07_147035_20050826,77.16734,36.33414
slice_29_img_137.npy,29,137,LE07_147035_20050826,77.33615,36.33944
slice_29_img_138.npy,29,138,LE07_147035_20050826,77.505,36.3445
slice_29_img_139.npy,29,139,LE07_147035_20050826,77.6739,36.34933
slice_29_img_140.npy,29,140,LE07_147035_20050826,77.84283,36.35391
slice_29_img_141.npy,29,141,LE07_147035_20050826,78.0118,36.35826
slice_29_img_142.npy,29,142,LE07_147035_20050826,78.1808,36.36237
slice_29_img_143.npy,29,143,LE07_147035_20050826,78.34984,36.36625
slice_29_img_144.npy,29,144,LE07_147035_20050826,78.51891,36.36988
slice_29_img_145.npy,29,145,LE07_147035_20050826,78.68801,36.37327
slice_29_img_146.npy,29,146,LE07_147035_20050826,78.85713,36.37643
slice_29_img_147.npy,29,147,LE07_147035_20050826,79.02628,36.37934
slice_29_img_148.npy,29,148,LE07_147035_20050826,79.19545,36.38202
slice_29_img_149.npy,29,149,LE07_147035_20050826,79.36465,36.38446
slice_29_img_150.npy,29,150,LE07_147035_20050826,76.99156,36.46513
slice_29_img_151.npy,29,151,LE07_147035_20050826,77.16062,36.4707
slice_29_img_152.npy,29,152,LE07_147035_20050826,77.32972,36.47603
slice_29_img_153.npy,29,153,LE07_147035_20050826,77.49887,36.48112
slice_29_img_154.npy,29,154,LE07_147035_20050826,77.66806,36.48597
slice_29_img_155.npy,29,155,LE07_147035_20050826,77.83729,36.49058
slice_29_img_156.npy,29,156,LE07_147035_20050826,78.00655,36.49495
slice_29_img_157.npy,29,157,LE07_147035_20050826,78.17585,36.49908
slice_29_img_158.npy,29,158,LE07_147035_20050826,78.34518,36.50297
slice_29_img_159.npy,29,159,LE07_147035_20050826,78.51455,36.50662
slice_29_img_160.npy,29,160,LE07_147035_20050826,78.68394,36.51003
slice_29_img_161.npy,29,161,LE07_147035_20050826,78.85336,36.5132
slice_29_img_162.npy,29,162,LE07_147035_20050826,79.02281,36.51613
slice_29_img_163.npy,29,163,LE07_147035_20050826,79.19228,36.51882
slice_29_img_164.npy,29,164,LE07_147035_20050826,79.36177,36.52127
slice_29_img_165.npy,29,165,LE07_147035_20050826,76.9845,36.60166
slice_29_img_166.npy,29,166,LE07_147035_20050826,77.15385,36.60726
slice_29_img_167.npy,29,167,LE07_147035_20050826,77.32325,36.61261
slice_29_img_168.npy,29,168,LE07_147035_20050826,77.4927,36.61773
slice_29_img_169.npy,29,169,LE07_147035_20050826,77.66218,36.6226
slice_29_img_170.npy,29,170,LE07_147035_20050826,77.8317,36.62724
slice_29_img_171.npy,29,171,LE07_147035_20050826,78.00127,36.63163
slice_29_img_172.npy,29,172,LE07_147035_20050826,78.17086,36.63578
slice_29_img_173.npy,29,173,LE07_147035_20050826,78.3405,36.63969
slice_29_img_174.npy,29,174,LE07_147035_20050826,78.51016,36.64336
slice_29_img_175.npy,29,175,LE07_147035_20050826,78.67985,36.64679
slice_29_img_176.npy,29,176,LE07_147035_20050826,78.84957,36.64997
slice_29_img_177.npy,29,177,LE07_147035_20050826,79.01932,36.65292
slice_29_img_178.npy,29,178,LE07_147035_20050826,79.18909,36.65562
slice_29_img_179.npy,29,179,LE07_147035_20050826,79.35888,36.65808
slice_29_img_180.npy,29,180,LE07_147035_20050826,76.97739,36.73819
slice_29_img_181.npy,29,181,LE07_147035_20050826,77.14704,36.74382
slice_29_img_182.npy,29,182,LE07_147035_20050826,77.31674,36.7492
slice_29_img_183.npy,29,183,LE07_147035_20050826,77.48648,36.75434
slice_29_img_184.npy,29,184,LE07_147035_20050826,77.65626,36.75923
slice_29_img_185.npy,29,185,LE07_147035_20050826,77.82609,36.76389
slice_29_img_186.npy,29,186,LE07_147035_20050826,77.99595,36.7683
slice_29_img_187.npy,29,187,LE07_147035_20050826,78.16585,36.77248
slice_29_img_188.npy,29,188,LE07_147035_20050826,78.33578,36.77641
slice_29_img_189.npy,29,189,LE07_147035_20050826,78.50574,36.78009
slice_29_img_190.npy,29,190,LE07_147035_20050826,78.67573,36.78354
slice_29_img_191.npy,29,191,LE07_147035_20050826,78.84575,36.78674
slice_29_img_192.npy,29,192,LE07_147035_20050826,79.0158,36.7897
slice_29_img_193.npy,29,193,LE07_147035_20050826,79.18587,36.79242
slice_29_img_194.npy,29,194,LE07_147035_20050826,79.35597,36.79489
slice_29_img_195.npy,29,195,LE07_147035_20050826,76.97023,36.87472
slice_29_img_196.npy,29,196,LE07_147035_20050826,77.14018,36.88037
slice_29_img_197.npy,29,197,LE07_147035_20050826,77.31018,36.88577
slice_29_img_198.npy,29,198,LE07_147035_20050826,77.48022,36.89094
slice_29_img_199.npy,29,199,LE07_147035_20050826,77.65031,36.89586
slice_29_img_200.npy,29,200,LE07_147035_20050826,77.82043,36.90054
slice_29_img_201.npy,29,201,LE07_147035_20050826,77.99059,36.90498
slice_29_img_202.npy,29,202,LE07_147035_20050826,78.16079,36.90917
slice_29_img_203.npy,29,203,LE07_147035_20050826,78.33103,36.91312
slice_29_img_204.npy,29,204,LE07_147035_20050826,78.50129,36.91683
slice_29_img_205.npy,29,205,LE07_147035_20050826,78.67159,36.92029
slice_29_img_206.npy,29,206,LE07_147035_20050826,78.84191,36.92351
slice_29_img_207.npy,29,207,LE07_147035_20050826,79.01226,36.92648
slice_29_img_208.npy,29,208,LE07_147035_20050826,79.18264,36.92921
slice_29_img_209.npy,29,209,LE07_147035_20050826,79.35303,36.93169
slice_30_img_000.npy,30,0,LE07_134040_20070922,95.34082,27.94709
slice_30_img_001.npy,30,1,LE07_134040_20070922,95.49485,27.95111
slice_30_img_002.npy,30,2,LE07_134040_20070922,95.64892,27.95495
slice_30_img_003.npy,30,3,LE07_134040_20070922,95.80301,27.95862
slice_30_img_004.npy,30,4,LE07_134040_20070922,95.95713,27.96211
slice_30_img_005.npy,30,5,LE07_134040_20070922,96.11128,27.96544
slice_30_img_006.npy,30,6,LE07_134040_20070922,96.26546,27.96859
slice_30_img_007.npy,30,7,LE07_134040_20070922,96.41966,27.97157
slice_30_img_008.npy,30,8,LE07_134040_20070922,96.57388,27.97438
slice_30_img_009.npy,30,9,LE07_134040_20070922,96.72813,27.97702
slice_30_img_010.npy,30,10,LE07_134040_20070922,96.88239,27.97948
slice_30_img_011.npy,30,11,LE07_134040_20070922,97.03667,27.98177
slice_30_img_012.npy,30,12,LE07_134040_20070922,97.19098,27.98388
slice_30_img_013.npy,30,13,LE07_134040_20070922,97.34529,27.98583
slice_30_img_014.npy,30,14,LE07_134040_20070922,97.49962,27.9876
slice_30_img_015.npy,30,15,LE07_134040_20070922,95.33618,28.08386
slice_30_img_016.npy,30,16,LE07_134040_20070922,95.49041,28.0879
slice_30_img_017.npy,30,17,LE07_134040_20070922,95.64467,28.09176
slice_30_img_018.npy,30,18,LE07_134040_20070922,95.79896,28.09546
slice_30_img_019.npy,30,19,LE07_134040_20070922,95.95328,28.09897
slice_30_img_020.npy,30,20,LE07_134040_20070922,96.10762,28.10232
slice_30_img_021.npy,30,21,LE07_134040_20070922,96.26199,28.10549
slice_30_img_022.npy,30,22,LE07_134040_20070922,96.41639,28.10849
slice_30_img_023.npy,30,23,LE07_134040_20070922,96.57081,28.11131
slice_30_img_024.npy,30,24,LE07_134040_20070922,96.72525,28.11396
slice_30_img_025.npy,30,25,LE07_134040_20070922,96.87971,28.11644
slice_30_img_026.npy,30,26,LE07_134040_20070922,97.03418,28.11874
slice_30_img_027.npy,30,27,LE07_134040_20070922,97.18868,28.12087
slice_30_img_028.npy,30,28,LE07_134040_20070922,97.34319,28.12282
slice_30_img_029.npy,30,29,LE07_134040_20070922,97.49772,28.1246
slice_30_img_030.npy,30,30,LE07_134040_20070922,95.33152,28.22063
slice_30_img_031.npy,30,31,LE07_134040_20070922,95.48594,28.22469
slice_30_img_032.npy,30,32,LE07_134040_20070922,95.6404,28.22858
slice_30_img_033.npy,30,33,LE07_134040_20070922,95.79488,28.23229
slice_30_img_034.npy,30,34,LE07_134040_20070922,95.9494,28.23583
slice_30_img_035.npy,30,35,LE07_134040_20070922,96.10394,28.23919
slice_30_img_036.npy,30,36,LE07_134040_20070922,96.2585,28.24238
slice_30_img_037.npy,30,37,LE07_134040_20070922,96.41309,28.2454
slice_30_img_038.npy,30,38,LE07_134040_20070922,96.56771,28.24824
slice_30_img_039.npy,30,39,LE07_134040_20070922,96.72234,28.2509
slice_30_img_040.npy,30,40,LE07_134040_20070922,96.877,28.25339
slice_30_img_041.npy,30,41,LE07_134040_20070922,97.03168,28.25571
slice_30_img_042.npy,30,42,LE07_134040_20070922,97.18637,28.25785
slice_30_img_043.npy,30,43,LE07_134040_20070922,97.34108,28.25981
slice_30_img_044.npy,30,44,LE07_134040_20070922,97.4958,28.2616
slice_30_img_045.npy,30,45,LE07_134040_20070922,95.32682,28.3574
slice_30_img_046.npy,30,46,LE07_134040_20070922,95.48144,28.36148
slice_30_img_047.npy,30,47,LE07_134040_20070922,95.63609,28.36539
slice_30_img_048.npy,30,48,LE07_134040_20070922,95.79077,28.36912
slice_30_img_049.npy,30,49,LE07_134040_20070922,95.94549,28.37268
slice_30_img_050.npy,30,50,LE07_134040_20070922,96.10022,28.37606
slice_30_img_051.npy,30,51,LE07_134040_20070922,96.25499,28.37927
slice_30_img_052.npy,30,52,LE07_134040_20070922,96.40978,28.3823
slice_30_img_053.npy,30,53,LE07_134040_20070922,96.56459,28.38516
slice_30_img_054.npy,30,54,LE07_134040_20070922,96.71942,28.38784
slice_30_img_055.npy,30,55,LE07_134040_20070922,96.87428,28.39034
slice_30_img_056.npy,30,56,LE07_134040_20070922,97.02915,28.39267
slice_30_img_057.npy,30,57,LE07_134040_20070922,97.18404,28.39483
slice_30_img_058.npy,30,58,LE07_134040_20070922,97.33895,28.3968
slice_30_img_059.npy,30,59,LE07_134040_20070922,97.49387,28.3986
slice_30_img_060.npy,30,60,LE07_134040_20070922,95.32209,28.49416
slice_30_img_061.npy,30,61,LE07_134040_20070922,95.47691,28.49827
slice_30_img_062.npy,30,62,LE07_134040_20070922,95.63176,28.5022
slice_30_img_063.npy,30,63,LE07_134040_20070922,95.78664,28.50595
slice_30_img_064.npy,30,64,LE07_134040_20070922,95.94155,28.50953
slice_30_img_065.npy,30,65,LE07_134040_20070922,96.09648,28.51293
slice_30_img_066.npy,30,66,LE07_134040_20070922,96.25145,28.51616
slice_30_img_067.npy,30,67,LE07_134040_20070922,96.40644,28.51921
slice_30_img_068.npy,30,68,LE07_134040_20070922,96.56145,28.52208
slice_30_img_069.npy,30,69,LE07_134040_20070922,96.71648,28.52477
slice_30_img_070.npy,30,70,LE07_134040_20070922,96.87153,28.52729
slice_30_img_071.npy,30,71,LE07_134040_20070922,97.02661,28.52964
slice_30_img_072.npy,30,72,LE07_134040_20070922,97.1817,28.5318
slice_30_img_073.npy,30,73,LE07_134040_20070922,97.33681,28.53379
slice_30_img_074.npy,30,74,LE07_134040_20070922,97.49193,28.5356
slice_30_img_075.npy,30,75,LE07_134040_20070922,95.31733,28.63092
slice_30_img_076.npy,30,76,LE07_134040_20070922,95.47234,28.63505
slice_30_img_077.npy,30,77,LE07_134040_20070922,95.62739,28.639
slice_30_img_078.npy,30,78,LE07_134040_20070922,95.78247,28.64278
slice_30_img_079.npy,30,79,LE07_134040_20070922,95.93758,28.64637
slice_30_img_080.npy,30,80,LE07_134040_20070922,96.09272,28.6498
slice_30_img_081.npy,30,81,LE07_134040_20070922,96.24788,28.65304
slice_30_img_082.npy,30,82,LE07_134040_20070922,96.40307,28.65611
slice_30_img_083.npy,30,83,LE07_134040_20070922,96.55828,28.65899
slice_30_img_084.npy,30,84,LE07_134040_20070922,96.71352,28.66171
slice_30_img_085.npy,30,85,LE07_134040_20070922,96.86877,28.66424
slice_30_img_086.npy,30,86,LE07_134040_20070922,97.02405,28.6666
slice_30_img_087.npy,30,87,LE07_134040_20070922,97.17934,28.66877
slice_30_img_088.npy,30,88,LE07_134040_20070922,97.33465,28.67077
slice_30_img_089.npy,30,89,LE07_134040_20070922,97.48997,28.67259
slice_30_img_090.npy,30,90,LE07_134040_20070922,95.31253,28.76767
slice_30_img_091.npy,30,91,LE07_134040_20070922,95.46775,28.77183
slice_30_img_092.npy,30,92,LE07_134040_20070922,95.623,28.7758
slice_30_img_093.npy,30,93,LE07_134040_20070922,95.77828,28.7796
slice_30_img_094.npy,30,94,LE07_134040_20070922,95.93359,28.78322
slice_30_img_095.npy,30,95,LE07_134040_20070922,96.08893,28.78666
slice_30_img_096.npy,30,96,LE07_134040_20070922,96.24429,28.78992
slice_30_img_097.npy,30,97,LE07_134040_20070922,96.39968,28.793
slice_30_img_098.npy,30,98,LE07_134040_20070922,96.5551,28.79591
slice_30_img_099.npy,30,99,LE07_134040_20070922,96.71053,28.79864
slice_30_img_100.npy,30,100,LE07_134040_20070922,96.86599,28.80118
slice_30_img_101.npy,30,101,LE07_134040_20070922,97.02147,28.80355
slice_30_img_102.npy,30,102,LE07_134040_20070922,97.17696,28.80574
slice_30_img_103.npy,30,103,LE07_134040_20070922,97.33247,28.80775
slice_30_img_104.npy,30,104,LE07_134040_20070922,97.488,28.80958
slice_30_img_105.npy,30,105,LE07_134040_20070922,95.3077,28.90443
slice_30_img_106.npy,30,106,LE07_134040_20070922,95.46312,28.9086
slice_30_img_107.npy,30,107,LE07_134040_20070922,95.61857,28.9126
slice_30_img_108.npy,30,108,LE07_134040_20070922,95.77406,28.91642
slice_30_img_109.npy,30,109,LE07_134040_20070922,95.92957,28.92006
slice_30_img_110.npy,30,110,LE07_134040_20070922,96.08511,28.92352
slice_30_img_111.npy,30,111,LE07_134040_20070922,96.24068,28.9268
slice_30_img_112.npy,30,112,LE07_134040_20070922,96.39627,28.9299
slice_30_img_113.npy,30,113,LE07_134040_20070922,96.55189,28.93282
slice_30_img_114.npy,30,114,LE07_134040_20070922,96.70753,28.93556
slice_30_img_115.npy,30,115,LE07_134040_20070922,96.86319,28.93812
slice_30_img_116.npy,30,116,LE07_134040_20070922,97.01887,28.94051
slice_30_img_117.npy,30,117,LE07_134040_20070922,97.17457,28.94271
slice_30_img_118.npy,30,118,LE07_134040_20070922,97.33028,28.94473
slice_30_img_119.npy,30,119,LE07_134040_20070922,97.48601,28.94657
slice_30_img_120.npy,30,120,LE07_134040_20070922,95.30283,29.04117
slice_30_img_121.npy,30,121,LE07_134040_20070922,95.45846,29.04537
slice_30_img_122.npy,30,122,LE07_134040_20070922,95.61412,29.04939
slice_30_img_123.npy,30,123,LE07_134040_20070922,95.7698,29.05323
slice_30_img_124.npy,30,124,LE07_134040_20070922,95.92552,29.05689
slice_30_img_125.npy,30,125,LE07_134040_20070922,96.08127,29.06037
slice_30_img_126.npy,30,126,LE07_134040_20070922,96.23704,29.06367
slice_30_img_127.npy,30,127,LE07_134040_20070922,96.39284,29.06679
slice_30_img_128.npy,30,128,LE07_134040_20070922,96.54866,29.06973
slice_30_img_129.npy,30,129,LE07_134040_20070922,96.7045,29.07248
slice_30_img_130.npy,30,130,LE07_134040_20070922,96.86037,29.07506
slice_30_img_131.npy,30,131,LE07_134040_20070922,97.01625,29.07746
slice_30_img_132.npy,30,132,LE07_134040_20070922,97.17216,29.07967
slice_30_img_133.npy,30,133,LE07_134040_20070922,97.32808,29.0817
slice_30_img_134.npy,30,134,LE07_134040_20070922,97.48401,29.08356
slice_30_img_135.npy,30,135,LE07_134040_20070922,95.29794,29.17792
slice_30_img_136.npy,30,136,LE07_134040_20070922,95.45377,29.18214
slice_30_img_137.npy,30,137,LE07_134040_20070922,95.60963,29.18618
slice_30_img_138.npy,30,138,LE07_134040_20070922,95.76552,29.19004
slice_30_img_139.npy,30,139,LE07_134040_20070922,95.92144,29.19372
slice_30_img_140.npy,30,140,LE07_134040_20070922,96.0774,29.19722
slice_30_img_141.npy,30,141,LE07_134040_20070922,96.23337,29.20054
slice_30_img_142.npy,30,142,LE07_134040_20070922,96.38938,29.20368
slice_30_img_143.npy,30,143,LE07_134040_20070922,96.54541,29.20663
slice_30_img_144.npy,30,144,LE07_134040_20070922,96.70146,29.2094
slice_30_img_145.npy,30,145,LE07_134040_20070922,96.85753,29.21199
slice_30_img_146.npy,30,146,LE07_134040_20070922,97.01362,29.2144
slice_30_img_147.npy,30,147,LE07_134040_20070922,97.16973,29.21663
slice_30_img_148.npy,30,148,LE07_134040_20070922,97.32586,29.21868
slice_30_img_149.npy,30,149,LE07_134040_20070922,97.482,29.22054
slice_30_img_150.npy,30,150,LE07_134040_20070922,95.293,29.31466
slice_30_img_151.npy,30,151,LE07_134040_20070922,95.44904,29.31891
slice_30_img_152.npy,30,152,LE07_134040_20070922,95.60511,29.32297
slice_30_img_153.npy,30,153,LE07_134040_20070922,95.76121,29.32685
slice_30_img_154.npy,30,154,LE07_134040_20070922,95.91734,29.33055
slice_30_img_155.npy,30,155,LE07_134040_20070922,96.0735,29.33407
slice_30_img_156.npy,30,156,LE07_134040_20070922,96.22968,29.33741
slice_30_img_157.npy,30,157,LE07_134040_20070922,96.3859,29.34056
slice_30_img_158.npy,30,158,LE07_134040_20070922,96.54213,29.34353
slice_30_img_159.npy,30,159,LE07_134040_20070922,96.69839,29.34632
slice_30_img_160.npy,30,160,LE07_134040_20070922,96.85467,29.34893
slice_30_img_161.npy,30,161,LE07_134040_20070922,97.01097,29.35135
slice_30_img_162.npy,30,162,LE07_134040_20070922,97.16729,29.35359
slice_30_img_163.npy,30,163,LE07_134040_20070922,97.32362,29.35565
slice_30_img_164.npy,30,164,LE07_134040_20070922,97.47997,29.35752
slice_30_img_165.npy,30,165,LE07_134040_20070922,95.28804,29.4514
slice_30_img_166.npy,30,166,LE07_134040_20070922,95.44428,29.45567
slice_30_img_167.npy,30,167,LE07_134040_20070922,95.60056,29.45975
slice_30_img_168.npy,30,168,LE07_134040_20070922,95.75687,29.46366
slice_30_img_169.npy,30,169,LE07_134040_20070922,95.91321,29.46738
slice_30_img_170.npy,30,170,LE07_134040_20070922,96.06957,29.47092
slice_30_img_171.npy,30,171,LE07_134040_20070922,96.22597,29.47427
slice_30_img_172.npy,30,172,LE07_134040_20070922,96.38239,29.47744
slice_30_img_173.npy,30,173,LE07_134040_20070922,96.53883,29.48043
slice_30_img_174.npy,30,174,LE07_134040_20070922,96.6953,29.48323
slice_30_img_175.npy,30,175,LE07_134040_20070922,96.85179,29.48585
slice_30_img_176.npy,30,176,LE07_134040_20070922,97.0083,29.48829
slice_30_img_177.npy,30,177,LE07_134040_20070922,97.16483,29.49054
slice_30_img_178.npy,30,178,LE07_134040_20070922,97.32137,29.49261
slice_30_img_179.npy,30,179,LE07_134040_20070922,97.47793,29.49449
slice_30_img_180.npy,30,180,LE07_134040_20070922,95.28304,29.58813
slice_30_img_181.npy,30,181,LE07_134040_20070922,95.43949,29.59242
slice_30_img_182.npy,30,182,LE07_134040_20070922,95.59598,29.59653
slice_30_img_183.npy,30,183,LE07_134040_20070922,95.7525,29.60046
slice_30_img_184.npy,30,184,LE07_134040_20070922,95.90904,29.6042
slice_30_img_185.npy,30,185,LE07_134040_20070922,96.06562,29.60776
slice_30_img_186.npy,30,186,LE07_134040_20070922,96.22223,29.61113
slice_30_img_187.npy,30,187,LE07_134040_20070922,96.37886,29.61432
slice_30_img_188.npy,30,188,LE07_134040_20070922,96.53551,29.61733
slice_30_img_189.npy,30,189,LE07_134040_20070922,96.69219,29.62014
slice_30_img_190.npy,30,190,LE07_134040_20070922,96.84889,29.62278
slice_30_img_191.npy,30,191,LE07_134040_20070922,97.00561,29.62523
slice_30_img_192.npy,30,192,LE07_134040_20070922,97.16235,29.62749
slice_30_img_193.npy,30,193,LE07_134040_20070922,97.31911,29.62957
slice_30_img_194.npy,30,194,LE07_134040_20070922,97.47588,29.63147
slice_30_img_195.npy,30,195,LE07_134040_20070922,95.278,29.72486
slice_30_img_196.npy,30,196,LE07_134040_20070922,95.43467,29.72918
slice_30_img_197.npy,30,197,LE07_134040_20070922,95.59136,29.73331
slice_30_img_198.npy,30,198,LE07_134040_20070922,95.74809,29.73726
slice_30_img_199.npy,30,199,LE07_134040_20070922,95.90485,29.74102
slice_30_img_200.npy,30,200,LE07_134040_20070922,96.06164,29.7446
slice_30_img_201.npy,30,201,LE07_134040_20070922,96.21846,29.74799
slice_30_img_202.npy,30,202,LE07_134040_20070922,96.3753,29.7512
slice_30_img_203.npy,30,203,LE07_134040_20070922,96.53217,29.75422
slice_30_img_204.npy,30,204,LE07_134040_20070922,96.68906,29.75705
slice_30_img_205.npy,30,205,LE07_134040_20070922,96.84597,29.7597
slice_30_img_206.npy,30,206,LE07_134040_20070922,97.0029,29.76216
slice_30_img_207.npy,30,207,LE07_134040_20070922,97.15985,29.76444
slice_30_img_208.npy,30,208,LE07_134040_20070922,97.31682,29.76653
slice_30_img_209.npy,30,209,LE07_134040_20070922,97.47381,29.76844
slice_31_img_000.npy,31,0,LE07_153036_20060924,67.39973,33.70724
slice_31_img_001.npy,31,1,LE07_153036_20060924,67.56351,33.70925
slice_31_img_002.npy,31,2,LE07_153036_20060924,67.72731,33.71105
slice_31_img_003.npy,31,3,LE07_153036_20060924,67.89113,33.71262
slice_31_img_004.npy,31,4,LE07_153036_20060924,68.05495,33.71399
slice_31_img_005.npy,31,5,LE07_153036_20060924,68.21878,33.71513
slice_31_img_006.npy,31,6,LE07_153036_20060924,68.38263,33.71606
slice_31_img_007.npy,31,7,LE07_153036_20060924,68.54648,33.71677
slice_31_img_008.npy,31,8,LE07_153036_20060924,68.71033,33.71726
slice_31_img_009.npy,31,9,LE07_153036_20060924,68.87419,33.71754
slice_31_img_010.npy,31,10,LE07_153036_20060924,69.03805,33.7176
slice_31_img_011.npy,31,11,LE07_153036_20060924,69.20191,33.71744
slice_31_img_012.npy,31,12,LE07_153036_20060924,69.36576,33.71706
slice_31_img_013.npy,31,13,LE07_153036_20060924,69.52962,33.71647
slice_31_img_014.npy,31,14,LE07_153036_20060924,69.69346,33.71566
slice_31_img_015.npy,31,15,LE07_153036_20060924,67.39718,33.84411
slice_31_img_016.npy,31,16,LE07_153036_20060924,67.56123,33.84614
slice_31_img_017.npy,31,17,LE07_153036_20060924,67.72529,33.84794
slice_31_img_018.npy,31,18,LE07_153036_20060924,67.88936,33.84953
slice_31_img_019.npy,31,19,LE07_153036_20060924,68.05344,33.8509
slice_31_img_020.npy,31,20,LE07_153036_20060924,68.21754,33.85205
slice_31_img_021.npy,31,21,LE07_153036_20060924,68.38164,33.85298
slice_31_img_022.npy,31,22,LE07_153036_20060924,68.54576,33.8537
slice_31_img_023.npy,31,23,LE07_153036_20060924,68.70987,33.85419
slice_31_img_024.npy,31,24,LE07_153036_20060924,68.87399,33.85447
slice_31_img_025.npy,31,25,LE07_153036_20060924,69.03811,33.85453
slice_31_img_026.npy,31,26,LE07_153036_20060924,69.20223,33.85437
slice_31_img_027.npy,31,27,LE07_153036_20060924,69.36635,33.85399
slice_31_img_028.npy,31,28,LE07_153036_20060924,69.53046,33.85339
slice_31_img_029.npy,31,29,LE07_153036_20060924,69.69457,33.85258
slice_31_img_030.npy,31,30,LE07_153036_20060924,67.39462,33.98099
slice_31_img_031.npy,31,31,LE07_153036_20060924,67.55892,33.98302
slice_31_img_032.npy,31,32,LE07_153036_20060924,67.72325,33.98484
slice_31_img_033.npy,31,33,LE07_153036_20060924,67.88758,33.98643
slice_31_img_034.npy,31,34,LE07_153036_20060924,68.05193,33.98781
slice_31_img_035.npy,31,35,LE07_153036_20060924,68.21629,33.98897
slice_31_img_036.npy,31,36,LE07_153036_20060924,68.38065,33.9899
slice_31_img_037.npy,31,37,LE07_153036_20060924,68.54503,33.99062
slice_31_img_038.npy,31,38,LE07_153036_20060924,68.70941,33.99112
slice_31_img_039.npy,31,39,LE07_153036_20060924,68.87379,33.9914
slice_31_img_040.npy,31,40,LE07_153036_20060924,69.03817,33.99146
slice_31_img_041.npy,31,41,LE07_153036_20060924,69.20255,33.99129
slice_31_img_042.npy,31,42,LE07_153036_20060924,69.36693,33.99091
slice_31_img_043.npy,31,43,LE07_153036_20060924,69.53131,33.99031
slice_31_img_044.npy,31,44,LE07_153036_20060924,69.69568,33.98949
slice_31_img_045.npy,31,45,LE07_153036_20060924,67.39203,34.11786
slice_31_img_046.npy,31,46,LE07_153036_20060924,67.55661,34.1199
slice_31_img_047.npy,31,47,LE07_153036_20060924,67.72119,34.12173
slice_31_img_048.npy,31,48,LE07_153036_20060924,67.88579,34.12333
slice_31_img_049.npy,31,49,LE07_153036_20060924,68.0504,34.12472
slice_31_img_050.npy,31,50,LE07_153036_20060924,68.21503,34.12588
slice_31_img_051.npy,31,51,LE07_153036_20060924,68.37966,34.12682
slice_31_img_052.npy,31,52,LE07_153036_20060924,68.5443,34.12754
slice_31_img_053.npy,31,53,LE07_153036_20060924,68.70894,34.12804
slice_31_img_054.npy,31,54,LE07_153036_20060924,68.87358,34.12832
slice_31_img_055.npy,31,55,LE07_153036_20060924,69.03823,34.12838
slice_31_img_056.npy,31,56,LE07_153036_20060924,69.20288,34.12822
slice_31_img_057.npy,31,57,LE07_153036_20060924,69.36752,34.12784
slice_31_img_058.npy,31,58,LE07_153036_20060924,69.53216,34.12723
slice_31_img_059.npy,31,59,LE07_153036_20060924,69.6968,34.12641
slice_31_img_060.npy,31,60,LE07_153036_20060924,67.38943,34.25473
slice_31_img_061.npy,31,61,LE07_153036_20060924,67.55427,34.25678
slice_31_img_062.npy,31,62,LE07_153036_20060924,67.71912,34.25862
slice_31_img_063.npy,31,63,LE07_153036_20060924,67.88399,34.26023
slice_31_img_064.npy,31,64,LE07_153036_20060924,68.04887,34.26162
slice_31_img_065.npy,31,65,LE07_153036_20060924,68.21376,34.26279
slice_31_img_066.npy,31,66,LE07_153036_20060924,68.37865,34.26373
slice_31_img_067.npy,31,67,LE07_153036_20060924,68.54356,34.26446
slice_31_img_068.npy,31,68,LE07_153036_20060924,68.70847,34.26496
slice_31_img_069.npy,31,69,LE07_153036_20060924,68.87338,34.26524
slice_31_img_070.npy,31,70,LE07_153036_20060924,69.03829,34.2653
slice_31_img_071.npy,31,71,LE07_153036_20060924,69.20321,34.26514
slice_31_img_072.npy,31,72,LE07_153036_20060924,69.36812,34.26476
slice_31_img_073.npy,31,73,LE07_153036_20060924,69.53303,34.26415
slice_31_img_074.npy,31,74,LE07_153036_20060924,69.69793,34.26332
slice_31_img_075.npy,31,75,LE07_153036_20060924,67.38682,34.39159
slice_31_img_076.npy,31,76,LE07_153036_20060924,67.55192,34.39366
slice_31_img_077.npy,31,77,LE07_153036_20060924,67.71704,34.3955
slice_31_img_078.npy,31,78,LE07_153036_20060924,67.88218,34.39712
slice_31_img_079.npy,31,79,LE07_153036_20060924,68.04732,34.39852
slice_31_img_080.npy,31,80,LE07_153036_20060924,68.21248,34.39969
slice_31_img_081.npy,31,81,LE07_153036_20060924,68.37764,34.40064
slice_31_img_082.npy,31,82,LE07_153036_20060924,68.54282,34.40137
slice_31_img_083.npy,31,83,LE07_153036_20060924,68.70799,34.40188
slice_31_img_084.npy,31,84,LE07_153036_20060924,68.87317,34.40216
slice_31_img_085.npy,31,85,LE07_153036_20060924,69.03836,34.40222
slice_31_img_086.npy,31,86,LE07_153036_20060924,69.20354,34.40206
slice_31_img_087.npy,31,87,LE07_153036_20060924,69.36872,34.40167
slice_31_img_088.npy,31,88,LE07_153036_20060924,69.53389,34.40106
slice_31_img_089.npy,31,89,LE07_153036_20060924,69.69906,34.40023
slice_31_img_090.npy,31,90,LE07_153036_20060924,67.38418,34.52845
slice_31_img_091.npy,31,91,LE07_153036_20060924,67.54956,34.53053
slice_31_img_092.npy,31,92,LE07_153036_20060924,67.71494,34.53238
slice_31_img_093.npy,31,93,LE07_153036_20060924,67.88035,34.53401
slice_31_img_094.npy,31,94,LE07_153036_20060924,68.04576,34.53542
slice_31_img_095.npy,31,95,LE07_153036_20060924,68.21119,34.5366
slice_31_img_096.npy,31,96,LE07_153036_20060924,68.37663,34.53755
slice_31_img_097.npy,31,97,LE07_153036_20060924,68.54207,34.53828
slice_31_img_098.npy,31,98,LE07_153036_20060924,68.70752,34.53879
slice_31_img_099.npy,31,99,LE07_153036_20060924,68.87297,34.53908
slice_31_img_100.npy,31,100,LE07_153036_20060924,69.03842,34.53914
slice_31_img_101.npy,31,101,LE07_153036_20060924,69.20387,34.53897
slice_31_img_102.npy,31,102,LE07_153036_20060924,69.36932,34.53858
slice_31_img_103.npy,31,103,LE07_153036_20060924,69.53476,34.53797
slice_31_img_104.npy,31,104,LE07_153036_20060924,69.7002,34.53714
slice_31_img_105.npy,31,105,LE07_153036_20060924,67.38153,34.66531
slice_31_img_106.npy,31,106,LE07_153036_20060924,67.54717,34.6674
slice_31_img_107.npy,31,107,LE07_153036_20060924,67.71283,34.66926
slice_31_img_108.npy,31,108,LE07_153036_20060924,67.87851,34.6709
slice_31_img_109.npy,31,109,LE07_153036_20060924,68.0442,34.67231
slice_31_img_110.npy,31,110,LE07_153036_20060924,68.2099,34.6735
slice_31_img_111.npy,31,111,LE07_153036_20060924,68.3756,34.67446
slice_31_img_112.npy,31,112,LE07_153036_20060924,68.54132,34.67519
slice_31_img_113.npy,31,113,LE07_153036_20060924,68.70704,34.6757
slice_31_img_114.npy,31,114,LE07_153036_20060924,68.87276,34.67599
slice_31_img_115.npy,31,115,LE07_153036_20060924,69.03848,34.67605
slice_31_img_116.npy,31,116,LE07_153036_20060924,69.20421,34.67589
slice_31_img_117.npy,31,117,LE07_153036_20060924,69.36993,34.67549
slice_31_img_118.npy,31,118,LE07_153036_20060924,69.53564,34.67488
slice_31_img_119.npy,31,119,LE07_153036_20060924,69.70135,34.67404
slice_31_img_120.npy,31,120,LE07_153036_20060924,67.37886,34.80217
slice_31_img_121.npy,31,121,LE07_153036_20060924,67.54478,34.80426
slice_31_img_122.npy,31,122,LE07_153036_20060924,67.71071,34.80614
slice_31_img_123.npy,31,123,LE07_153036_20060924,67.87666,34.80778
slice_31_img_124.npy,31,124,LE07_153036_20060924,68.04262,34.8092
slice_31_img_125.npy,31,125,LE07_153036_20060924,68.20859,34.81039
slice_31_img_126.npy,31,126,LE07_153036_20060924,68.37457,34.81136
slice_31_img_127.npy,31,127,LE07_153036_20060924,68.54056,34.8121
slice_31_img_128.npy,31,128,LE07_153036_20060924,68.70655,34.81261
slice_31_img_129.npy,31,129,LE07_153036_20060924,68.87255,34.8129
slice_31_img_130.npy,31,130,LE07_153036_20060924,69.03855,34.81296
slice_31_img_131.npy,31,131,LE07_153036_20060924,69.20454,34.81279
slice_31_img_132.npy,31,132,LE07_153036_20060924,69.37054,34.8124
slice_31_img_133.npy,31,133,LE07_153036_20060924,69.53653,34.81178
slice_31_img_134.npy,31,134,LE07_153036_20060924,69.70251,34.81094
slice_31_img_135.npy,31,135,LE07_153036_20060924,67.37617,34.93902
slice_31_img_136.npy,31,136,LE07_153036_20060924,67.54236,34.94113
slice_31_img_137.npy,31,137,LE07_153036_20060924,67.70857,34.94301
slice_31_img_138.npy,31,138,LE07_153036_20060924,67.87479,34.94466
slice_31_img_139.npy,31,139,LE07_153036_20060924,68.04103,34.94609
slice_31_img_140.npy,31,140,LE07_153036_20060924,68.20728,34.94729
slice_31_img_141.npy,31,141,LE07_153036_20060924,68.37353,34.94826
slice_31_img_142.npy,31,142,LE07_153036_20060924,68.5398,34.949
slice_31_img_143.npy,31,143,LE07_153036_20060924,68.70607,34.94952
slice_31_img_144.npy,31,144,LE07_153036_20060924,68.87234,34.94981
slice_31_img_145.npy,31,145,LE07_153036_20060924,69.03861,34.94987
slice_31_img_146.npy,31,146,LE07_153036_20060924,69.20488,34.9497
slice_31_img_147.npy,31,147,LE07_153036_20060924,69.37115,34.94931
slice_31_img_148.npy,31,148,LE07_153036_20060924,69.53742,34.94868
slice_31_img_149.npy,31,149,LE07_153036_20060924,69.70368,34.94783
slice_31_img_150.npy,31,150,LE07_153036_20060924,67.37346,35.07587
slice_31_img_151.npy,31,151,LE07_153036_20060924,67.53993,35.07799
slice_31_img_152.npy,31,152,LE07_153036_20060924,67.70642,35.07988
slice_31_img_153.npy,31,153,LE07_153036_20060924,67.87292,35.08154
slice_31_img_154.npy,31,154,LE07_153036_20060924,68.03943,35.08297
slice_31_img_155.npy,31,155,LE07_153036_20060924,68.20596,35.08418
slice_31_img_156.npy,31,156,LE07_153036_20060924,68.37249,35.08515
slice_31_img_157.npy,31,157,LE07_153036_20060924,68.53903,35.0859
slice_31_img_158.npy,31,158,LE07_153036_20060924,68.70557,35.08642
slice_31_img_159.npy,31,159,LE07_153036_20060924,68.87212,35.08671
slice_31_img_160.npy,31,160,LE07_153036_20060924,69.03867,35.08677
slice_31_img_161.npy,31,161,LE07_153036_20060924,69.20522,35.0866
slice_31_img_162.npy,31,162,LE07_153036_20060924,69.37177,35.08621
slice_31_img_163.npy,31,163,LE07_153036_20060924,69.53831,35.08558
slice_31_img_164.npy,31,164,LE07_153036_20060924,69.70485,35.08473
slice_31_img_165.npy,31,165,LE07_153036_20060924,67.37074,35.21271
slice_31_img_166.npy,31,166,LE07_153036_20060924,67.53748,35.21484
slice_31_img_167.npy,31,167,LE07_153036_20060924,67.70425,35.21674
slice_31_img_168.npy,31,168,LE07_153036_20060924,67.87103,35.21841
slice_31_img_169.npy,31,169,LE07_153036_20060924,68.03782,35.21985
slice_31_img_170.npy,31,170,LE07_153036_20060924,68.20462,35.22106
slice_31_img_171.npy,31,171,LE07_153036_20060924,68.37144,35.22204
slice_31_img_172.npy,31,172,LE07_153036_20060924,68.53826,35.2228
slice_31_img_173.npy,31,173,LE07_153036_20060924,68.70508,35.22332
slice_31_img_174.npy,31,174,LE07_153036_20060924,68.87191,35.22361
slice_31_img_175.npy,31,175,LE07_153036_20060924,69.03874,35.22367
slice_31_img_176.npy,31,176,LE07_153036_20060924,69.20557,35.2235
slice_31_img_177.npy,31,177,LE07_153036_20060924,69.37239,35.2231
slice_31_img_178.npy,31,178,LE07_153036_20060924,69.53922,35.22248
slice_31_img_179.npy,31,179,LE07_153036_20060924,69.70603,35.22162
slice_31_img_180.npy,31,180,LE07_153036_20060924,67.36799,35.34955
slice_31_img_181.npy,31,181,LE07_153036_20060924,67.53502,35.35169
slice_31_img_182.npy,31,182,LE07_153036_20060924,67.70207,35.3536
slice_31_img_183.npy,31,183,LE07_153036_20060924,67.86913,35.35528
slice_31_img_184.npy,31,184,LE07_153036_20060924,68.0362,35.35673
slice_31_img_185.npy,31,185,LE07_153036_20060924,68.20328,35.35795
slice_31_img_186.npy,31,186,LE07_153036_20060924,68.37038,35.35893
slice_31_img_187.npy,31,187,LE07_153036_20060924,68.53748,35.35969
slice_31_img_188.npy,31,188,LE07_153036_20060924,68.70458,35.36021
slice_31_img_189.npy,31,189,LE07_153036_20060924,68.87169,35.36051
slice_31_img_190.npy,31,190,LE07_153036_20060924,69.0388,35.36057
slice_31_img_191.npy,31,191,LE07_153036_20060924,69.20591,35.3604
slice_31_img_192.npy,31,192,LE07_153036_20060924,69.37302,35.36
slice_31_img_193.npy,31,193,LE07_153036_20060924,69.54013,35.35937
slice_31_img_194.npy,31,194,LE07_153036_20060924,69.70722,35.3585
slice_31_img_195.npy,31,195,LE07_153036_20060924,67.36523,35.48639
slice_31_img_196.npy,31,196,LE07_153036_20060924,67.53254,35.48854
slice_31_img_197.npy,31,197,LE07_153036_20060924,67.69987,35.49046
slice_31_img_198.npy,31,198,LE07_153036_20060924,67.86721,35.49215
slice_31_img_199.npy,31,199,LE07_153036_20060924,68.03457,35.49361
slice_31_img_200.npy,31,200,LE07_153036_20060924,68.20194,35.49483
slice_31_img_201.npy,31,201,LE07_153036_20060924,68.36931,35.49582
slice_31_img_202.npy,31,202,LE07_153036_20060924,68.5367,35.49658
slice_31_img_203.npy,31,203,LE07_153036_20060924,68.70408,35.49711
slice_31_img_204.npy,31,204,LE07_153036_20060924,68.87148,35.4974
slice_31_img_205.npy,31,205,LE07_153036_20060924,69.03887,35.49746
slice_31_img_206.npy,31,206,LE07_153036_20060924,69.20626,35.49729
slice_31_img_207.npy,31,207,LE07_153036_20060924,69.37365,35.49689
slice_31_img_208.npy,31,208,LE07_153036_20060924,69.54104,35.49625
slice_31_img_209.npy,31,209,LE07_153036_20060924,69.70842,35.49539
slice_32_img_000.npy,32,0,LE07_144039_20011013,80.21595,29.42433
slice_32_img_001.npy,32,1,LE07_144039_20011013,80.37245,29.42516
slice_32_img_002.npy,32,2,LE07_144039_20011013,80.52896,29.42581
slice_32_img_003.npy,32,3,LE07_144039_20011013,80.68548,29.42627
slice_32_img_004.npy,32,4,LE07_144039_20011013,80.84199,29.42655
slice_32_img_005.npy,32,5,LE07_144039_20011013,80.99851,29.42664
slice_32_img_006.npy,32,6,LE07_144039_20011013,81.15503,29.42655
slice_32_img_007.npy,32,7,LE07_144039_20011013,81.31155,29.42628
slice_32_img_008.npy,32,8,LE07_144039_20011013,81.46806,29.42582
slice_32_img_009.npy,32,9,LE07_144039_20011013,81.62457,29.42518
slice_32_img_010.npy,32,10,LE07_144039_20011013,81.78108,29.42435
slice_32_img_011.npy,32,11,LE07_144039_20011013,81.93758,29.42334
slice_32_img_012.npy,32,12,LE07_144039_20011013,82.09406,29.42215
slice_32_img_013.npy,32,13,LE07_144039_20011013,82.25054,29.42077
slice_32_img_014.npy,32,14,LE07_144039_20011013,82.40701,29.41921
slice_32_img_015.npy,32,15,LE07_144039_20011013,80.21489,29.56134
slice_32_img_016.npy,32,16,LE07_144039_20011013,80.37161,29.56218
slice_32_img_017.npy,32,17,LE07_144039_20011013,80.52833,29.56283
slice_32_img_018.npy,32,18,LE07_144039_20011013,80.68505,29.56329
slice_32_img_019.npy,32,19,LE07_144039_20011013,80.84178,29.56357
slice_32_img_020.npy,32,20,LE07_144039_20011013,80.99851,29.56366
slice_32_img_021.npy,32,21,LE07_144039_20011013,81.15524,29.56357
slice_32_img_022.npy,32,22,LE07_144039_20011013,81.31197,29.5633
slice_32_img_023.npy,32,23,LE07_144039_20011013,81.46869,29.56284
slice_32_img_024.npy,32,24,LE07_144039_20011013,81.62542,29.56219
slice_32_img_025.npy,32,25,LE07_144039_20011013,81.78213,29.56136
slice_32_img_026.npy,32,26,LE07_144039_20011013,81.93884,29.56035
slice_32_img_027.npy,32,27,LE07_144039_20011013,82.09554,29.55915
slice_32_img_028.npy,32,28,LE07_144039_20011013,82.25223,29.55776
slice_32_img_029.npy,32,29,LE07_144039_20011013,82.4089,29.55619
slice_32_img_030.npy,32,30,LE07_144039_20011013,80.21383,29.69835
slice_32_img_031.npy,32,31,LE07_144039_20011013,80.37075,29.69919
slice_32_img_032.npy,32,32,LE07_144039_20011013,80.52769,29.69984
slice_32_img_033.npy,32,33,LE07_144039_20011013,80.68463,29.70031
slice_32_img_034.npy,32,34,LE07_144039_20011013,80.84157,29.70059
slice_32_img_035.npy,32,35,LE07_144039_20011013,80.99851,29.70068
slice_32_img_036.npy,32,36,LE07_144039_20011013,81.15545,29.70059
slice_32_img_037.npy,32,37,LE07_144039_20011013,81.31239,29.70032
slice_32_img_038.npy,32,38,LE07_144039_20011013,81.46933,29.69985
slice_32_img_039.npy,32,39,LE07_144039_20011013,81.62626,29.6992
slice_32_img_040.npy,32,40,LE07_144039_20011013,81.78319,29.69837
slice_32_img_041.npy,32,41,LE07_144039_20011013,81.94011,29.69735
slice_32_img_042.npy,32,42,LE07_144039_20011013,82.09702,29.69614
slice_32_img_043.npy,32,43,LE07_144039_20011013,82.25392,29.69475
slice_32_img_044.npy,32,44,LE07_144039_20011013,82.41081,29.69317
slice_32_img_045.npy,32,45,LE07_144039_20011013,80.21276,29.83536
slice_32_img_046.npy,32,46,LE07_144039_20011013,80.3699,29.8362
slice_32_img_047.npy,32,47,LE07_144039_20011013,80.52704,29.83686
slice_32_img_048.npy,32,48,LE07_144039_20011013,80.6842,29.83732
slice_32_img_049.npy,32,49,LE07_144039_20011013,80.84135,29.83761
slice_32_img_050.npy,32,50,LE07_144039_20011013,80.99851,29.8377
slice_32_img_051.npy,32,51,LE07_144039_20011013,81.15566,29.83761
slice_32_img_052.npy,32,52,LE07_144039_20011013,81.31282,29.83733
slice_32_img_053.npy,32,53,LE07_144039_20011013,81.46997,29.83687
slice_32_img_054.npy,32,54,LE07_144039_20011013,81.62712,29.83621
slice_32_img_055.npy,32,55,LE07_144039_20011013,81.78426,29.83537
slice_32_img_056.npy,32,56,LE07_144039_20011013,81.94139,29.83435
slice_32_img_057.npy,32,57,LE07_144039_20011013,82.09851,29.83313
slice_32_img_058.npy,32,58,LE07_144039_20011013,82.25563,29.83173
slice_32_img_059.npy,32,59,LE07_144039_20011013,82.41273,29.83015
slice_32_img_060.npy,32,60,LE07_144039_20011013,80.21168,29.97236
slice_32_img_061.npy,32,61,LE07_144039_20011013,80.36904,29.97321
slice_32_img_062.npy,32,62,LE07_144039_20011013,80.5264,29.97387
slice_32_img_063.npy,32,63,LE07_144039_20011013,80.68376,29.97434
slice_32_img_064.npy,32,64,LE07_144039_20011013,80.84113,29.97462
slice_32_img_065.npy,32,65,LE07_144039_20011013,80.9985,29.97472
slice_32_img_066.npy,32,66,LE07_144039_20011013,81.15588,29.97462
slice_32_img_067.npy,32,67,LE07_144039_20011013,81.31325,29.97434
slice_32_img_068.npy,32,68,LE07_144039_20011013,81.47061,29.97388
slice_32_img_069.npy,32,69,LE07_144039_20011013,81.62797,29.97322
slice_32_img_070.npy,32,70,LE07_144039_20011013,81.78533,29.97238
slice_32_img_071.npy,32,71,LE07_144039_20011013,81.94268,29.97134
slice_32_img_072.npy,32,72,LE07_144039_20011013,82.10002,29.97012
slice_32_img_073.npy,32,73,LE07_144039_20011013,82.25735,29.96872
slice_32_img_074.npy,32,74,LE07_144039_20011013,82.41467,29.96712
slice_32_img_075.npy,32,75,LE07_144039_20011013,80.21059,30.10936
slice_32_img_076.npy,32,76,LE07_144039_20011013,80.36817,30.11021
slice_32_img_077.npy,32,77,LE07_144039_20011013,80.52575,30.11087
slice_32_img_078.npy,32,78,LE07_144039_20011013,80.68333,30.11135
slice_32_img_079.npy,32,79,LE07_144039_20011013,80.84091,30.11163
slice_32_img_080.npy,32,80,LE07_144039_20011013,80.9985,30.11173
slice_32_img_081.npy,32,81,LE07_144039_20011013,81.15609,30.11164
slice_32_img_082.npy,32,82,LE07_144039_20011013,81.31368,30.11135
slice_32_img_083.npy,32,83,LE07_144039_20011013,81.47126,30.11088
slice_32_img_084.npy,32,84,LE07_144039_20011013,81.62884,30.11022
slice_32_img_085.npy,32,85,LE07_144039_20011013,81.78641,30.10937
slice_32_img_086.npy,32,86,LE07_144039_20011013,81.94398,30.10834
slice_32_img_087.npy,32,87,LE07_144039_20011013,82.10153,30.10711
slice_32_img_088.npy,32,88,LE07_144039_20011013,82.25908,30.10569
slice_32_img_089.npy,32,89,LE07_144039_20011013,82.41661,30.10409
slice_32_img_090.npy,32,90,LE07_144039_20011013,80.2095,30.24635
slice_32_img_091.npy,32,91,LE07_144039_20011013,80.36729,30.24721
slice_32_img_092.npy,32,92,LE07_144039_20011013,80.52509,30.24788
slice_32_img_093.npy,32,93,LE07_144039_20011013,80.68289,30.24835
slice_32_img_094.npy,32,94,LE07_144039_20011013,80.84069,30.24864
slice_32_img_095.npy,32,95,LE07_144039_20011013,80.9985,30.24874
slice_32_img_096.npy,32,96,LE07_144039_20011013,81.15631,30.24864
slice_32_img_097.npy,32,97,LE07_144039_20011013,81.31411,30.24836
slice_32_img_098.npy,32,98,LE07_144039_20011013,81.47191,30.24789
slice_32_img_099.npy,32,99,LE07_144039_20011013,81.62971,30.24722
slice_32_img_100.npy,32,100,LE07_144039_20011013,81.7875,30.24637
slice_32_img_101.npy,32,101,LE07_144039_20011013,81.94528,30.24533
slice_32_img_102.npy,32,102,LE07_144039_20011013,82.10306,30.24409
slice_32_img_103.npy,32,103,LE07_144039_20011013,82.26082,30.24267
slice_32_img_104.npy,32,104,LE07_144039_20011013,82.41857,30.24106
slice_32_img_105.npy,32,105,LE07_144039_20011013,80.2084,30.38335
slice_32_img_106.npy,32,106,LE07_144039_20011013,80.36641,30.38421
slice_32_img_107.npy,32,107,LE07_144039_20011013,80.52443,30.38488
slice_32_img_108.npy,32,108,LE07_144039_20011013,80.68245,30.38536
slice_32_img_109.npy,32,109,LE07_144039_20011013,80.84047,30.38565
slice_32_img_110.npy,32,110,LE07_144039_20011013,80.9985,30.38574
slice_32_img_111.npy,32,111,LE07_144039_20011013,81.15652,30.38565
slice_32_img_112.npy,32,112,LE07_144039_20011013,81.31455,30.38537
slice_32_img_113.npy,32,113,LE07_144039_20011013,81.47257,30.38489
slice_32_img_114.npy,32,114,LE07_144039_20011013,81.63059,30.38422
slice_32_img_115.npy,32,115,LE07_144039_20011013,81.7886,30.38336
slice_32_img_116.npy,32,116,LE07_144039_20011013,81.9466,30.38232
slice_32_img_117.npy,32,117,LE07_144039_20011013,82.10459,30.38108
slice_32_img_118.npy,32,118,LE07_144039_20011013,82.26258,30.37964
slice_32_img_119.npy,32,119,LE07_144039_20011013,82.42055,30.37802
slice_32_img_120.npy,32,120,LE07_144039_20011013,80.20729,30.52034
slice_32_img_121.npy,32,121,LE07_144039_20011013,80.36552,30.5212
slice_32_img_122.npy,32,122,LE07_144039_20011013,80.52376,30.52188
slice_32_img_123.npy,32,123,LE07_144039_20011013,80.682,30.52236
slice_32_img_124.npy,32,124,LE07_144039_20011013,80.84025,30.52265
slice_32_img_125.npy,32,125,LE07_144039_20011013,80.9985,30.52275
slice_32_img_126.npy,32,126,LE07_144039_20011013,81.15674,30.52265
slice_32_img_127.npy,32,127,LE07_144039_20011013,81.31499,30.52237
slice_32_img_128.npy,32,128,LE07_144039_20011013,81.47323,30.52189
slice_32_img_129.npy,32,129,LE07_144039_20011013,81.63147,30.52122
slice_32_img_130.npy,32,130,LE07_144039_20011013,81.7897,30.52036
slice_32_img_131.npy,32,131,LE07_144039_20011013,81.94792,30.5193
slice_32_img_132.npy,32,132,LE07_144039_20011013,82.10614,30.51805
slice_32_img_133.npy,32,133,LE07_144039_20011013,82.26434,30.51661
slice_32_img_134.npy,32,134,LE07_144039_20011013,82.42254,30.51498
slice_32_img_135.npy,32,135,LE07_144039_20011013,80.20618,30.65732
slice_32_img_136.npy,32,136,LE07_144039_20011013,80.36463,30.6582
slice_32_img_137.npy,32,137,LE07_144039_20011013,80.52309,30.65887
slice_32_img_138.npy,32,138,LE07_144039_20011013,80.68156,30.65936
slice_32_img_139.npy,32,139,LE07_144039_20011013,80.84002,30.65965
slice_32_img_140.npy,32,140,LE07_144039_20011013,80.99849,30.65975
slice_32_img_141.npy,32,141,LE07_144039_20011013,81.15696,30.65965
slice_32_img_142.npy,32,142,LE07_144039_20011013,81.31543,30.65937
slice_32_img_143.npy,32,143,LE07_144039_20011013,81.4739,30.65888
slice_32_img_144.npy,32,144,LE07_144039_20011013,81.63236,30.65821
slice_32_img_145.npy,32,145,LE07_144039_20011013,81.79081,30.65734
slice_32_img_146.npy,32,146,LE07_144039_20011013,81.94926,30.65628
slice_32_img_147.npy,32,147,LE07_144039_20011013,82.1077,30.65503
slice_32_img_148.npy,32,148,LE07_144039_20011013,82.26612,30.65358
slice_32_img_149.npy,32,149,LE07_144039_20011013,82.42454,30.65194
slice_32_img_150.npy,32,150,LE07_144039_20011013,80.20505,30.79431
slice_32_img_151.npy,32,151,LE07_144039_20011013,80.36373,30.79518
slice_32_img_152.npy,32,152,LE07_144039_20011013,80.52242,30.79587
slice_32_img_153.npy,32,153,LE07_144039_20011013,80.68111,30.79635
slice_32_img_154.npy,32,154,LE07_144039_20011013,80.8398,30.79665
slice_32_img_155.npy,32,155,LE07_144039_20011013,80.99849,30.79675
slice_32_img_156.npy,32,156,LE07_144039_20011013,81.15719,30.79665
slice_32_img_157.npy,32,157,LE07_144039_20011013,81.31588,30.79636
slice_32_img_158.npy,32,158,LE07_144039_20011013,81.47457,30.79588
slice_32_img_159.npy,32,159,LE07_144039_20011013,81.63325,30.7952
slice_32_img_160.npy,32,160,LE07_144039_20011013,81.79193,30.79433
slice_32_img_161.npy,32,161,LE07_144039_20011013,81.9506,30.79326
slice_32_img_162.npy,32,162,LE07_144039_20011013,82.10926,30.792
slice_32_img_163.npy,32,163,LE07_144039_20011013,82.26791,30.79055
slice_32_img_164.npy,32,164,LE07_144039_20011013,82.42655,30.7889
slice_32_img_165.npy,32,165,LE07_144039_20011013,80.20392,30.93129
slice_32_img_166.npy,32,166,LE07_144039_20011013,80.36283,30.93217
slice_32_img_167.npy,32,167,LE07_144039_20011013,80.52174,30.93286
slice_32_img_168.npy,32,168,LE07_144039_20011013,80.68065,30.93335
slice_32_img_169.npy,32,169,LE07_144039_20011013,80.83957,30.93364
slice_32_img_170.npy,32,170,LE07_144039_20011013,80.99849,30.93374
slice_32_img_171.npy,32,171,LE07_144039_20011013,81.15741,30.93365
slice_32_img_172.npy,32,172,LE07_144039_20011013,81.31633,30.93335
slice_32_img_173.npy,32,173,LE07_144039_20011013,81.47524,30.93287
slice_32_img_174.npy,32,174,LE07_144039_20011013,81.63415,30.93219
slice_32_img_175.npy,32,175,LE07_144039_20011013,81.79306,30.93131
slice_32_img_176.npy,32,176,LE07_144039_20011013,81.95195,30.93024
slice_32_img_177.npy,32,177,LE07_144039_20011013,82.11084,30.92897
slice_32_img_178.npy,32,178,LE07_144039_20011013,82.26972,30.92751
slice_32_img_179.npy,32,179,LE07_144039_20011013,82.42858,30.92585
slice_32_img_180.npy,32,180,LE07_144039_20011013,80.20278,31.06827
slice_32_img_181.npy,32,181,LE07_144039_20011013,80.36191,31.06915
slice_32_img_182.npy,32,182,LE07_144039_20011013,80.52105,31.06984
slice_32_img_183.npy,32,183,LE07_144039_20011013,80.68019,31.07034
slice_32_img_184.npy,32,184,LE07_144039_20011013,80.83934,31.07063
slice_32_img_185.npy,32,185,LE07_144039_20011013,80.99849,31.07073
slice_32_img_186.npy,32,186,LE07_144039_20011013,81.15763,31.07064
slice_32_img_187.npy,32,187,LE07_144039_20011013,81.31678,31.07034
slice_32_img_188.npy,32,188,LE07_144039_20011013,81.47592,31.06985
slice_32_img_189.npy,32,189,LE07_144039_20011013,81.63506,31.06917
slice_32_img_190.npy,32,190,LE07_144039_20011013,81.79419,31.06829
slice_32_img_191.npy,32,191,LE07_144039_20011013,81.95332,31.06721
slice_32_img_192.npy,32,192,LE07_144039_20011013,82.11243,31.06594
slice_32_img_193.npy,32,193,LE07_144039_20011013,82.27153,31.06446
slice_32_img_194.npy,32,194,LE07_144039_20011013,82.43062,31.0628
slice_33_img_000.npy,33,0,LE07_152033_20060731,70.14259,38.04573
slice_33_img_001.npy,33,1,LE07_152033_20060731,70.31558,38.04392
slice_33_img_002.npy,33,2,LE07_152033_20060731,70.48855,38.04186
slice_33_img_003.npy,33,3,LE07_152033_20060731,70.6615,38.03954
slice_33_img_004.npy,33,4,LE07_152033_20060731,70.83443,38.03697
slice_33_img_005.npy,33,5,LE07_152033_20060731,71.00734,38.03414
slice_33_img_006.npy,33,6,LE07_152033_20060731,71.18022,38.03106
slice_33_img_007.npy,33,7,LE07_152033_20060731,71.35307,38.02773
slice_33_img_008.npy,33,8,LE07_152033_20060731,71.5259,38.02414
slice_33_img_009.npy,33,9,LE07_152033_20060731,71.69869,38.0203
slice_33_img_010.npy,33,10,LE07_152033_20060731,71.87145,38.0162
slice_33_img_011.npy,33,11,LE07_152033_20060731,72.04417,38.01185
slice_33_img_012.npy,33,12,LE07_152033_20060731,72.21685,38.00725
slice_33_img_013.npy,33,13,LE07_152033_20060731,72.3895,38.0024
slice_33_img_014.npy,33,14,LE07_152033_20060731,72.5621,37.99729
slice_33_img_015.npy,33,15,LE07_152033_20060731,70.14473,38.18253
slice_33_img_016.npy,33,16,LE07_152033_20060731,70.31804,38.18072
slice_33_img_017.npy,33,17,LE07_152033_20060731,70.49133,38.17864
slice_33_img_018.npy,33,18,LE07_152033_20060731,70.6646,38.17631
slice_33_img_019.npy,33,19,LE07_152033_20060731,70.83785,38.17373
slice_33_img_020.npy,33,20,LE07_152033_20060731,71.01108,38.17089
slice_33_img_021.npy,33,21,LE07_152033_20060731,71.18429,38.16779
slice_33_img_022.npy,33,22,LE07_152033_20060731,71.35746,38.16444
slice_33_img_023.npy,33,23,LE07_152033_20060731,71.53061,38.16084
slice_33_img_024.npy,33,24,LE07_152033_20060731,71.70372,38.15698
slice_33_img_025.npy,33,25,LE07_152033_20060731,71.8768,38.15286
slice_33_img_026.npy,33,26,LE07_152033_20060731,72.04984,38.14849
slice_33_img_027.npy,33,27,LE07_152033_20060731,72.22285,38.14387
slice_33_img_028.npy,33,28,LE07_152033_20060731,72.39581,38.13899
slice_33_img_029.npy,33,29,LE07_152033_20060731,72.56873,38.13386
slice_33_img_030.npy,33,30,LE07_152033_20060731,70.14688,38.31934
slice_33_img_031.npy,33,31,LE07_152033_20060731,70.32051,38.31751
slice_33_img_032.npy,33,32,LE07_152033_20060731,70.49413,38.31543
slice_33_img_033.npy,33,33,LE07_152033_20060731,70.66772,38.31309
slice_33_img_034.npy,33,34,LE07_152033_20060731,70.8413,38.31049
slice_33_img_035.npy,33,35,LE07_152033_20060731,71.01485,38.30763
slice_33_img_036.npy,33,36,LE07_152033_20060731,71.18838,38.30452
slice_33_img_037.npy,33,37,LE07_152033_20060731,71.36188,38.30116
slice_33_img_038.npy,33,38,LE07_152033_20060731,71.53535,38.29753
slice_33_img_039.npy,33,39,LE07_152033_20060731,71.70879,38.29366
slice_33_img_040.npy,33,40,LE07_152033_20060731,71.88219,38.28952
slice_33_img_041.npy,33,41,LE07_152033_20060731,72.05556,38.28513
slice_33_img_042.npy,33,42,LE07_152033_20060731,72.22889,38.28048
slice_33_img_043.npy,33,43,LE07_152033_20060731,72.40217,38.27558
slice_33_img_044.npy,33,44,LE07_152033_20060731,72.57542,38.27042
slice_33_img_045.npy,33,45,LE07_152033_20060731,70.14904,38.45613
slice_33_img_046.npy,33,46,LE07_152033_20060731,70.323,38.4543
slice_33_img_047.npy,33,47,LE07_152033_20060731,70.49694,38.45221
slice_33_img_048.npy,33,48,LE07_152033_20060731,70.67087,38.44985
slice_33_img_049.npy,33,49,LE07_152033_20060731,70.84477,38.44724
slice_33_img_050.npy,33,50,LE07_152033_20060731,71.01865,38.44438
slice_33_img_051.npy,33,51,LE07_152033_20060731,71.19251,38.44125
slice_33_img_052.npy,33,52,LE07_152033_20060731,71.36633,38.43787
slice_33_img_053.npy,33,53,LE07_152033_20060731,71.54013,38.43423
slice_33_img_054.npy,33,54,LE07_152033_20060731,71.71389,38.43033
slice_33_img_055.npy,33,55,LE07_152033_20060731,71.88762,38.42617
slice_33_img_056.npy,33,56,LE07_152033_20060731,72.06131,38.42176
slice_33_img_057.npy,33,57,LE07_152033_20060731,72.23496,38.41709
slice_33_img_058.npy,33,58,LE07_152033_20060731,72.40857,38.41217
slice_33_img_059.npy,33,59,LE07_152033_20060731,72.58214,38.40698
slice_33_img_060.npy,33,60,LE07_152033_20060731,70.15122,38.59293
slice_33_img_061.npy,33,61,LE07_152033_20060731,70.32551,38.59109
slice_33_img_062.npy,33,62,LE07_152033_20060731,70.49978,38.58898
slice_33_img_063.npy,33,63,LE07_152033_20060731,70.67403,38.58662
slice_33_img_064.npy,33,64,LE07_152033_20060731,70.84827,38.584
slice_33_img_065.npy,33,65,LE07_152033_20060731,71.02247,38.58111
slice_33_img_066.npy,33,66,LE07_152033_20060731,71.19666,38.57797
slice_33_img_067.npy,33,67,LE07_152033_20060731,71.37081,38.57457
slice_33_img_068.npy,33,68,LE07_152033_20060731,71.54494,38.57092
slice_33_img_069.npy,33,69,LE07_152033_20060731,71.71903,38.567
slice_33_img_070.npy,33,70,LE07_152033_20060731,71.89308,38.56282
slice_33_img_071.npy,33,71,LE07_152033_20060731,72.0671,38.55839
slice_33_img_072.npy,33,72,LE07_152033_20060731,72.24108,38.5537
slice_33_img_073.npy,33,73,LE07_152033_20060731,72.41502,38.54875
slice_33_img_074.npy,33,74,LE07_152033_20060731,72.58891,38.54354
slice_33_img_075.npy,33,75,LE07_152033_20060731,70.15341,38.72972
slice_33_img_076.npy,33,76,LE07_152033_20060731,70.32803,38.72787
slice_33_img_077.npy,33,77,LE07_152033_20060731,70.50264,38.72575
slice_33_img_078.npy,33,78,LE07_152033_20060731,70.67722,38.72338
slice_33_img_079.npy,33,79,LE07_152033_20060731,70.85178,38.72074
slice_33_img_080.npy,33,80,LE07_152033_20060731,71.02632,38.71785
slice_33_img_081.npy,33,81,LE07_152033_20060731,71.20084,38.71469
slice_33_img_082.npy,33,82,LE07_152033_20060731,71.37532,38.71128
slice_33_img_083.npy,33,83,LE07_152033_20060731,71.54978,38.7076
slice_33_img_084.npy,33,84,LE07_152033_20060731,71.7242,38.70366
slice_33_img_085.npy,33,85,LE07_152033_20060731,71.89858,38.69947
slice_33_img_086.npy,33,86,LE07_152033_20060731,72.07293,38.69501
slice_33_img_087.npy,33,87,LE07_152033_20060731,72.24724,38.6903
slice_33_img_088.npy,33,88,LE07_152033_20060731,72.42151,38.68532
slice_33_img_089.npy,33,89,LE07_152033_20060731,72.59573,38.68009
slice_33_img_090.npy,33,90,LE07_152033_20060731,70.15562,38.86651
slice_33_img_091.npy,33,91,LE07_152033_20060731,70.33057,38.86465
slice_33_img_092.npy,33,92,LE07_152033_20060731,70.50551,38.86252
slice_33_img_093.npy,33,93,LE07_152033_20060731,70.68043,38.86014
slice_33_img_094.npy,33,94,LE07_152033_20060731,70.85533,38.85749
slice_33_img_095.npy,33,95,LE07_152033_20060731,71.0302,38.85458
slice_33_img_096.npy,33,96,LE07_152033_20060731,71.20505,38.85141
slice_33_img_097.npy,33,97,LE07_152033_20060731,71.37986,38.84798
slice_33_img_098.npy,33,98,LE07_152033_20060731,71.55465,38.84428
slice_33_img_099.npy,33,99,LE07_152033_20060731,71.72941,38.84033
slice_33_img_100.npy,33,100,LE07_152033_20060731,71.90412,38.83611
slice_33_img_101.npy,33,101,LE07_152033_20060731,72.0788,38.83163
slice_33_img_102.npy,33,102,LE07_152033_20060731,72.25345,38.82689
slice_33_img_103.npy,33,103,LE07_152033_20060731,72.42804,38.8219
slice_33_img_104.npy,33,104,LE07_152033_20060731,72.6026,38.81664
slice_33_img_105.npy,33,105,LE07_152033_20060731,70.15784,39.0033
slice_33_img_106.npy,33,106,LE07_152033_20060731,70.33313,39.00142
slice_33_img_107.npy,33,107,LE07_152033_20060731,70.5084,38.99929
slice_33_img_108.npy,33,108,LE07_152033_20060731,70.68366,38.99689
slice_33_img_109.npy,33,109,LE07_152033_20060731,70.85889,38.99423
slice_33_img_110.npy,33,110,LE07_152033_20060731,71.0341,38.99131
slice_33_img_111.npy,33,111,LE07_152033_20060731,71.20928,38.98812
slice_33_img_112.npy,33,112,LE07_152033_20060731,71.38444,38.98467
slice_33_img_113.npy,33,113,LE07_152033_20060731,71.55956,38.98096
slice_33_img_114.npy,33,114,LE07_152033_20060731,71.73465,38.97698
slice_33_img_115.npy,33,115,LE07_152033_20060731,71.9097,38.97275
slice_33_img_116.npy,33,116,LE07_152033_20060731,72.08472,38.96825
slice_33_img_117.npy,33,117,LE07_152033_20060731,72.25969,38.96349
slice_33_img_118.npy,33,118,LE07_152033_20060731,72.43462,38.95846
slice_33_img_119.npy,33,119,LE07_152033_20060731,72.60951,38.95318
slice_33_img_120.npy,33,120,LE07_152033_20060731,70.16008,39.14008
slice_33_img_121.npy,33,121,LE07_152033_20060731,70.33571,39.1382
slice_33_img_122.npy,33,122,LE07_152033_20060731,70.51132,39.13605
slice_33_img_123.npy,33,123,LE07_152033_20060731,70.68691,39.13364
slice_33_img_124.npy,33,124,LE07_152033_20060731,70.86248,39.13097
slice_33_img_125.npy,33,125,LE07_152033_20060731,71.03803,39.12803
slice_33_img_126.npy,33,126,LE07_152033_20060731,71.21355,39.12483
slice_33_img_127.npy,33,127,LE07_152033_20060731,71.38904,39.12136
slice_33_img_128.npy,33,128,LE07_152033_20060731,71.5645,39.11763
slice_33_img_129.npy,33,129,LE07_152033_20060731,71.73993,39.11364
slice_33_img_130.npy,33,130,LE07_152033_20060731,71.91532,39.10938
slice_33_img_131.npy,33,131,LE07_152033_20060731,72.09067,39.10486
slice_33_img_132.npy,33,132,LE07_152033_20060731,72.26598,39.10008
slice_33_img_133.npy,33,133,LE07_152033_20060731,72.44125,39.09503
slice_33_img_134.npy,33,134,LE07_152033_20060731,72.61647,39.08972
slice_33_img_135.npy,33,135,LE07_152033_20060731,70.16233,39.27686
slice_33_img_136.npy,33,136,LE07_152033_20060731,70.3383,39.27497
slice_33_img_137.npy,33,137,LE07_152033_20060731,70.51425,39.27281
slice_33_img_138.npy,33,138,LE07_152033_20060731,70.69019,39.27039
slice_33_img_139.npy,33,139,LE07_152033_20060731,70.8661,39.2677
slice_33_img_140.npy,33,140,LE07_152033_20060731,71.04199,39.26475
slice_33_img_141.npy,33,141,LE07_152033_20060731,71.21785,39.26153
slice_33_img_142.npy,33,142,LE07_152033_20060731,71.39368,39.25805
slice_33_img_143.npy,33,143,LE07_152033_20060731,71.56947,39.2543
slice_33_img_144.npy,33,144,LE07_152033_20060731,71.74524,39.25029
slice_33_img_145.npy,33,145,LE07_152033_20060731,71.92097,39.24601
slice_33_img_146.npy,33,146,LE07_152033_20060731,72.09666,39.24147
slice_33_img_147.npy,33,147,LE07_152033_20060731,72.27231,39.23666
slice_33_img_148.npy,33,148,LE07_152033_20060731,72.44791,39.23159
slice_33_img_149.npy,33,149,LE07_152033_20060731,72.62347,39.22625
slice_33_img_150.npy,33,150,LE07_152033_20060731,70.1646,39.41363
slice_33_img_151.npy,33,151,LE07_152033_20060731,70.34091,39.41173
slice_33_img_152.npy,33,152,LE07_152033_20060731,70.51721,39.40957
slice_33_img_153.npy,33,153,LE07_152033_20060731,70.69348,39.40713
slice_33_img_154.npy,33,154,LE07_152033_20060731,70.86974,39.40443
slice_33_img_155.npy,33,155,LE07_152033_20060731,71.04597,39.40147
slice_33_img_156.npy,33,156,LE07_152033_20060731,71.22217,39.39823
slice_33_img_157.npy,33,157,LE07_152033_20060731,71.39834,39.39473
slice_33_img_158.npy,33,158,LE07_152033_20060731,71.57448,39.39097
slice_33_img_159.npy,33,159,LE07_152033_20060731,71.75059,39.38694
slice_33_img_160.npy,33,160,LE07_152033_20060731,71.92666,39.38264
slice_33_img_161.npy,33,161,LE07_152033_20060731,72.10269,39.37807
slice_33_img_162.npy,33,162,LE07_152033_20060731,72.27868,39.37324
slice_33_img_163.npy,33,163,LE07_152033_20060731,72.45463,39.36814
slice_33_img_164.npy,33,164,LE07_152033_20060731,72.63053,39.36278
slice_33_img_165.npy,33,165,LE07_152033_20060731,70.16688,39.5504
slice_33_img_166.npy,33,166,LE07_152033_20060731,70.34354,39.5485
slice_33_img_167.npy,33,167,LE07_152033_20060731,70.52018,39.54632
slice_33_img_168.npy,33,168,LE07_152033_20060731,70.6968,39.54387
slice_33_img_169.npy,33,169,LE07_152033_20060731,70.8734,39.54116
slice_33_img_170.npy,33,170,LE07_152033_20060731,71.04998,39.53818
slice_33_img_171.npy,33,171,LE07_152033_20060731,71.22652,39.53493
slice_33_img_172.npy,33,172,LE07_152033_20060731,71.40304,39.53141
slice_33_img_173.npy,33,173,LE07_152033_20060731,71.57953,39.52763
slice_33_img_174.npy,33,174,LE07_152033_20060731,71.75598,39.52358
slice_33_img_175.npy,33,175,LE07_152033_20060731,71.93239,39.51926
slice_33_img_176.npy,33,176,LE07_152033_20060731,72.10876,39.51467
slice_33_img_177.npy,33,177,LE07_152033_20060731,72.2851,39.50982
slice_33_img_178.npy,33,178,LE07_152033_20060731,72.46139,39.5047
slice_33_img_179.npy,33,179,LE07_152033_20060731,72.63763,39.49931
slice_33_img_180.npy,33,180,LE07_152033_20060731,70.16918,39.68717
slice_33_img_181.npy,33,181,LE07_152033_20060731,70.34619,39.68526
slice_33_img_182.npy,33,182,LE07_152033_20060731,70.52318,39.68307
slice_33_img_183.npy,33,183,LE07_152033_20060731,70.70015,39.68061
slice_33_img_184.npy,33,184,LE07_152033_20060731,70.87709,39.67789
slice_33_img_185.npy,33,185,LE07_152033_20060731,71.05401,39.67489
slice_33_img_186.npy,33,186,LE07_152033_20060731,71.23091,39.67163
slice_33_img_187.npy,33,187,LE07_152033_20060731,71.40777,39.66809
slice_33_img_188.npy,33,188,LE07_152033_20060731,71.5846,39.66429
slice_33_img_189.npy,33,189,LE07_152033_20060731,71.7614,39.66022
slice_33_img_190.npy,33,190,LE07_152033_20060731,71.93816,39.65588
slice_33_img_191.npy,33,191,LE07_152033_20060731,72.11488,39.65127
slice_33_img_192.npy,33,192,LE07_152033_20060731,72.29156,39.64639
slice_33_img_193.npy,33,193,LE07_152033_20060731,72.46819,39.64124
slice_33_img_194.npy,33,194,LE07_152033_20060731,72.64478,39.63583
slice_34_img_000.npy,34,0,LE07_138041_20071223,88.7459,26.57939
slice_34_img_001.npy,34,1,LE07_138041_20071223,88.89828,26.57744
slice_34_img_002.npy,34,2,LE07_138041_20071223,89.05064,26.57532
slice_34_img_003.npy,34,3,LE07_138041_20071223,89.20299,26.57305
slice_34_img_004.npy,34,4,LE07_138041_20071223,89.35531,26.57061
slice_34_img_005.npy,34,5,LE07_138041_20071223,89.50762,26.56801
slice_34_img_006.npy,34,6,LE07_138041_20071223,89.6599,26.56524
slice_34_img_007.npy,34,7,LE07_138041_20071223,89.81217,26.56232
slice_34_img_008.npy,34,8,LE07_138041_20071223,89.96441,26.55923
slice_34_img_009.npy,34,9,LE07_138041_20071223,90.11662,26.55598
slice_34_img_010.npy,34,10,LE07_138041_20071223,90.26881,26.55256
slice_34_img_011.npy,34,11,LE07_138041_20071223,90.42096,26.54899
slice_34_img_012.npy,34,12,LE07_138041_20071223,90.57309,26.54525
slice_34_img_013.npy,34,13,LE07_138041_20071223,90.72519,26.54135
slice_34_img_014.npy,34,14,LE07_138041_20071223,90.87726,26.53729
slice_34_img_015.npy,34,15,LE07_138041_20071223,88.74799,26.7164
slice_34_img_016.npy,34,16,LE07_138041_20071223,88.90055,26.71444
slice_34_img_017.npy,34,17,LE07_138041_20071223,89.05309,26.71232
slice_34_img_018.npy,34,18,LE07_138041_20071223,89.20562,26.71003
slice_34_img_019.npy,34,19,LE07_138041_20071223,89.35813,26.70757
slice_34_img_020.npy,34,20,LE07_138041_20071223,89.51061,26.70496
slice_34_img_021.npy,34,21,LE07_138041_20071223,89.66308,26.70218
slice_34_img_022.npy,34,22,LE07_138041_20071223,89.81552,26.69923
slice_34_img_023.npy,34,23,LE07_138041_20071223,89.96794,26.69613
slice_34_img_024.npy,34,24,LE07_138041_20071223,90.12034,26.69285
slice_34_img_025.npy,34,25,LE07_138041_20071223,90.2727,26.68942
slice_34_img_026.npy,34,26,LE07_138041_20071223,90.42504,26.68583
slice_34_img_027.npy,34,27,LE07_138041_20071223,90.57735,26.68207
slice_34_img_028.npy,34,28,LE07_138041_20071223,90.72963,26.67814
slice_34_img_029.npy,34,29,LE07_138041_20071223,90.88188,26.67406
slice_34_img_030.npy,34,30,LE07_138041_20071223,88.75009,26.85342
slice_34_img_031.npy,34,31,LE07_138041_20071223,88.90283,26.85144
slice_34_img_032.npy,34,32,LE07_138041_20071223,89.05556,26.8493
slice_34_img_033.npy,34,33,LE07_138041_20071223,89.20827,26.847
slice_34_img_034.npy,34,34,LE07_138041_20071223,89.36096,26.84453
slice_34_img_035.npy,34,35,LE07_138041_20071223,89.51363,26.8419
slice_34_img_036.npy,34,36,LE07_138041_20071223,89.66628,26.83911
slice_34_img_037.npy,34,37,LE07_138041_20071223,89.8189,26.83614
slice_34_img_038.npy,34,38,LE07_138041_20071223,89.97151,26.83302
slice_34_img_039.npy,34,39,LE07_138041_20071223,90.12408,26.82973
slice_34_img_040.npy,34,40,LE07_138041_20071223,90.27663,26.82628
slice_34_img_041.npy,34,41,LE07_138041_20071223,90.42915,26.82266
slice_34_img_042.npy,34,42,LE07_138041_20071223,90.58164,26.81888
slice_34_img_043.npy,34,43,LE07_138041_20071223,90.73411,26.81493
slice_34_img_044.npy,34,44,LE07_138041_20071223,90.88654,26.81082
slice_34_img_045.npy,34,45,LE07_138041_20071223,88.7522,26.99043
slice_34_img_046.npy,34,46,LE07_138041_20071223,88.90513,26.98844
slice_34_img_047.npy,34,47,LE07_138041_20071223,89.05804,26.98629
slice_34_img_048.npy,34,48,LE07_138041_20071223,89.21094,26.98397
slice_34_img_049.npy,34,49,LE07_138041_20071223,89.36381,26.98149
slice_34_img_050.npy,34,50,LE07_138041_20071223,89.51667,26.97884
slice_34_img_051.npy,34,51,LE07_138041_20071223,89.6695,26.97603
slice_34_img_052.npy,34,52,LE07_138041_20071223,89.82231,26.97305
slice_34_img_053.npy,34,53,LE07_138041_20071223,89.97509,26.96991
slice_34_img_054.npy,34,54,LE07_138041_20071223,90.12785,26.9666
slice_34_img_055.npy,34,55,LE07_138041_20071223,90.28059,26.96313
slice_34_img_056.npy,34,56,LE07_138041_20071223,90.43329,26.95949
slice_34_img_057.npy,34,57,LE07_138041_20071223,90.58597,26.95568
slice_34_img_058.npy,34,58,LE07_138041_20071223,90.73861,26.95171
slice_34_img_059.npy,34,59,LE07_138041_20071223,90.89122,26.94758
slice_34_img_060.npy,34,60,LE07_138041_20071223,88.75433,27.12744
slice_34_img_061.npy,34,61,LE07_138041_20071223,88.90745,27.12544
slice_34_img_062.npy,34,62,LE07_138041_20071223,89.06055,27.12328
slice_34_img_063.npy,34,63,LE07_138041_20071223,89.21362,27.12095
slice_34_img_064.npy,34,64,LE07_138041_20071223,89.36668,27.11845
slice_34_img_065.npy,34,65,LE07_138041_20071223,89.51972,27.11578
slice_34_img_066.npy,34,66,LE07_138041_20071223,89.67274,27.11295
slice_34_img_067.npy,34,67,LE07_138041_20071223,89.82574,27.10996
slice_34_img_068.npy,34,68,LE07_138041_20071223,89.97871,27.1068
slice_34_img_069.npy,34,69,LE07_138041_20071223,90.13165,27.10347
slice_34_img_070.npy,34,70,LE07_138041_20071223,90.28457,27.09997
slice_34_img_071.npy,34,71,LE07_138041_20071223,90.43746,27.09631
slice_34_img_072.npy,34,72,LE07_138041_20071223,90.59032,27.09249
slice_34_img_073.npy,34,73,LE07_138041_20071223,90.74315,27.08849
slice_34_img_074.npy,34,74,LE07_138041_20071223,90.89594,27.08434
slice_34_img_075.npy,34,75,LE07_138041_20071223,88.75648,27.26444
slice_34_img_076.npy,34,76,LE07_138041_20071223,88.90978,27.26243
slice_34_img_077.npy,34,77,LE07_138041_20071223,89.06307,27.26026
slice_34_img_078.npy,34,78,LE07_138041_20071223,89.21633,27.25791
slice_34_img_079.npy,34,79,LE07_138041_20071223,89.36958,27.2554
slice_34_img_080.npy,34,80,LE07_138041_20071223,89.5228,27.25272
slice_34_img_081.npy,34,81,LE07_138041_20071223,89.67601,27.24988
slice_34_img_082.npy,34,82,LE07_138041_20071223,89.82919,27.24686
slice_34_img_083.npy,34,83,LE07_138041_20071223,89.98235,27.24368
slice_34_img_084.npy,34,84,LE07_138041_20071223,90.13548,27.24033
slice_34_img_085.npy,34,85,LE07_138041_20071223,90.28858,27.23682
slice_34_img_086.npy,34,86,LE07_138041_20071223,90.44166,27.23314
slice_34_img_087.npy,34,87,LE07_138041_20071223,90.5947,27.22929
slice_34_img_088.npy,34,88,LE07_138041_20071223,90.74772,27.22527
slice_34_img_089.npy,34,89,LE07_138041_20071223,90.9007,27.22109
slice_34_img_090.npy,34,90,LE07_138041_20071223,88.75864,27.40144
slice_34_img_091.npy,34,91,LE07_138041_20071223,88.91213,27.39942
slice_34_img_092.npy,34,92,LE07_138041_20071223,89.0656,27.39723
slice_34_img_093.npy,34,93,LE07_138041_20071223,89.21906,27.39488
slice_34_img_094.npy,34,94,LE07_138041_20071223,89.37249,27.39235
slice_34_img_095.npy,34,95,LE07_138041_20071223,89.52591,27.38966
slice_34_img_096.npy,34,96,LE07_138041_20071223,89.6793,27.38679
slice_34_img_097.npy,34,97,LE07_138041_20071223,89.83267,27.38376
slice_34_img_098.npy,34,98,LE07_138041_20071223,89.98601,27.38056
slice_34_img_099.npy,34,99,LE07_138041_20071223,90.13933,27.37719
slice_34_img_100.npy,34,100,LE07_138041_20071223,90.29262,27.37366
slice_34_img_101.npy,34,101,LE07_138041_20071223,90.44588,27.36995
slice_34_img_102.npy,34,102,LE07_138041_20071223,90.59912,27.36608
slice_34_img_103.npy,34,103,LE07_138041_20071223,90.75232,27.36204
slice_34_img_104.npy,34,104,LE07_138041_20071223,90.90549,27.35784
slice_34_img_105.npy,34,105,LE07_138041_20071223,88.76082,27.53844
slice_34_img_106.npy,34,106,LE07_138041_20071223,88.9145,27.53641
slice_34_img_107.npy,34,107,LE07_138041_20071223,89.06816,27.53421
slice_34_img_108.npy,34,108,LE07_138041_20071223,89.2218,27.53184
slice_34_img_109.npy,34,109,LE07_138041_20071223,89.37543,27.5293
slice_34_img_110.npy,34,110,LE07_138041_20071223,89.52903,27.52659
slice_34_img_111.npy,34,111,LE07_138041_20071223,89.68261,27.52371
slice_34_img_112.npy,34,112,LE07_138041_20071223,89.83617,27.52066
slice_34_img_113.npy,34,113,LE07_138041_20071223,89.9897,27.51744
slice_34_img_114.npy,34,114,LE07_138041_20071223,90.14321,27.51405
slice_34_img_115.npy,34,115,LE07_138041_20071223,90.29669,27.5105
slice_34_img_116.npy,34,116,LE07_138041_20071223,90.45014,27.50677
slice_34_img_117.npy,34,117,LE07_138041_20071223,90.60356,27.50288
slice_34_img_118.npy,34,118,LE07_138041_20071223,90.75695,27.49881
slice_34_img_119.npy,34,119,LE07_138041_20071223,90.91031,27.49458
slice_34_img_120.npy,34,120,LE07_138041_20071223,88.76301,27.67544
slice_34_img_121.npy,34,121,LE07_138041_20071223,88.91688,27.6734
slice_34_img_122.npy,34,122,LE07_138041_20071223,89.07073,27.67118
slice_34_img_123.npy,34,123,LE07_138041_20071223,89.22457,27.6688
slice_34_img_124.npy,34,124,LE07_138041_20071223,89.37838,27.66624
slice_34_img_125.npy,34,125,LE07_138041_20071223,89.53218,27.66351
slice_34_img_126.npy,34,126,LE07_138041_20071223,89.68595,27.66062
slice_34_img_127.npy,34,127,LE07_138041_20071223,89.8397,27.65755
slice_34_img_128.npy,34,128,LE07_138041_20071223,89.99342,27.65431
slice_34_img_129.npy,34,129,LE07_138041_20071223,90.14712,27.65091
slice_34_img_130.npy,34,130,LE07_138041_20071223,90.30079,27.64733
slice_34_img_131.npy,34,131,LE07_138041_20071223,90.45443,27.64358
slice_34_img_132.npy,34,132,LE07_138041_20071223,90.60804,27.63967
slice_34_img_133.npy,34,133,LE07_138041_20071223,90.76162,27.63558
slice_34_img_134.npy,34,134,LE07_138041_20071223,90.91516,27.63133
slice_34_img_135.npy,34,135,LE07_138041_20071223,88.76522,27.81243
slice_34_img_136.npy,34,136,LE07_138041_20071223,88.91928,27.81038
slice_34_img_137.npy,34,137,LE07_138041_20071223,89.07333,27.80815
slice_34_img_138.npy,34,138,LE07_138041_20071223,89.22735,27.80575
slice_34_img_139.npy,34,139,LE07_138041_20071223,89.38136,27.80318
slice_34_img_140.npy,34,140,LE07_138041_20071223,89.53535,27.80044
slice_34_img_141.npy,34,141,LE07_138041_20071223,89.68931,27.79753
slice_34_img_142.npy,34,142,LE07_138041_20071223,89.84325,27.79444
slice_34_img_143.npy,34,143,LE07_138041_20071223,89.99717,27.79119
slice_34_img_144.npy,34,144,LE07_138041_20071223,90.15105,27.78776
slice_34_img_145.npy,34,145,LE07_138041_20071223,90.30492,27.78416
slice_34_img_146.npy,34,146,LE07_138041_20071223,90.45875,27.78039
slice_34_img_147.npy,34,147,LE07_138041_20071223,90.61255,27.77645
slice_34_img_148.npy,34,148,LE07_138041_20071223,90.76632,27.77234
slice_34_img_149.npy,34,149,LE07_138041_20071223,90.92005,27.76806
slice_34_img_150.npy,34,150,LE07_138041_20071223,88.76744,27.94943
slice_34_img_151.npy,34,151,LE07_138041_20071223,88.9217,27.94736
slice_34_img_152.npy,34,152,LE07_138041_20071223,89.07594,27.94512
slice_34_img_153.npy,34,153,LE07_138041_20071223,89.23016,27.9427
slice_34_img_154.npy,34,154,LE07_138041_20071223,89.38436,27.94012
slice_34_img_155.npy,34,155,LE07_138041_20071223,89.53854,27.93736
slice_34_img_156.npy,34,156,LE07_138041_20071223,89.69269,27.93443
slice_34_img_157.npy,34,157,LE07_138041_20071223,89.84683,27.93133
slice_34_img_158.npy,34,158,LE07_138041_20071223,90.00094,27.92805
slice_34_img_159.npy,34,159,LE07_138041_20071223,90.15502,27.92461
slice_34_img_160.npy,34,160,LE07_138041_20071223,90.30907,27.92099
slice_34_img_161.npy,34,161,LE07_138041_20071223,90.4631,27.9172
slice_34_img_162.npy,34,162,LE07_138041_20071223,90.61709,27.91324
slice_34_img_163.npy,34,163,LE07_138041_20071223,90.77105,27.9091
slice_34_img_164.npy,34,164,LE07_138041_20071223,90.92498,27.9048
slice_34_img_165.npy,34,165,LE07_138041_20071223,88.76968,28.08641
slice_34_img_166.npy,34,166,LE07_138041_20071223,88.92413,28.08433
slice_34_img_167.npy,34,167,LE07_138041_20071223,89.07857,28.08208
slice_34_img_168.npy,34,168,LE07_138041_20071223,89.23298,28.07965
slice_34_img_169.npy,34,169,LE07_138041_20071223,89.38738,28.07705
slice_34_img_170.npy,34,170,LE07_138041_20071223,89.54175,28.07428
slice_34_img_171.npy,34,171,LE07_138041_20071223,89.6961,28.07133
slice_34_img_172.npy,34,172,LE07_138041_20071223,89.85043,28.06821
slice_34_img_173.npy,34,173,LE07_138041_20071223,90.00473,28.06492
slice_34_img_174.npy,34,174,LE07_138041_20071223,90.15901,28.06145
slice_34_img_175.npy,34,175,LE07_138041_20071223,90.31326,28.05781
slice_34_img_176.npy,34,176,LE07_138041_20071223,90.46747,28.054
slice_34_img_177.npy,34,177,LE07_138041_20071223,90.62166,28.05002
slice_34_img_178.npy,34,178,LE07_138041_20071223,90.77582,28.04586
slice_34_img_179.npy,34,179,LE07_138041_20071223,90.92994,28.04153
slice_34_img_180.npy,34,180,LE07_138041_20071223,88.77194,28.2234
slice_34_img_181.npy,34,181,LE07_138041_20071223,88.92658,28.22131
slice_34_img_182.npy,34,182,LE07_138041_20071223,89.08121,28.21904
slice_34_img_183.npy,34,183,LE07_138041_20071223,89.23583,28.2166
slice_34_img_184.npy,34,184,LE07_138041_20071223,89.39042,28.21399
slice_34_img_185.npy,34,185,LE07_138041_20071223,89.54499,28.2112
slice_34_img_186.npy,34,186,LE07_138041_20071223,89.69954,28.20823
slice_34_img_187.npy,34,187,LE07_138041_20071223,89.85406,28.20509
slice_34_img_188.npy,34,188,LE07_138041_20071223,90.00856,28.20178
slice_34_img_189.npy,34,189,LE07_138041_20071223,90.16303,28.1983
slice_34_img_190.npy,34,190,LE07_138041_20071223,90.31747,28.19464
slice_34_img_191.npy,34,191,LE07_138041_20071223,90.47188,28.1908
slice_34_img_192.npy,34,192,LE07_138041_20071223,90.62627,28.18679
slice_34_img_193.npy,34,193,LE07_138041_20071223,90.78062,28.18261
slice_34_img_194.npy,34,194,LE07_138041_20071223,90.93493,28.17826
