img,zone,slice,scene,lon,lat,glacier_px,debris_px,finite_frac_ch0,finite_frac_ch13
slice_0_img_003.npy,test,0,LE07_149037_20041024,73.71873,32.27984,0,0,0.8711,1.0
slice_0_img_004.npy,test,0,LE07_149037_20041024,73.87992,32.28137,0,0,0.6946,1.0
slice_0_img_009.npy,invalid,0,LE07_149037_20041024,74.686,32.28595,0,0,0.0,1.0
slice_0_img_015.npy,invalid,0,LE07_149037_20041024,73.23259,32.41091,0,0,0.0,1.0
slice_0_img_016.npy,invalid,0,LE07_149037_20041024,73.39398,32.41307,0,0,0.0,1.0
slice_0_img_020.npy,test,0,LE07_149037_20041024,74.03967,32.41964,0,0,1.0,1.0
slice_0_img_022.npy,test,0,LE07_149037_20041024,74.36259,32.42169,319,0,1.0,1.0
slice_0_img_023.npy,test,0,LE07_149037_20041024,74.52405,32.4224,17,0,0.9689,1.0
slice_0_img_031.npy,invalid,0,LE07_149037_20041024,73.39154,32.54997,0,0,0.0,1.0
slice_0_img_034.npy,test,0,LE07_149037_20041024,73.87653,32.55524,0,0,1.0,1.0
slice_0_img_037.npy,test,0,LE07_149037_20041024,74.36162,32.55864,43,0,1.0,1.0
slice_0_img_038.npy,test,0,LE07_149037_20041024,74.52333,32.55936,2130,482,1.0,1.0
slice_0_img_041.npy,train,0,LE07_149037_20041024,75.00849,32.56026,0,0,1.0,1.0
slice_0_img_043.npy,train,0,LE07_149037_20041024,75.33193,32.55982,0,0,1.0,1.0
slice_0_img_053.npy,test,0,LE07_149037_20041024,74.52261,32.69631,3397,0,1.0,1.0
slice_0_img_056.npy,train,0,LE07_149037_20041024,75.0085,32.69722,0,0,1.0,1.0
slice_0_img_063.npy,test,0,LE07_149037_20041024,73.71092,32.82753,0,0,1.0,1.0
slice_0_img_066.npy,test,0,LE07_149037_20041024,74.19747,32.8316,0,0,1.0,1.0
slice_0_img_067.npy,test,0,LE07_149037_20041024,74.35967,32.83253,0,0,1.0,1.0
slice_0_img_068.npy,test,0,LE07_149037_20041024,74.52187,32.83326,198,0,1.0,1.0
slice_0_img_069.npy,dropped_straddler,0,LE07_149037_20041024,74.68409,32.83377,5722,0,1.0,1.0
slice_0_img_070.npy,buffer_removed,0,LE07_149037_20041024,74.8463,32.83408,8152,969,1.0,1.0
slice_0_img_073.npy,train,0,LE07_149037_20041024,75.33295,32.83373,0,0,1.0,1.0
slice_0_img_076.npy,test,0,LE07_149037_20041024,73.38414,32.96067,0,0,0.4796,1.0
slice_0_img_077.npy,test,0,LE07_149037_20041024,73.54653,32.96267,0,0,1.0,1.0
slice_0_img_078.npy,test,0,LE07_149037_20041024,73.70894,32.96445,0,0,1.0,1.0
slice_0_img_081.npy,test,0,LE07_149037_20041024,74.19623,32.96854,0,0,1.0,1.0
slice_0_img_082.npy,test,0,LE07_149037_20041024,74.35868,32.96948,0,0,1.0,1.0
slice_0_img_085.npy,buffer_removed,0,LE07_149037_20041024,74.84606,32.97103,225,0,1.0,1.0
slice_0_img_087.npy,train,0,LE07_149037_20041024,75.171,32.97101,0,0,1.0,1.0
slice_0_img_091.npy,test,0,LE07_149037_20041024,73.38164,33.09756,0,0,0.7135,1.0
slice_0_img_094.npy,test,0,LE07_149037_20041024,73.86961,33.10294,0,0,1.0,1.0
slice_0_img_104.npy,invalid,0,LE07_149037_20041024,75.49669,33.10708,0,0,0.1827,1.0
slice_0_img_106.npy,test,0,LE07_149037_20041024,73.37912,33.23445,0,0,0.9357,1.0
slice_0_img_111.npy,test,0,LE07_149037_20041024,74.19373,33.2424,0,0,1.0,1.0
slice_0_img_112.npy,test,0,LE07_149037_20041024,74.35669,33.24335,0,0,1.0,1.0
slice_0_img_114.npy,dropped_straddler,0,LE07_149037_20041024,74.68262,33.24461,0,0,1.0,1.0
slice_0_img_116.npy,train,0,LE07_149037_20041024,75.00856,33.24502,0,0,1.0,1.0
slice_0_img_126.npy,test,0,LE07_149037_20041024,74.19247,33.37933,0,0,1.0,1.0
slice_0_img_128.npy,test,0,LE07_149037_20041024,74.5189,33.38102,0,0,1.0,1.0
slice_0_img_131.npy,train,0,LE07_149037_20041024,75.00857,33.38196,0,0,1.0,1.0
slice_0_img_136.npy,test,0,LE07_149037_20041024,73.37403,33.50822,0,0,1.0,1.0
slice_0_img_137.npy,test,0,LE07_149037_20041024,73.53744,33.51026,0,0,1.0,1.0
slice_0_img_139.npy,test,0,LE07_149037_20041024,73.8643,33.51369,0,0,1.0,1.0
slice_0_img_147.npy,train,0,LE07_149037_20041024,75.17207,33.51878,0,0,1.0,1.0
slice_0_img_152.npy,test,0,LE07_149037_20041024,73.53513,33.64715,0,0,1.0,1.0
slice_0_img_157.npy,test,0,LE07_149037_20041024,74.35365,33.65414,0,0,1.0,1.0
slice_0_img_164.npy,invalid,0,LE07_149037_20041024,75.49982,33.65482,0,0,0.0,1.0
slice_0_img_172.npy,test,0,LE07_149037_20041024,74.35262,33.79107,0,0,1.0,1.0
slice_0_img_174.npy,dropped_straddler,0,LE07_149037_20041024,74.68061,33.79235,0,0,1.0,1.0
slice_0_img_187.npy,test,0,LE07_149037_20041024,74.35159,33.92799,0,0,1.0,1.0
slice_0_img_189.npy,dropped_straddler,0,LE07_149037_20041024,74.6801,33.92928,0,0,1.0,1.0
slice_0_img_200.npy,invalid,0,LE07_149037_20041024,74.02153,34.06272,0,0,0.0,1.0
slice_0_img_202.npy,invalid,0,LE07_149037_20041024,74.35055,34.0649,0,0,0.1588,1.0
slice_0_img_204.npy,dropped_straddler,0,LE07_149037_20041024,74.67959,34.0662,0,0,0.5135,1.0
slice_0_img_206.npy,train,0,LE07_149037_20041024,75.00864,34.06662,0,0,0.8682,1.0
slice_10_img_000.npy,invalid,10,LE07_151034_20050822,71.30966,36.5382,0,0,0.0,0.294
slice_10_img_001.npy,invalid,10,LE07_151034_20050822,71.47894,36.54332,0,0,0.0,0.0
slice_10_img_007.npy,invalid,10,LE07_151034_20050822,72.49541,36.56903,0,0,0.0,0.0
slice_10_img_011.npy,invalid,10,LE07_151034_20050822,73.17368,36.58136,0,0,0.0,0.0
slice_10_img_021.npy,invalid,10,LE07_151034_20050822,72.32118,36.70206,0,0,0.0,0.0
slice_10_img_024.npy,invalid,10,LE07_151034_20050822,72.83066,36.71244,0,0,0.0,0.0
slice_10_img_031.npy,invalid,10,LE07_151034_20050822,71.46645,36.81653,0,0,0.0,0.0576
slice_10_img_032.npy,invalid,10,LE07_151034_20050822,71.63636,36.82147,0,0,0.0,0.0
slice_10_img_039.npy,invalid,10,LE07_151034_20050822,72.8268,36.84921,0,0,0.0,0.0
slice_10_img_048.npy,invalid,10,LE07_151034_20050822,71.80062,36.9628,0,0,0.0,0.0
slice_10_img_051.npy,invalid,10,LE07_151034_20050822,72.31162,36.97549,0,0,0.0,0.0
slice_10_img_058.npy,invalid,10,LE07_151034_20050822,73.505,36.99652,0,0,0.0,0.0
slice_10_img_060.npy,invalid,10,LE07_151034_20050822,71.28331,37.0845,0,0,0.0,1.0
slice_10_img_061.npy,invalid,10,LE07_151034_20050822,71.45379,37.08973,262,0,0.0531,1.0
slice_10_img_062.npy,train,10,LE07_151034_20050822,71.62431,37.09471,3398,0,0.3846,0.4153
slice_10_img_063.npy,invalid,10,LE07_151034_20050822,71.79488,37.09945,0,0,0.0,0.0
slice_10_img_065.npy,invalid,10,LE07_151034_20050822,72.13612,37.10819,0,0,0.0,0.0
slice_10_img_070.npy,invalid,10,LE07_151034_20050822,72.9898,37.12575,0,0,0.0,0.0
slice_10_img_076.npy,invalid,10,LE07_151034_20050822,71.44739,37.22632,703,0,0.292,0.9983
slice_10_img_079.npy,invalid,10,LE07_151034_20050822,71.96,37.2406,0,0,0.0,0.0
slice_10_img_085.npy,invalid,10,LE07_151034_20050822,72.98617,37.26252,0,0,0.0,0.0
slice_10_img_086.npy,invalid,10,LE07_151034_20050822,73.15729,37.2653,0,0,0.0,0.0
slice_10_img_089.npy,invalid,10,LE07_151034_20050822,73.67079,37.27218,0,0,0.0,0.0
slice_10_img_091.npy,train,10,LE07_151034_20050822,71.44096,37.3629,263,0,0.4583,0.9022
slice_10_img_101.npy,invalid,10,LE07_151034_20050822,73.15395,37.40208,0,0,0.0,0.0
slice_10_img_102.npy,invalid,10,LE07_151034_20050822,73.3254,37.40464,0,0,0.0,0.0
slice_10_img_104.npy,invalid,10,LE07_151034_20050822,73.66838,37.409,0,0,0.0,0.0
slice_10_img_113.npy,invalid,10,LE07_151034_20050822,72.63541,37.52966,0,0,0.0,0.0
slice_10_img_114.npy,invalid,10,LE07_151034_20050822,72.80711,37.53298,0,0,0.0,0.0
slice_10_img_117.npy,test,10,LE07_151034_20050822,73.32235,37.54142,0,0,0.5306,0.5306
slice_10_img_119.npy,invalid,10,LE07_151034_20050822,73.66595,37.54581,0,0,0.0307,0.3278
slice_10_img_120.npy,invalid,10,LE07_151034_20050822,71.25624,37.63074,493,0,0.0941,1.0
slice_10_img_121.npy,train,10,LE07_151034_20050822,71.42795,37.63607,776,0,0.6929,0.7007
slice_10_img_122.npy,invalid,10,LE07_151034_20050822,71.59971,37.64115,0,0,0.0,0.0
slice_10_img_128.npy,invalid,10,LE07_151034_20050822,72.63108,37.66639,0,0,0.0,0.0
slice_10_img_131.npy,test,10,LE07_151034_20050822,73.14719,37.67563,640,0,0.9031,0.9031
slice_10_img_132.npy,test,10,LE07_151034_20050822,73.31927,37.67821,12209,0,1.0,1.0
slice_10_img_133.npy,test,10,LE07_151034_20050822,73.49138,37.68054,27291,276,0.8638,1.0
slice_10_img_135.npy,train,10,LE07_151034_20050822,71.24935,37.76728,388,0,0.355,1.0
slice_10_img_144.npy,buffer_removed,10,LE07_151034_20050822,72.79904,37.80646,4307,79,0.8389,0.8389
slice_10_img_145.npy,dropped_straddler,10,LE07_151034_20050822,72.97139,37.80956,7555,0,1.0,1.0
slice_10_img_146.npy,test,10,LE07_151034_20050822,73.14377,37.8124,65247,1073,1.0,1.0
slice_10_img_147.npy,test,10,LE07_151034_20050822,73.31618,37.81499,99294,446,1.0,1.0
slice_10_img_148.npy,test,10,LE07_151034_20050822,73.4886,37.81733,37281,2272,0.6017,1.0
slice_10_img_150.npy,train,10,LE07_151034_20050822,71.24242,37.90383,1344,47,0.6237,1.0
slice_10_img_151.npy,train,10,LE07_151034_20050822,71.41477,37.90921,531,0,0.4697,0.4697
slice_10_img_154.npy,invalid,10,LE07_151034_20050822,71.93207,37.92385,0,0,0.0,0.0
slice_10_img_158.npy,train,10,LE07_151034_20050822,72.62232,37.93983,0,0,0.6255,0.6255
slice_10_img_159.npy,buffer_removed,10,LE07_151034_20050822,72.79497,37.9432,8161,1676,1.0,1.0
slice_10_img_160.npy,dropped_straddler,10,LE07_151034_20050822,72.96764,37.94631,19800,376,1.0,1.0
slice_10_img_161.npy,test,10,LE07_151034_20050822,73.14034,37.94916,74458,1001,1.0,1.0
slice_10_img_162.npy,test,10,LE07_151034_20050822,73.31306,37.95177,26162,745,1.0,1.0
slice_10_img_163.npy,test,10,LE07_151034_20050822,73.4858,37.95412,2318,0,0.3428,1.0
slice_10_img_165.npy,train,10,LE07_151034_20050822,71.23545,38.04037,11891,3304,0.7057,1.0
slice_10_img_166.npy,train,10,LE07_151034_20050822,71.40811,38.04578,10184,260,0.7758,0.7889
slice_10_img_167.npy,invalid,10,LE07_151034_20050822,71.58082,38.05093,0,0,0.0,0.0
slice_10_img_169.npy,invalid,10,LE07_151034_20050822,71.92636,38.06049,0,0,0.0174,0.0174
slice_10_img_171.npy,train,10,LE07_151034_20050822,72.27206,38.06903,13647,3399,0.9984,0.9984
slice_10_img_172.npy,train,10,LE07_151034_20050822,72.44497,38.07291,66770,6782,1.0,1.0
slice_10_img_173.npy,train,10,LE07_151034_20050822,72.6179,38.07655,81849,10606,1.0,1.0
slice_10_img_174.npy,buffer_removed,10,LE07_151034_20050822,72.79087,38.07993,74844,756,1.0,1.0
slice_10_img_175.npy,dropped_straddler,10,LE07_151034_20050822,72.96386,38.08305,53447,5699,1.0,1.0
slice_10_img_176.npy,test,10,LE07_151034_20050822,73.13688,38.08593,37983,1150,1.0,1.0
slice_10_img_177.npy,test,10,LE07_151034_20050822,73.30992,38.08854,13592,1816,0.9934,1.0
slice_10_img_178.npy,invalid,10,LE07_151034_20050822,73.48298,38.09091,0,0,0.0906,1.0
slice_10_img_183.npy,invalid,10,LE07_151034_20050822,71.74751,38.19245,0,0,0.0001,0.1937
slice_10_img_184.npy,train,10,LE07_151034_20050822,71.92062,38.19712,700,145,0.4416,0.7812
slice_10_img_185.npy,train,10,LE07_151034_20050822,72.09378,38.20154,40481,5804,0.8665,1.0
slice_10_img_186.npy,train,10,LE07_151034_20050822,72.26697,38.2057,110607,10265,0.9976,1.0
slice_10_img_187.npy,train,10,LE07_151034_20050822,72.44019,38.20961,99977,6105,1.0,1.0
slice_10_img_188.npy,train,10,LE07_151034_20050822,72.61345,38.21326,31650,4873,1.0,1.0
slice_10_img_189.npy,buffer_removed,10,LE07_151034_20050822,72.78674,38.21666,28743,3916,1.0,1.0
slice_10_img_190.npy,dropped_straddler,10,LE07_151034_20050822,72.96005,38.2198,24623,4333,1.0,1.0
slice_10_img_191.npy,test,10,LE07_151034_20050822,73.13339,38.22268,69184,1986,1.0,1.0
slice_10_img_192.npy,test,10,LE07_151034_20050822,73.30676,38.22531,78403,1965,0.8015,1.0
slice_10_img_195.npy,invalid,10,LE07_151034_20050822,71.22135,38.31343,0,0,0.0,1.0
slice_10_img_201.npy,invalid,10,LE07_151034_20050822,72.26184,38.34237,3709,0,0.0851,1.0
slice_10_img_202.npy,invalid,10,LE07_151034_20050822,72.43539,38.3463,10834,0,0.2892,1.0
slice_10_img_203.npy,train,10,LE07_151034_20050822,72.60897,38.34997,6947,0,0.4939,1.0
slice_10_img_204.npy,buffer_removed,10,LE07_151034_20050822,72.78258,38.35338,20564,669,0.6984,1.0
slice_10_img_205.npy,dropped_straddler,10,LE07_151034_20050822,72.95622,38.35654,50888,6209,0.9033,1.0
slice_10_img_206.npy,test,10,LE07_151034_20050822,73.12989,38.35944,62587,10115,1.0,1.0
slice_10_img_207.npy,test,10,LE07_151034_20050822,73.30358,38.36208,18757,438,0.5389,1.0
slice_10_img_208.npy,invalid,10,LE07_151034_20050822,73.47729,38.36447,0,0,0.0,1.0
slice_10_img_209.npy,invalid,10,LE07_151034_20050822,73.65102,38.3666,0,0,0.0,1.0
slice_11_img_001.npy,invalid,11,LE07_139041_20051208,87.38102,26.56276,0,0,0.0,0.0
slice_11_img_003.npy,invalid,11,LE07_139041_20051208,87.68587,26.56162,0,0,0.0,0.0
slice_11_img_007.npy,invalid,11,LE07_139041_20051208,88.2955,26.55738,0,0,0.0,0.0
slice_11_img_008.npy,invalid,11,LE07_139041_20051208,88.44789,26.55592,0,0,0.0,0.0
slice_11_img_010.npy,invalid,11,LE07_139041_20051208,88.75262,26.55249,0,0,0.0,0.0
slice_11_img_026.npy,invalid,11,LE07_139041_20051208,88.90723,26.68754,0,0,0.0,0.0
slice_11_img_028.npy,invalid,11,LE07_139041_20051208,89.21223,26.68312,0,0,0.0,0.0
slice_11_img_031.npy,invalid,11,LE07_139041_20051208,87.38193,26.83692,0,0,0.0,0.0
slice_11_img_033.npy,invalid,11,LE07_139041_20051208,87.68752,26.83576,0,0,0.0,0.0
slice_11_img_034.npy,invalid,11,LE07_139041_20051208,87.8403,26.83494,0,0,0.0,0.0
slice_11_img_036.npy,invalid,11,LE07_139041_20051208,88.14585,26.83279,0,0,0.0,0.0
slice_11_img_037.npy,invalid,11,LE07_139041_20051208,88.29861,26.83147,1197,0,0.0404,0.0404
slice_11_img_038.npy,east,11,LE07_139041_20051208,88.45136,26.82999,12226,0,0.4337,0.4337
slice_11_img_039.npy,east,11,LE07_139041_20051208,88.60409,26.82834,20320,557,0.8414,0.8414
slice_11_img_040.npy,east,11,LE07_139041_20051208,88.75681,26.82652,7928,89,0.4084,0.4084
slice_11_img_046.npy,invalid,11,LE07_139041_20051208,87.38239,26.97399,0,0,0.0,0.0312
slice_11_img_049.npy,east,11,LE07_139041_20051208,87.84132,26.972,17119,4260,0.3733,0.3733
slice_11_img_050.npy,east,11,LE07_139041_20051208,87.99428,26.971,47733,8975,0.3727,0.3727
slice_11_img_051.npy,east,11,LE07_139041_20051208,88.14723,26.96984,88290,14015,0.7634,0.7634
slice_11_img_052.npy,east,11,LE07_139041_20051208,88.30018,26.96851,6566,229,0.9882,0.9882
slice_11_img_053.npy,east,11,LE07_139041_20051208,88.45311,26.96702,5004,0,1.0,1.0
slice_11_img_054.npy,east,11,LE07_139041_20051208,88.60603,26.96536,30966,2109,1.0,1.0
slice_11_img_055.npy,east,11,LE07_139041_20051208,88.75893,26.96354,39007,3184,0.8789,0.8789
slice_11_img_056.npy,invalid,11,LE07_139041_20051208,88.91183,26.96154,6,0,0.0075,0.0075
slice_11_img_057.npy,invalid,11,LE07_139041_20051208,89.0647,26.95939,0,0,0.0,0.0
slice_11_img_058.npy,invalid,11,LE07_139041_20051208,89.21756,26.95707,6448,589,0.0519,0.0519
slice_11_img_059.npy,east,11,LE07_139041_20051208,89.37039,26.95458,17251,3410,0.4116,0.7611
slice_11_img_062.npy,east,11,LE07_139041_20051208,87.53602,27.11056,2176,0,0.8834,0.8834
slice_11_img_063.npy,east,11,LE07_139041_20051208,87.68918,27.10989,17890,276,0.836,0.836
slice_11_img_064.npy,east,11,LE07_139041_20051208,87.84234,27.10906,40218,3084,0.9989,0.9989
slice_11_img_065.npy,east,11,LE07_139041_20051208,87.99549,27.10805,66500,19624,1.0,1.0
slice_11_img_066.npy,east,11,LE07_139041_20051208,88.14863,27.10689,161689,23623,1.0,1.0
slice_11_img_067.npy,east,11,LE07_139041_20051208,88.30176,27.10555,85187,20578,1.0,1.0
slice_11_img_068.npy,east,11,LE07_139041_20051208,88.45487,27.10405,10753,0,1.0,1.0
slice_11_img_069.npy,east,11,LE07_139041_20051208,88.60798,27.10238,2920,0,1.0,1.0
slice_11_img_070.npy,east,11,LE07_139041_20051208,88.76107,27.10054,2630,0,0.8845,0.8845
slice_11_img_073.npy,east,11,LE07_139041_20051208,89.22025,27.09404,14501,1231,0.6806,0.6806
slice_11_img_074.npy,east,11,LE07_139041_20051208,89.37327,27.09154,2278,2278,0.4416,1.0
slice_11_img_075.npy,invalid,11,LE07_139041_20051208,87.22997,27.24846,0,0,0.0,1.0
slice_11_img_077.npy,east,11,LE07_139041_20051208,87.53668,27.24762,1784,0,1.0,1.0
slice_11_img_078.npy,east,11,LE07_139041_20051208,87.69003,27.24695,1882,0,1.0,1.0
slice_11_img_079.npy,east,11,LE07_139041_20051208,87.84337,27.24611,1747,0,1.0,1.0
slice_11_img_080.npy,east,11,LE07_139041_20051208,87.9967,27.2451,58317,18715,1.0,1.0
slice_11_img_081.npy,east,11,LE07_139041_20051208,88.15003,27.24393,133081,21489,1.0,1.0
slice_11_img_082.npy,east,11,LE07_139041_20051208,88.30335,27.24258,32839,2323,1.0,1.0
slice_11_img_083.npy,east,11,LE07_139041_20051208,88.45665,27.24107,60,0,1.0,1.0
slice_11_img_087.npy,east,11,LE07_139041_20051208,89.06973,27.23335,0,0,0.4478,0.4478
slice_11_img_089.npy,invalid,11,LE07_139041_20051208,89.37617,27.22849,0,0,0.2358,1.0
slice_11_img_094.npy,east,11,LE07_139041_20051208,87.84441,27.38316,0,0,1.0,1.0
slice_11_img_095.npy,east,11,LE07_139041_20051208,87.99793,27.38215,4683,0,1.0,1.0
slice_11_img_096.npy,east,11,LE07_139041_20051208,88.15144,27.38097,10325,258,1.0,1.0
slice_11_img_097.npy,east,11,LE07_139041_20051208,88.30495,27.37962,5108,0,1.0,1.0
slice_11_img_098.npy,east,11,LE07_139041_20051208,88.45844,27.3781,0,0,1.0,1.0
slice_11_img_100.npy,east,11,LE07_139041_20051208,88.76539,27.37455,0,0,0.4122,0.4122
slice_11_img_101.npy,invalid,11,LE07_139041_20051208,88.91884,27.37253,0,0,0.1883,0.1883
slice_11_img_106.npy,east,11,LE07_139041_20051208,87.38427,27.52225,0,0,0.9722,1.0
slice_11_img_108.npy,east,11,LE07_139041_20051208,87.69173,27.52106,0,0,1.0,1.0
slice_11_img_109.npy,east,11,LE07_139041_20051208,87.84545,27.52021,0,0,1.0,1.0
slice_11_img_110.npy,east,11,LE07_139041_20051208,87.99916,27.51919,0,0,1.0,1.0
slice_11_img_116.npy,east,11,LE07_139041_20051208,88.92121,27.50951,0,0,0.4488,0.4488
slice_11_img_120.npy,invalid,11,LE07_139041_20051208,87.23082,27.65965,0,0,0.223,1.0
slice_11_img_133.npy,east,11,LE07_139041_20051208,89.23121,27.64189,0,0,0.6009,1.0
slice_11_img_151.npy,east,11,LE07_139041_20051208,87.38572,27.93342,0,0,1.0,1.0
slice_11_img_156.npy,east,11,LE07_139041_20051208,88.1572,27.9291,0,0,1.0,1.0
slice_11_img_159.npy,east,11,LE07_139041_20051208,88.61998,27.92443,0,0,1.0,1.0
slice_11_img_165.npy,east,11,LE07_139041_20051208,87.2317,28.07082,0,0,0.8042,1.0
slice_11_img_167.npy,east,11,LE07_139041_20051208,87.54071,28.06995,0,0,1.0,1.0
slice_11_img_170.npy,east,11,LE07_139041_20051208,88.00419,28.06734,0,0,1.0,1.0
slice_11_img_184.npy,east,11,LE07_139041_20051208,87.85078,28.20542,0,0,0.5514,1.0
slice_11_img_190.npy,east,11,LE07_139041_20051208,88.77872,28.19651,0,0,1.0,1.0
slice_11_img_193.npy,invalid,11,LE07_139041_20051208,89.24249,28.18969,0,0,0.0,1.0
slice_11_img_194.npy,invalid,11,LE07_139041_20051208,89.39704,28.18707,0,0,0.0,1.0
slice_12_img_000.npy,invalid,12,LE07_148035_20061108,75.54391,35.17626,0,0,0.0,0.0
slice_12_img_001.npy,invalid,12,LE07_148035_20061108,75.71063,35.17539,0,0,0.0,0.0
slice_12_img_002.npy,invalid,12,LE07_148035_20061108,75.87734,35.1743,0,0,0.0,0.0
slice_12_img_003.npy,invalid,12,LE07_148035_20061108,76.04405,35.17298,0,0,0.0,0.0
slice_12_img_004.npy,invalid,12,LE07_148035_20061108,76.21074,35.17143,0,0,0.0,0.0
slice_12_img_006.npy,invalid,12,LE07_148035_20061108,76.54408,35.16764,0,0,0.0,0.0
slice_12_img_018.npy,invalid,12,LE07_148035_20061108,76.0458,35.30985,0,0,0.0,0.0
slice_12_img_026.npy,invalid,12,LE07_148035_20061108,77.38109,35.29093,0,0,0.0,0.0
slice_12_img_032.npy,invalid,12,LE07_148035_20061108,75.8803,35.44806,0,0,0.1488,0.1608
slice_12_img_035.npy,invalid,12,LE07_148035_20061108,76.38207,35.44336,0,0,0.0,0.0
slice_12_img_038.npy,invalid,12,LE07_148035_20061108,76.88369,35.43658,0,0,0.0,0.0
slice_12_img_049.npy,invalid,12,LE07_148035_20061108,76.21689,35.58202,0,0,0.0,0.0
slice_12_img_050.npy,invalid,12,LE07_148035_20061108,76.38441,35.58021,0,0,0.0,0.0
slice_12_img_056.npy,invalid,12,LE07_148035_20061108,77.38916,35.56448,0,0,0.0,0.0
slice_12_img_061.npy,train,12,LE07_148035_20061108,75.71546,35.72293,0,0,0.3873,1.0
slice_12_img_062.npy,train,12,LE07_148035_20061108,75.88331,35.72181,0,0,0.9864,0.9864
slice_12_img_066.npy,invalid,12,LE07_148035_20061108,76.55457,35.71501,0,0,0.0,0.0
slice_12_img_069.npy,invalid,12,LE07_148035_20061108,77.05784,35.70746,0,0,0.0,0.0
slice_12_img_076.npy,train,12,LE07_148035_20061108,75.71669,35.8598,4291,251,0.5986,1.0
slice_12_img_083.npy,invalid,12,LE07_148035_20061108,76.89335,35.84702,0,0,0.0,0.0
slice_12_img_085.npy,invalid,12,LE07_148035_20061108,77.22937,35.84125,0,0,0.0,0.0
slice_12_img_086.npy,invalid,12,LE07_148035_20061108,77.39734,35.83802,0,0,0.0,0.0
slice_12_img_087.npy,invalid,12,LE07_148035_20061108,77.56528,35.83455,0,0,0.0,0.0
slice_12_img_091.npy,train,12,LE07_148035_20061108,75.71792,35.99667,88515,0,0.8117,1.0
slice_12_img_092.npy,train,12,LE07_148035_20061108,75.88635,35.99555,22,0,0.7205,0.7205
slice_12_img_094.npy,invalid,12,LE07_148035_20061108,76.22316,35.99259,0,0,0.0,0.0
slice_12_img_096.npy,invalid,12,LE07_148035_20061108,76.55992,35.98868,0,0,0.0,0.0
slice_12_img_100.npy,invalid,12,LE07_148035_20061108,77.23321,35.97803,0,0,0.0,0.0
slice_12_img_105.npy,invalid,12,LE07_148035_20061108,75.55044,36.13444,10297,522,0.0579,1.0
slice_12_img_106.npy,train,12,LE07_148035_20061108,75.71917,36.13354,187045,2764,0.9805,1.0
slice_12_img_107.npy,train,12,LE07_148035_20061108,75.88788,36.13241,147274,8330,0.9216,0.9216
slice_12_img_108.npy,train,12,LE07_148035_20061108,76.05659,36.13104,56693,13098,0.4836,0.4836
slice_12_img_116.npy,invalid,12,LE07_148035_20061108,77.40563,36.11154,0,0,0.0,0.0
slice_12_img_120.npy,invalid,12,LE07_148035_20061108,75.5514,36.27131,10420,2023,0.2584,1.0
slice_12_img_121.npy,train,12,LE07_148035_20061108,75.72042,36.27041,121397,31993,1.0,1.0
slice_12_img_122.npy,train,12,LE07_148035_20061108,75.88943,36.26927,111673,26072,1.0,1.0
slice_12_img_123.npy,train,12,LE07_148035_20061108,76.05843,36.2679,123997,11706,0.9633,0.9633
slice_12_img_124.npy,train,12,LE07_148035_20061108,76.22742,36.26628,29191,4872,0.3057,0.3057
slice_12_img_125.npy,train,12,LE07_148035_20061108,76.39639,36.26443,64422,5713,0.5059,0.5059
slice_12_img_126.npy,train,12,LE07_148035_20061108,76.56535,36.26234,64360,6164,0.4288,0.4288
slice_12_img_131.npy,invalid,12,LE07_148035_20061108,77.40982,36.2483,0,0,0.0,0.0
slice_12_img_135.npy,train,12,LE07_148035_20061108,75.55237,36.40818,229,0,0.4739,1.0
slice_12_img_136.npy,train,12,LE07_148035_20061108,75.72168,36.40727,32904,1066,1.0,1.0
slice_12_img_137.npy,train,12,LE07_148035_20061108,75.89099,36.40613,27821,18548,1.0,1.0
slice_12_img_138.npy,train,12,LE07_148035_20061108,76.06028,36.40475,46135,1396,1.0,1.0
slice_12_img_139.npy,train,12,LE07_148035_20061108,76.22957,36.40312,80267,47071,1.0,1.0
slice_12_img_140.npy,train,12,LE07_148035_20061108,76.39884,36.40126,126853,48705,1.0,1.0
slice_12_img_141.npy,train,12,LE07_148035_20061108,76.56809,36.39916,124037,37127,0.9047,0.9047
slice_12_img_142.npy,buffer_removed,12,LE07_148035_20061108,76.73732,36.39682,83339,797,0.3646,0.3646
slice_12_img_143.npy,invalid,12,LE07_148035_20061108,76.90654,36.39423,0,0,0.0,0.0
slice_12_img_147.npy,invalid,12,LE07_148035_20061108,77.58314,36.38151,0,0,0.0,0.0
slice_12_img_150.npy,train,12,LE07_148035_20061108,75.55334,36.54504,337,0,0.6904,1.0
slice_12_img_151.npy,train,12,LE07_148035_20061108,75.72295,36.54413,52981,2577,1.0,1.0
slice_12_img_152.npy,train,12,LE07_148035_20061108,75.89256,36.54298,66759,5457,1.0,1.0
slice_12_img_153.npy,train,12,LE07_148035_20061108,76.06215,36.54159,34689,5748,1.0,1.0
slice_12_img_154.npy,train,12,LE07_148035_20061108,76.23173,36.53996,111795,15860,1.0,1.0
slice_12_img_155.npy,train,12,LE07_148035_20061108,76.4013,36.53809,84602,20797,1.0,1.0
slice_12_img_156.npy,train,12,LE07_148035_20061108,76.57085,36.53598,147418,21471,1.0,1.0
slice_12_img_157.npy,buffer_removed,12,LE07_148035_20061108,76.74038,36.53362,168611,17925,0.9848,0.9848
slice_12_img_158.npy,invalid,12,LE07_148035_20061108,76.90989,36.53103,33302,0,0.1272,0.1272
slice_12_img_162.npy,invalid,12,LE07_148035_20061108,77.58768,36.51824,0,0,0.0,0.0
slice_12_img_164.npy,invalid,12,LE07_148035_20061108,77.9264,36.51041,0,0,0.0,0.0242
slice_12_img_165.npy,train,12,LE07_148035_20061108,75.55432,36.6819,1186,0,0.8183,1.0
slice_12_img_166.npy,train,12,LE07_148035_20061108,75.72423,36.68099,99,0,0.9999,1.0
slice_12_img_167.npy,train,12,LE07_148035_20061108,75.89414,36.67983,12856,411,1.0,1.0
slice_12_img_168.npy,train,12,LE07_148035_20061108,76.06403,36.67844,44917,5787,1.0,1.0
slice_12_img_169.npy,train,12,LE07_148035_20061108,76.23391,36.6768,83011,12128,1.0,1.0
slice_12_img_170.npy,train,12,LE07_148035_20061108,76.40378,36.67492,19732,799,1.0,1.0
slice_12_img_171.npy,train,12,LE07_148035_20061108,76.57362,36.67279,119721,13538,1.0,1.0
slice_12_img_172.npy,buffer_removed,12,LE07_148035_20061108,76.74346,36.67043,112025,29205,1.0,1.0
slice_12_img_173.npy,dropped_straddler,12,LE07_148035_20061108,76.91326,36.66782,110577,1192,0.5465,0.5465
slice_12_img_175.npy,invalid,12,LE07_148035_20061108,77.25281,36.66188,0,0,0.0,0.0
slice_12_img_176.npy,invalid,12,LE07_148035_20061108,77.42255,36.65854,0,0,0.0,0.0
slice_12_img_177.npy,invalid,12,LE07_148035_20061108,77.59225,36.65497,22711,6345,0.1375,0.2216
slice_12_img_179.npy,invalid,12,LE07_148035_20061108,77.93157,36.6471,0,0,0.0,0.8668
slice_12_img_183.npy,train,12,LE07_148035_20061108,76.06592,36.81528,5280,218,0.4028,1.0
slice_12_img_184.npy,train,12,LE07_148035_20061108,76.2361,36.81363,15573,1230,0.5633,1.0
slice_12_img_185.npy,train,12,LE07_148035_20061108,76.40627,36.81174,7534,1927,0.7239,1.0
slice_12_img_186.npy,train,12,LE07_148035_20061108,76.57642,36.80961,42963,2329,0.8822,1.0
slice_12_img_187.npy,buffer_removed,12,LE07_148035_20061108,76.74655,36.80723,19797,3660,0.9951,1.0
slice_12_img_188.npy,dropped_straddler,12,LE07_148035_20061108,76.91666,36.80461,99761,16707,0.9346,0.9346
slice_12_img_189.npy,invalid,12,LE07_148035_20061108,77.08675,36.80174,7798,0,0.0509,0.0509
slice_12_img_190.npy,invalid,12,LE07_148035_20061108,77.25681,36.79864,3026,0,0.0386,0.0386
slice_12_img_191.npy,val,12,LE07_148035_20061108,77.42685,36.79529,93616,5317,0.5455,0.5455
slice_12_img_192.npy,val,12,LE07_148035_20061108,77.59686,36.79169,117412,2097,0.655,0.9867
slice_13_img_002.npy,invalid,13,LE07_137041_20060127,90.6311,26.53031,0,0,0.0,0.0
slice_13_img_003.npy,invalid,13,LE07_137041_20060127,90.78337,26.53276,0,0,0.0,0.0
slice_13_img_009.npy,invalid,13,LE07_137041_20060127,91.69735,26.54405,0,0,0.0,0.0
slice_13_img_013.npy,invalid,13,LE07_137041_20060127,92.30691,26.54832,0,0,0.0,0.0
slice_13_img_015.npy,invalid,13,LE07_137041_20060127,90.32343,26.66186,0,0,0.0,1.0
slice_13_img_018.npy,invalid,13,LE07_137041_20060127,90.78073,26.66974,0,0,0.0,0.0
slice_13_img_022.npy,invalid,13,LE07_137041_20060127,91.39072,26.67796,0,0,0.0,0.0
slice_13_img_024.npy,invalid,13,LE07_137041_20060127,91.6958,26.68109,0,0,0.0,0.0
slice_13_img_028.npy,invalid,13,LE07_137041_20060127,92.30608,26.68539,0,0,0.0,0.0
slice_13_img_032.npy,east,13,LE07_137041_20060127,90.62543,26.80424,14396,487,0.5155,0.7115
slice_13_img_033.npy,east,13,LE07_137041_20060127,90.77807,26.80672,42359,3738,0.583,0.583
slice_13_img_034.npy,invalid,13,LE07_137041_20060127,90.93072,26.80903,6602,2028,0.2953,0.2953
slice_13_img_036.npy,east,13,LE07_137041_20060127,91.23608,26.81317,705,0,0.5749,0.5749
slice_13_img_037.npy,invalid,13,LE07_137041_20060127,91.38878,26.81499,11871,0,0.2382,0.2382
slice_13_img_039.npy,invalid,13,LE07_137041_20060127,91.69423,26.81814,0,0,0.0,0.0
slice_13_img_040.npy,invalid,13,LE07_137041_20060127,91.84697,26.81946,0,0,0.0,0.0
slice_13_img_042.npy,invalid,13,LE07_137041_20060127,92.15248,26.82162,0,0,0.0,0.0
slice_13_img_047.npy,east,13,LE07_137041_20060127,90.62257,26.94119,3102,0,0.9097,1.0
slice_13_img_048.npy,east,13,LE07_137041_20060127,90.77539,26.94369,10589,0,1.0,1.0
slice_13_img_049.npy,east,13,LE07_137041_20060127,90.92822,26.94602,192,0,0.9972,0.9972
slice_13_img_051.npy,east,13,LE07_137041_20060127,91.23395,26.95018,6819,0,1.0,1.0
slice_13_img_052.npy,east,13,LE07_137041_20060127,91.38684,26.95201,7149,0,0.9983,0.9983
slice_13_img_053.npy,east,13,LE07_137041_20060127,91.53974,26.95367,18077,944,0.8782,0.8782
slice_13_img_054.npy,invalid,13,LE07_137041_20060127,91.69265,26.95518,94,0,0.1699,0.1699
slice_13_img_056.npy,invalid,13,LE07_137041_20060127,91.99851,26.95768,0,0,0.0,0.0
slice_13_img_057.npy,invalid,13,LE07_137041_20060127,92.15146,26.95868,0,0,0.0,0.0
slice_13_img_059.npy,invalid,13,LE07_137041_20060127,92.45737,26.96019,0,0,0.0,0.0013
slice_13_img_062.npy,east,13,LE07_137041_20060127,90.61968,27.07815,1366,0,1.0,1.0
slice_13_img_063.npy,east,13,LE07_137041_20060127,90.77269,27.08066,0,0,1.0,1.0
slice_13_img_064.npy,east,13,LE07_137041_20060127,90.92571,27.083,3,0,1.0,1.0
slice_13_img_066.npy,east,13,LE07_137041_20060127,91.23181,27.08718,0,0,1.0,1.0
slice_13_img_067.npy,east,13,LE07_137041_20060127,91.38488,27.08903,448,0,1.0,1.0
slice_13_img_068.npy,east,13,LE07_137041_20060127,91.53797,27.0907,143,0,1.0,1.0
slice_13_img_072.npy,east,13,LE07_137041_20060127,92.15043,27.09574,787,0,0.6295,0.6295
slice_13_img_073.npy,east,13,LE07_137041_20060127,92.30356,27.09658,12728,0,0.6954,0.6954
slice_13_img_074.npy,east,13,LE07_137041_20060127,92.45671,27.09726,36129,1611,0.5015,0.8758
slice_13_img_075.npy,invalid,13,LE07_137041_20060127,90.31046,27.20955,0,0,0.0,1.0
slice_13_img_076.npy,east,13,LE07_137041_20060127,90.46361,27.21241,0,0,0.4135,1.0
slice_13_img_087.npy,east,13,LE07_137041_20060127,92.14939,27.23279,440,0,1.0,1.0
slice_13_img_088.npy,east,13,LE07_137041_20060127,92.30271,27.23364,62,0,1.0,1.0
slice_13_img_089.npy,east,13,LE07_137041_20060127,92.45604,27.23432,2338,0,0.3918,1.0
slice_13_img_104.npy,invalid,13,LE07_137041_20060127,92.45537,27.37138,0,0,0.1714,1.0
slice_13_img_105.npy,invalid,13,LE07_137041_20060127,90.30384,27.48338,0,0,0.0,1.0
slice_13_img_107.npy,east,13,LE07_137041_20060127,90.61091,27.48899,0,0,1.0,1.0
slice_13_img_109.npy,east,13,LE07_137041_20060127,90.91806,27.49393,0,0,1.0,1.0
slice_13_img_116.npy,east,13,LE07_137041_20060127,91.9936,27.50587,0,0,1.0,1.0
slice_13_img_124.npy,east,13,LE07_137041_20060127,90.91547,27.6309,0,0,1.0,1.0
slice_13_img_131.npy,east,13,LE07_137041_20060127,91.99235,27.64291,0,0,1.0,1.0
slice_13_img_135.npy,east,13,LE07_137041_20060127,90.29712,27.7572,0,0,0.3747,1.0
slice_13_img_139.npy,east,13,LE07_137041_20060127,90.91287,27.76787,0,0,1.0,1.0
slice_13_img_146.npy,east,13,LE07_137041_20060127,91.99109,27.77995,0,0,1.0,1.0
slice_13_img_151.npy,east,13,LE07_137041_20060127,90.44782,27.89704,0,0,1.0,1.0
slice_13_img_153.npy,east,13,LE07_137041_20060127,90.75608,27.90241,0,0,1.0,1.0
slice_13_img_163.npy,invalid,13,LE07_137041_20060127,92.29837,27.9189,0,0,0.2413,1.0
slice_13_img_165.npy,east,13,LE07_137041_20060127,90.2903,28.031,0,0,0.775,1.0
slice_13_img_167.npy,east,13,LE07_137041_20060127,90.59891,28.03675,0,0,1.0,1.0
slice_13_img_168.npy,east,13,LE07_137041_20060127,90.75324,28.03936,0,0,1.0,1.0
slice_13_img_169.npy,east,13,LE07_137041_20060127,90.9076,28.0418,0,0,1.0,1.0
slice_13_img_170.npy,east,13,LE07_137041_20060127,91.06198,28.04406,0,0,1.0,1.0
slice_13_img_182.npy,invalid,13,LE07_137041_20060127,90.59586,28.17368,0,0,0.2658,1.0
slice_13_img_185.npy,east,13,LE07_137041_20060127,91.05951,28.18104,0,0,0.7875,1.0
slice_13_img_186.npy,east,13,LE07_137041_20060127,91.2141,28.18314,0,0,0.9545,1.0
slice_13_img_193.npy,invalid,13,LE07_137041_20060127,92.29658,28.19298,0,0,0.0,1.0
slice_13_img_195.npy,invalid,13,LE07_137041_20060127,90.28339,28.3048,0,0,0.0,1.0
slice_13_img_202.npy,invalid,13,LE07_137041_20060127,91.36662,28.32206,0,0,0.1471,1.0
slice_13_img_209.npy,invalid,13,LE07_137041_20060127,92.45056,28.33073,0,0,0.0,1.0
slice_14_img_002.npy,train,14,LE07_148036_20050902,75.47512,33.73942,965,0,0.4364,1.0
slice_14_img_003.npy,train,14,LE07_148036_20050902,75.63901,33.73868,294,0,0.8585,1.0
slice_14_img_005.npy,train,14,LE07_148036_20050902,75.96677,33.73655,38001,1520,0.5415,1.0
slice_14_img_006.npy,train,14,LE07_148036_20050902,76.13064,33.73515,35787,4012,0.3831,1.0
slice_14_img_007.npy,invalid,14,LE07_148036_20050902,76.29449,33.73355,8478,2346,0.2246,1.0
slice_14_img_008.npy,invalid,14,LE07_148036_20050902,76.45833,33.73172,7732,0,0.0667,1.0
slice_14_img_009.npy,invalid,14,LE07_148036_20050902,76.62216,33.72968,0,0,0.0,1.0
slice_14_img_011.npy,invalid,14,LE07_148036_20050902,76.94976,33.72494,0,0,0.0,0.0
slice_14_img_017.npy,train,14,LE07_148036_20050902,75.47588,33.87634,3,0,0.6645,1.0
slice_14_img_018.npy,train,14,LE07_148036_20050902,75.64003,33.8756,99,0,1.0,1.0
slice_14_img_019.npy,train,14,LE07_148036_20050902,75.80418,33.87464,1046,0,1.0,1.0
slice_14_img_020.npy,train,14,LE07_148036_20050902,75.96831,33.87346,16273,2821,1.0,1.0
slice_14_img_021.npy,train,14,LE07_148036_20050902,76.13244,33.87206,29200,1643,1.0,1.0
slice_14_img_022.npy,train,14,LE07_148036_20050902,76.29656,33.87044,28417,6715,1.0,1.0
slice_14_img_023.npy,train,14,LE07_148036_20050902,76.46066,33.86861,75328,3404,0.9979,1.0
slice_14_img_024.npy,buffer_removed,14,LE07_148036_20050902,76.62474,33.86655,56899,7098,0.8959,1.0
slice_14_img_025.npy,dropped_straddler,14,LE07_148036_20050902,76.78881,33.86428,75241,10233,0.7374,0.9873
slice_14_img_026.npy,invalid,14,LE07_148036_20050902,76.95286,33.86179,14729,969,0.1317,0.1355
slice_14_img_028.npy,invalid,14,LE07_148036_20050902,77.28089,33.85615,2217,0,0.0117,0.0117
slice_14_img_029.npy,invalid,14,LE07_148036_20050902,77.44487,33.85301,22358,0,0.0969,0.4469
slice_14_img_032.npy,train,14,LE07_148036_20050902,75.47664,34.01327,4931,0,0.8722,1.0
slice_14_img_033.npy,train,14,LE07_148036_20050902,75.64106,34.01252,253,0,1.0,1.0
slice_14_img_035.npy,train,14,LE07_148036_20050902,75.96987,34.01037,1033,0,1.0,1.0
slice_14_img_036.npy,train,14,LE07_148036_20050902,76.13426,34.00896,684,0,1.0,1.0
slice_14_img_038.npy,train,14,LE07_148036_20050902,76.463,34.00549,5455,0,1.0,1.0
slice_14_img_039.npy,buffer_removed,14,LE07_148036_20050902,76.62735,34.00342,7384,0,1.0,1.0
slice_14_img_040.npy,dropped_straddler,14,LE07_148036_20050902,76.79168,34.00114,58801,10858,1.0,1.0
slice_14_img_041.npy,val,14,LE07_148036_20050902,76.95599,33.99864,54203,3488,0.5598,0.5598
slice_14_img_042.npy,invalid,14,LE07_148036_20050902,77.12028,33.99591,3082,303,0.164,0.164
slice_14_img_043.npy,val,14,LE07_148036_20050902,77.28455,33.99297,72735,5943,0.7745,0.7745
slice_14_img_044.npy,val,14,LE07_148036_20050902,77.44879,33.98981,157092,3196,0.8672,1.0
slice_14_img_046.npy,invalid,14,LE07_148036_20050902,75.31272,34.15072,0,0,0.1041,1.0
slice_14_img_047.npy,train,14,LE07_148036_20050902,75.47741,34.15019,602,0,0.9988,1.0
slice_14_img_048.npy,train,14,LE07_148036_20050902,75.64209,34.14944,285,0,1.0,1.0
slice_14_img_051.npy,train,14,LE07_148036_20050902,76.13608,34.14586,4354,341,1.0,1.0
slice_14_img_052.npy,train,14,LE07_148036_20050902,76.30073,34.14422,13045,403,1.0,1.0
slice_14_img_053.npy,train,14,LE07_148036_20050902,76.46535,34.14237,1711,959,1.0,1.0
slice_14_img_054.npy,buffer_removed,14,LE07_148036_20050902,76.62997,34.14029,29254,4211,1.0,1.0
slice_14_img_055.npy,dropped_straddler,14,LE07_148036_20050902,76.79456,34.138,34272,1049,1.0,1.0
slice_14_img_056.npy,val,14,LE07_148036_20050902,76.95914,34.13548,101700,9382,0.9593,0.9593
slice_14_img_057.npy,val,14,LE07_148036_20050902,77.12369,34.13274,107484,6307,0.9683,0.9683
slice_14_img_058.npy,val,14,LE07_148036_20050902,77.28822,34.12979,17130,801,1.0,1.0
slice_14_img_059.npy,val,14,LE07_148036_20050902,77.45273,34.12661,83635,0,0.6547,1.0
slice_14_img_062.npy,train,14,LE07_148036_20050902,75.47818,34.2871,33,0,1.0,1.0
slice_14_img_063.npy,train,14,LE07_148036_20050902,75.64313,34.28635,5518,0,1.0,1.0
slice_14_img_064.npy,train,14,LE07_148036_20050902,75.80807,34.28537,14143,0,1.0,1.0
slice_14_img_065.npy,train,14,LE07_148036_20050902,75.973,34.28417,2206,0,1.0,1.0
slice_14_img_066.npy,train,14,LE07_148036_20050902,76.13792,34.28275,49,0,1.0,1.0
slice_14_img_067.npy,train,14,LE07_148036_20050902,76.30283,34.28111,3565,0,1.0,1.0
slice_14_img_068.npy,train,14,LE07_148036_20050902,76.46773,34.27925,894,268,1.0,1.0
slice_14_img_070.npy,dropped_straddler,14,LE07_148036_20050902,76.79747,34.27485,2323,205,1.0,1.0
slice_14_img_071.npy,val,14,LE07_148036_20050902,76.96231,34.27232,53793,7575,1.0,1.0
slice_14_img_072.npy,val,14,LE07_148036_20050902,77.12713,34.26957,40971,1412,1.0,1.0
slice_14_img_073.npy,val,14,LE07_148036_20050902,77.29192,34.2666,73589,5876,1.0,1.0
slice_14_img_074.npy,val,14,LE07_148036_20050902,77.45669,34.26341,1262,479,0.4544,1.0
slice_14_img_077.npy,train,14,LE07_148036_20050902,75.47896,34.42402,977,0,1.0,1.0
slice_14_img_078.npy,train,14,LE07_148036_20050902,75.64417,34.42326,1408,0,1.0,1.0
slice_14_img_079.npy,train,14,LE07_148036_20050902,75.80938,34.42228,1266,0,1.0,1.0
slice_14_img_080.npy,train,14,LE07_148036_20050902,75.97458,34.42107,3684,0,1.0,1.0
slice_14_img_082.npy,train,14,LE07_148036_20050902,76.30495,34.41799,999,0,1.0,1.0
slice_14_img_083.npy,train,14,LE07_148036_20050902,76.47011,34.41612,7694,522,1.0,1.0
slice_14_img_084.npy,buffer_removed,14,LE07_148036_20050902,76.63526,34.41402,22264,1207,1.0,1.0
slice_14_img_085.npy,dropped_straddler,14,LE07_148036_20050902,76.80039,34.4117,1074,0,1.0,1.0
slice_14_img_086.npy,val,14,LE07_148036_20050902,76.9655,34.40916,204,0,1.0,1.0
slice_14_img_087.npy,val,14,LE07_148036_20050902,77.13058,34.4064,184,0,1.0,1.0
slice_14_img_088.npy,val,14,LE07_148036_20050902,77.29565,34.40341,55664,1482,1.0,1.0
slice_14_img_089.npy,invalid,14,LE07_148036_20050902,77.46069,34.4002,11349,961,0.2286,1.0
slice_14_img_090.npy,invalid,14,LE07_148036_20050902,75.14875,34.56178,0,0,0.0,1.0
slice_14_img_091.npy,train,14,LE07_148036_20050902,75.31425,34.56147,391,0,0.7528,1.0
slice_14_img_092.npy,train,14,LE07_148036_20050902,75.47974,34.56093,570,0,1.0,1.0
slice_14_img_093.npy,train,14,LE07_148036_20050902,75.64523,34.56017,265,0,1.0,1.0
slice_14_img_095.npy,train,14,LE07_148036_20050902,75.97618,34.55797,219,0,1.0,1.0
slice_14_img_096.npy,train,14,LE07_148036_20050902,76.14164,34.55653,0,0,1.0,1.0
slice_14_img_098.npy,train,14,LE07_148036_20050902,76.47252,34.55299,858,0,1.0,1.0
slice_14_img_099.npy,buffer_removed,14,LE07_148036_20050902,76.63793,34.55088,6114,0,1.0,1.0
slice_14_img_100.npy,dropped_straddler,14,LE07_148036_20050902,76.80333,34.54855,20158,352,1.0,1.0
slice_14_img_101.npy,val,14,LE07_148036_20050902,76.96871,34.546,27976,1180,1.0,1.0
slice_14_img_102.npy,val,14,LE07_148036_20050902,77.13407,34.54322,9761,588,1.0,1.0
slice_14_img_106.npy,train,14,LE07_148036_20050902,75.31477,34.69838,6120,0,0.9565,1.0
slice_14_img_107.npy,train,14,LE07_148036_20050902,75.48053,34.69784,6547,0,1.0,1.0
slice_14_img_108.npy,train,14,LE07_148036_20050902,75.64629,34.69707,9967,0,1.0,1.0
slice_14_img_109.npy,train,14,LE07_148036_20050902,75.81204,34.69608,9435,1587,1.0,1.0
slice_14_img_110.npy,train,14,LE07_148036_20050902,75.97778,34.69486,626,0,1.0,1.0
slice_14_img_113.npy,train,14,LE07_148036_20050902,76.47494,34.68986,0,0,1.0,1.0
slice_14_img_114.npy,buffer_removed,14,LE07_148036_20050902,76.64062,34.68774,0,0,1.0,1.0
slice_14_img_115.npy,dropped_straddler,14,LE07_148036_20050902,76.80629,34.6854,14714,271,1.0,1.0
slice_14_img_116.npy,val,14,LE07_148036_20050902,76.97194,34.68283,29949,0,1.0,1.0
slice_14_img_117.npy,val,14,LE07_148036_20050902,77.13757,34.68003,33814,0,1.0,1.0
slice_14_img_118.npy,val,14,LE07_148036_20050902,77.30318,34.67702,20634,0,0.7804,1.0
slice_14_img_120.npy,invalid,14,LE07_148036_20050902,75.14924,34.8356,564,0,0.1976,1.0
slice_14_img_121.npy,train,14,LE07_148036_20050902,75.31529,34.83528,28783,0,1.0,1.0
slice_14_img_122.npy,train,14,LE07_148036_20050902,75.48132,34.83474,27169,3563,1.0,1.0
slice_14_img_123.npy,train,14,LE07_148036_20050902,75.64736,34.83397,2183,0,1.0,1.0
slice_14_img_124.npy,train,14,LE07_148036_20050902,75.81338,34.83297,953,0,1.0,1.0
slice_14_img_125.npy,train,14,LE07_148036_20050902,75.9794,34.83175,2276,441,1.0,1.0
slice_14_img_126.npy,train,14,LE07_148036_20050902,76.1454,34.8303,1569,404,1.0,1.0
slice_14_img_129.npy,buffer_removed,14,LE07_148036_20050902,76.64333,34.82459,0,0,1.0,1.0
slice_14_img_131.npy,val,14,LE07_148036_20050902,76.9752,34.81966,7998,0,1.0,1.0
slice_14_img_132.npy,val,14,LE07_148036_20050902,77.1411,34.81685,27582,0,1.0,1.0
slice_14_img_133.npy,val,14,LE07_148036_20050902,77.30698,34.81382,24583,0,0.5649,1.0
slice_14_img_134.npy,invalid,14,LE07_148036_20050902,77.47283,34.81056,0,0,0.0,1.0
slice_14_img_135.npy,train,14,LE07_148036_20050902,75.14949,34.97251,691,0,0.4223,1.0
slice_14_img_136.npy,train,14,LE07_148036_20050902,75.31581,34.97219,13021,0,1.0,1.0
slice_14_img_137.npy,train,14,LE07_148036_20050902,75.48212,34.97164,26370,0,1.0,1.0
slice_14_img_138.npy,train,14,LE07_148036_20050902,75.64843,34.97087,72932,1293,1.0,1.0
slice_14_img_139.npy,train,14,LE07_148036_20050902,75.81473,34.96987,52110,4447,1.0,1.0
slice_14_img_140.npy,train,14,LE07_148036_20050902,75.98102,34.96864,3478,0,1.0,1.0
slice_14_img_141.npy,train,14,LE07_148036_20050902,76.1473,34.96718,3124,0,1.0,1.0
slice_14_img_142.npy,train,14,LE07_148036_20050902,76.31357,34.96549,1112,0,1.0,1.0
slice_14_img_144.npy,buffer_removed,14,LE07_148036_20050902,76.64606,34.96144,73,0,1.0,1.0
slice_14_img_145.npy,dropped_straddler,14,LE07_148036_20050902,76.81228,34.95908,0,0,1.0,1.0
slice_14_img_150.npy,train,14,LE07_148036_20050902,75.14974,35.10941,1032,0,0.6356,1.0
slice_14_img_151.npy,train,14,LE07_148036_20050902,75.31634,35.10909,18338,0,1.0,1.0
slice_14_img_152.npy,train,14,LE07_148036_20050902,75.48293,35.10854,10489,727,1.0,1.0
slice_14_img_153.npy,train,14,LE07_148036_20050902,75.64951,35.10776,45960,42,1.0,1.0
slice_14_img_154.npy,train,14,LE07_148036_20050902,75.81609,35.10676,47803,3950,1.0,1.0
slice_14_img_155.npy,train,14,LE07_148036_20050902,75.98266,35.10552,10899,424,1.0,1.0
slice_14_img_156.npy,train,14,LE07_148036_20050902,76.14922,35.10405,26267,1703,1.0,1.0
slice_14_img_157.npy,train,14,LE07_148036_20050902,76.31577,35.10236,15979,0,1.0,1.0
slice_14_img_158.npy,train,14,LE07_148036_20050902,76.4823,35.10044,10971,406,1.0,1.0
slice_14_img_159.npy,buffer_removed,14,LE07_148036_20050902,76.64881,35.09829,17051,388,1.0,1.0
slice_14_img_160.npy,dropped_straddler,14,LE07_148036_20050902,76.8153,35.09591,3435,0,1.0,1.0
slice_14_img_161.npy,val,14,LE07_148036_20050902,76.98178,35.0933,249,0,1.0,1.0
slice_14_img_162.npy,val,14,LE07_148036_20050902,77.14823,35.09047,1166,0,1.0,1.0
slice_14_img_163.npy,invalid,14,LE07_148036_20050902,77.31466,35.0874,0,0,0.145,1.0
slice_14_img_164.npy,invalid,14,LE07_148036_20050902,77.48106,35.08411,0,0,0.0,1.0
slice_14_img_165.npy,train,14,LE07_148036_20050902,75.14999,35.24631,0,0,0.7924,1.0
slice_14_img_166.npy,train,14,LE07_148036_20050902,75.31687,35.24599,454,0,0.9999,1.0
slice_14_img_167.npy,train,14,LE07_148036_20050902,75.48374,35.24544,16520,0,1.0,1.0
slice_14_img_168.npy,train,14,LE07_148036_20050902,75.6506,35.24465,15467,448,1.0,1.0
slice_14_img_169.npy,train,14,LE07_148036_20050902,75.81746,35.24364,75277,4890,1.0,1.0
slice_14_img_170.npy,train,14,LE07_148036_20050902,75.98431,35.2424,102624,586,1.0,1.0
slice_14_img_171.npy,train,14,LE07_148036_20050902,76.15115,35.24093,89099,1958,1.0,1.0
slice_14_img_172.npy,train,14,LE07_148036_20050902,76.31797,35.23923,17919,0,1.0,1.0
slice_14_img_173.npy,train,14,LE07_148036_20050902,76.48478,35.23729,32105,0,1.0,1.0
slice_14_img_174.npy,buffer_removed,14,LE07_148036_20050902,76.65157,35.23513,17015,351,1.0,1.0
slice_14_img_175.npy,dropped_straddler,14,LE07_148036_20050902,76.81835,35.23274,22652,787,1.0,1.0
slice_14_img_176.npy,val,14,LE07_148036_20050902,76.9851,35.23012,2431,0,1.0,1.0
slice_14_img_177.npy,val,14,LE07_148036_20050902,77.15183,35.22727,842,0,0.9132,1.0
slice_14_img_183.npy,train,14,LE07_148036_20050902,75.6517,35.38154,2943,0,0.4079,1.0
slice_14_img_184.npy,train,14,LE07_148036_20050902,75.81884,35.38052,24819,1523,0.568,1.0
slice_14_img_185.npy,train,14,LE07_148036_20050902,75.98597,35.37928,45236,1274,0.7282,1.0
slice_14_img_186.npy,train,14,LE07_148036_20050902,76.15309,35.3778,90471,4659,0.8883,1.0
slice_14_img_187.npy,train,14,LE07_148036_20050902,76.32019,35.37609,52501,7253,0.9967,1.0
slice_14_img_188.npy,train,14,LE07_148036_20050902,76.48728,35.37415,53149,0,1.0,1.0
slice_14_img_189.npy,buffer_removed,14,LE07_148036_20050902,76.65436,35.37197,11841,0,1.0,1.0
slice_14_img_191.npy,val,14,LE07_148036_20050902,76.98845,35.36694,1325,0,1.0,1.0
slice_14_img_192.npy,val,14,LE07_148036_20050902,77.15546,35.36407,4092,0,0.6876,1.0
slice_14_img_194.npy,invalid,14,LE07_148036_20050902,77.48941,35.35765,0,0,0.0,1.0
slice_15_img_001.npy,invalid,15,LE07_145039_20011020,78.8418,29.40889,0,0,0.0,1.0
slice_15_img_002.npy,train,15,LE07_145039_20011020,78.99819,29.41133,247,0,0.3224,1.0
slice_15_img_003.npy,train,15,LE07_145039_20011020,79.1546,29.41359,714,0,0.8674,1.0
slice_15_img_004.npy,train,15,LE07_145039_20011020,79.31102,29.41566,2212,0,0.3139,0.34
slice_15_img_005.npy,invalid,15,LE07_145039_20011020,79.46746,29.41755,0,0,0.0,0.0
slice_15_img_006.npy,invalid,15,LE07_145039_20011020,79.62392,29.41926,0,0,0.0,0.0
slice_15_img_007.npy,invalid,15,LE07_145039_20011020,79.78039,29.42079,0,0,0.0,0.0
slice_15_img_010.npy,invalid,15,LE07_145039_20011020,80.24986,29.42426,0,0,0.0,0.0
slice_15_img_017.npy,train,15,LE07_145039_20011020,78.99549,29.54827,10813,1300,0.5701,1.0
slice_15_img_018.npy,train,15,LE07_145039_20011020,79.15211,29.55054,54690,5044,1.0,1.0
slice_15_img_019.npy,train,15,LE07_145039_20011020,79.30875,29.55263,46245,6935,0.9343,0.9343
slice_15_img_020.npy,invalid,15,LE07_145039_20011020,79.4654,29.55453,10984,2621,0.2317,0.2317
slice_15_img_022.npy,invalid,15,LE07_145039_20011020,79.77875,29.55778,0,0,0.0,0.0
slice_15_img_032.npy,train,15,LE07_145039_20011020,78.99278,29.6852,61298,11717,0.8054,1.0
slice_15_img_033.npy,train,15,LE07_145039_20011020,79.14961,29.68749,71945,30324,1.0,1.0
slice_15_img_034.npy,train,15,LE07_145039_20011020,79.30646,29.68959,131669,12098,1.0,1.0
slice_15_img_035.npy,train,15,LE07_145039_20011020,79.46332,29.6915,34590,9889,0.9612,0.9612
slice_15_img_036.npy,train,15,LE07_145039_20011020,79.6202,29.69323,85686,11837,0.6765,0.6765
slice_15_img_037.npy,train,15,LE07_145039_20011020,79.77709,29.69477,37504,17224,0.7911,0.7911
slice_15_img_039.npy,invalid,15,LE07_145039_20011020,80.09091,29.69729,0,0,0.0,0.0
slice_15_img_044.npy,invalid,15,LE07_145039_20011020,80.87557,29.70035,0,0,0.0,0.0
slice_15_img_045.npy,invalid,15,LE07_145039_20011020,78.67602,29.81698,0,0,0.0,1.0
slice_15_img_046.npy,invalid,15,LE07_145039_20011020,78.83302,29.81965,595,0,0.0617,1.0
slice_15_img_047.npy,train,15,LE07_145039_20011020,78.99005,29.82214,69592,3074,0.9871,1.0
slice_15_img_048.npy,train,15,LE07_145039_20011020,79.14709,29.82443,104432,24816,1.0,1.0
slice_15_img_049.npy,train,15,LE07_145039_20011020,79.30415,29.82654,117227,20568,1.0,1.0
slice_15_img_050.npy,train,15,LE07_145039_20011020,79.46123,29.82847,42385,6549,1.0,1.0
slice_15_img_051.npy,train,15,LE07_145039_20011020,79.61832,29.8302,92244,20017,1.0,1.0
slice_15_img_052.npy,train,15,LE07_145039_20011020,79.77543,29.83175,44932,11251,1.0,1.0
slice_15_img_053.npy,train,15,LE07_145039_20011020,79.93254,29.83312,15838,921,0.9825,0.9825
slice_15_img_055.npy,invalid,15,LE07_145039_20011020,80.2468,29.83528,0,0,0.0886,0.0886
slice_15_img_063.npy,train,15,LE07_145039_20011020,79.14456,29.96138,416,0,1.0,1.0
slice_15_img_064.npy,train,15,LE07_145039_20011020,79.30183,29.9635,54158,2180,1.0,1.0
slice_15_img_065.npy,train,15,LE07_145039_20011020,79.45913,29.96543,21079,3141,1.0,1.0
slice_15_img_066.npy,train,15,LE07_145039_20011020,79.61643,29.96718,6391,1880,1.0,1.0
slice_15_img_067.npy,train,15,LE07_145039_20011020,79.77375,29.96874,34600,4911,1.0,1.0
slice_15_img_068.npy,train,15,LE07_145039_20011020,79.93108,29.97011,18564,2716,1.0,1.0
slice_15_img_069.npy,train,15,LE07_145039_20011020,80.08842,29.97129,25332,1197,1.0,1.0
slice_15_img_070.npy,invalid,15,LE07_145039_20011020,80.24577,29.97229,2229,664,0.2331,0.2331
slice_15_img_077.npy,train,15,LE07_145039_20011020,78.98453,30.09599,0,0,1.0,1.0
slice_15_img_080.npy,train,15,LE07_145039_20011020,79.457,30.10239,0,0,1.0,1.0
slice_15_img_081.npy,train,15,LE07_145039_20011020,79.61453,30.10415,38,0,1.0,1.0
slice_15_img_082.npy,train,15,LE07_145039_20011020,79.77206,30.10572,2707,0,1.0,1.0
slice_15_img_083.npy,train,15,LE07_145039_20011020,79.92961,30.1071,81244,22347,1.0,1.0
slice_15_img_084.npy,train,15,LE07_145039_20011020,80.08717,30.10829,97315,16706,1.0,1.0
slice_15_img_085.npy,train,15,LE07_145039_20011020,80.24473,30.10929,34486,7019,0.805,0.805
slice_15_img_086.npy,train,15,LE07_145039_20011020,80.40231,30.1101,6958,736,0.4045,0.4045
slice_15_img_087.npy,invalid,15,LE07_145039_20011020,80.55989,30.11072,178,0,0.0462,0.0462
slice_15_img_088.npy,invalid,15,LE07_145039_20011020,80.71747,30.11115,0,0,0.0,0.0
slice_15_img_092.npy,train,15,LE07_145039_20011020,78.98174,30.23292,0,0,1.0,1.0
slice_15_img_095.npy,train,15,LE07_145039_20011020,79.45487,30.23935,0,0,1.0,1.0
slice_15_img_096.npy,train,15,LE07_145039_20011020,79.61261,30.24112,722,0,1.0,1.0
slice_15_img_097.npy,train,15,LE07_145039_20011020,79.77036,30.2427,53705,4877,1.0,1.0
slice_15_img_098.npy,train,15,LE07_145039_20011020,79.92813,30.24408,52873,16880,1.0,1.0
slice_15_img_099.npy,train,15,LE07_145039_20011020,80.0859,30.24528,36059,9225,1.0,1.0
slice_15_img_100.npy,train,15,LE07_145039_20011020,80.24369,30.24628,50146,4119,1.0,1.0
slice_15_img_101.npy,train,15,LE07_145039_20011020,80.40148,30.2471,34054,14401,1.0,1.0
slice_15_img_102.npy,train,15,LE07_145039_20011020,80.55928,30.24773,23562,2045,0.9839,0.9839
slice_15_img_103.npy,train,15,LE07_145039_20011020,80.71708,30.24816,6386,0,0.4711,0.4711
slice_15_img_111.npy,train,15,LE07_145039_20011020,79.61068,30.37809,0,0,1.0,1.0
slice_15_img_112.npy,train,15,LE07_145039_20011020,79.76865,30.37967,55674,5130,1.0,1.0
slice_15_img_113.npy,train,15,LE07_145039_20011020,79.92664,30.38106,62611,4821,1.0,1.0
slice_15_img_114.npy,train,15,LE07_145039_20011020,80.08463,30.38227,61184,7114,1.0,1.0
slice_15_img_115.npy,train,15,LE07_145039_20011020,80.24264,30.38328,782,0,1.0,1.0
slice_15_img_116.npy,train,15,LE07_145039_20011020,80.40065,30.3841,80837,7972,1.0,1.0
slice_15_img_117.npy,train,15,LE07_145039_20011020,80.55866,30.38473,14609,4493,1.0,1.0
slice_15_img_118.npy,train,15,LE07_145039_20011020,80.71669,30.38517,34506,6094,0.8974,0.9979
slice_15_img_128.npy,train,15,LE07_145039_20011020,79.92513,30.51804,0,0,1.0,1.0
slice_15_img_129.npy,train,15,LE07_145039_20011020,80.08335,30.51925,194,0,1.0,1.0
slice_15_img_130.npy,train,15,LE07_145039_20011020,80.24158,30.52027,245,0,1.0,1.0
slice_15_img_131.npy,train,15,LE07_145039_20011020,80.39981,30.52109,21614,1577,1.0,1.0
slice_15_img_132.npy,train,15,LE07_145039_20011020,80.55805,30.52173,14915,1459,1.0,1.0
slice_15_img_133.npy,train,15,LE07_145039_20011020,80.71629,30.52217,18333,0,0.6618,1.0
slice_15_img_141.npy,train,15,LE07_145039_20011020,79.60678,30.65201,0,0,1.0,1.0
slice_15_img_146.npy,train,15,LE07_145039_20011020,80.39896,30.65809,0,0,1.0,1.0
slice_15_img_151.npy,train,15,LE07_145039_20011020,78.81184,30.77801,0,0,1.0,1.0
slice_15_img_154.npy,train,15,LE07_145039_20011020,79.28757,30.78516,0,0,1.0,1.0
slice_15_img_155.npy,train,15,LE07_145039_20011020,79.44618,30.78716,0,0,1.0,1.0
slice_15_img_163.npy,invalid,15,LE07_145039_20011020,80.71549,30.79616,0,0,0.2095,1.0
slice_15_img_169.npy,train,15,LE07_145039_20011020,79.28513,30.9221,0,0,1.0,1.0
slice_15_img_171.npy,train,15,LE07_145039_20011020,79.60282,30.92592,0,0,1.0,1.0
slice_15_img_172.npy,train,15,LE07_145039_20011020,79.76169,30.92754,0,0,1.0,1.0
slice_15_img_180.npy,invalid,15,LE07_145039_20011020,78.64661,31.04899,0,0,0.0,1.0
slice_15_img_182.npy,invalid,15,LE07_145039_20011020,78.9646,31.0544,0,0,0.2178,1.0
slice_15_img_186.npy,train,15,LE07_145039_20011020,79.60082,31.06287,0,0,0.9202,1.0
slice_15_img_187.npy,train,15,LE07_145039_20011020,79.75992,31.0645,0,0,1.0,1.0
slice_15_img_189.npy,train,15,LE07_145039_20011020,80.07814,31.06717,0,0,1.0,1.0
slice_15_img_192.npy,train,15,LE07_145039_20011020,80.55553,31.06969,0,0,0.7319,1.0
slice_15_img_193.npy,invalid,15,LE07_145039_20011020,80.71468,31.07015,0,0,0.0,1.0
slice_15_img_194.npy,invalid,15,LE07_145039_20011020,80.87382,31.0704,0,0,0.0,1.0
slice_15_img_201.npy,invalid,15,LE07_145039_20011020,79.59881,31.19982,0,0,0.0012,1.0
slice_15_img_209.npy,invalid,15,LE07_145039_20011020,80.87364,31.20739,0,0,0.0,1.0
slice_16_img_001.npy,invalid,16,LE07_149035_20070915,74.15486,35.14856,0,0,0.0,1.0
slice_16_img_002.npy,test,16,LE07_149035_20070915,74.32152,35.14961,34347,0,0.3235,1.0
slice_16_img_003.npy,test,16,LE07_149035_20070915,74.48819,35.15043,46712,0,0.8679,1.0
slice_16_img_004.npy,dropped_straddler,16,LE07_149035_20070915,74.65486,35.15102,28947,0,0.6936,1.0
slice_16_img_005.npy,buffer_removed,16,LE07_149035_20070915,74.82154,35.15138,32650,0,0.4934,0.7779
slice_16_img_006.npy,train,16,LE07_149035_20070915,74.98823,35.15151,7332,0,0.345,0.7976
slice_16_img_007.npy,invalid,16,LE07_149035_20070915,75.15491,35.15141,460,0,0.1707,0.7046
slice_16_img_008.npy,invalid,16,LE07_149035_20070915,75.32159,35.15108,2908,0,0.0202,0.3174
slice_16_img_009.npy,invalid,16,LE07_149035_20070915,75.48826,35.15052,0,0,0.0,0.0
slice_16_img_015.npy,invalid,16,LE07_149035_20070915,73.9865,35.28416,0,0,0.0,1.0
slice_16_img_017.npy,test,16,LE07_149035_20070915,74.32038,35.2865,19966,16061,0.5662,1.0
slice_16_img_018.npy,test,16,LE07_149035_20070915,74.48733,35.28732,16957,7013,1.0,1.0
slice_16_img_020.npy,buffer_removed,16,LE07_149035_20070915,74.82124,35.28828,8400,0,1.0,1.0
slice_16_img_021.npy,train,16,LE07_149035_20070915,74.98821,35.28841,10729,0,1.0,1.0
slice_16_img_022.npy,train,16,LE07_149035_20070915,75.15517,35.28831,34530,0,1.0,1.0
slice_16_img_023.npy,train,16,LE07_149035_20070915,75.32213,35.28798,32823,6,0.9107,0.9292
slice_16_img_024.npy,invalid,16,LE07_149035_20070915,75.48909,35.28742,342,0,0.09,0.09
slice_16_img_032.npy,test,16,LE07_149035_20070915,74.31923,35.42338,120014,11765,0.7964,1.0
slice_16_img_033.npy,test,16,LE07_149035_20070915,74.48646,35.42421,90446,23749,1.0,1.0
slice_16_img_034.npy,dropped_straddler,16,LE07_149035_20070915,74.6537,35.42481,30859,5879,1.0,1.0
slice_16_img_035.npy,buffer_removed,16,LE07_149035_20070915,74.82094,35.42517,3086,1281,1.0,1.0
slice_16_img_036.npy,train,16,LE07_149035_20070915,74.98819,35.4253,33674,1953,1.0,1.0
slice_16_img_037.npy,train,16,LE07_149035_20070915,75.15543,35.4252,24256,904,1.0,1.0
slice_16_img_038.npy,train,16,LE07_149035_20070915,75.32267,35.42487,32848,1756,1.0,1.0
slice_16_img_039.npy,train,16,LE07_149035_20070915,75.48991,35.42431,56634,0,0.962,0.962
slice_16_img_040.npy,train,16,LE07_149035_20070915,75.65714,35.42352,6211,0,0.9755,0.9755
slice_16_img_045.npy,invalid,16,LE07_149035_20070915,73.98307,35.55791,0,0,0.0,1.0
slice_16_img_046.npy,invalid,16,LE07_149035_20070915,74.15057,35.5592,2824,793,0.0579,1.0
slice_16_img_047.npy,test,16,LE07_149035_20070915,74.31807,35.56027,76244,19876,0.9794,1.0
slice_16_img_048.npy,test,16,LE07_149035_20070915,74.48559,35.5611,125356,13271,1.0,1.0
slice_16_img_049.npy,dropped_straddler,16,LE07_149035_20070915,74.65311,35.5617,129246,27624,1.0,1.0
slice_16_img_050.npy,buffer_removed,16,LE07_149035_20070915,74.82064,35.56206,34876,19765,1.0,1.0
slice_16_img_051.npy,train,16,LE07_149035_20070915,74.98817,35.5622,9306,2917,1.0,1.0
slice_16_img_052.npy,train,16,LE07_149035_20070915,75.15569,35.5621,22561,2410,1.0,1.0
slice_16_img_053.npy,train,16,LE07_149035_20070915,75.32322,35.56176,33800,0,1.0,1.0
slice_16_img_054.npy,train,16,LE07_149035_20070915,75.49074,35.5612,49164,0,1.0,1.0
slice_16_img_055.npy,train,16,LE07_149035_20070915,75.65826,35.5604,77220,0,1.0,1.0
slice_16_img_056.npy,train,16,LE07_149035_20070915,75.82577,35.55937,1051,0,0.966,0.966
slice_16_img_057.npy,invalid,16,LE07_149035_20070915,75.99327,35.5581,0,0,0.1185,0.1185
slice_16_img_059.npy,invalid,16,LE07_149035_20070915,76.32823,35.55488,0,0,0.0,0.0
slice_16_img_061.npy,invalid,16,LE07_149035_20070915,74.14912,35.69608,11941,1396,0.2745,1.0
slice_16_img_062.npy,test,16,LE07_149035_20070915,74.31691,35.69715,12632,4161,1.0,1.0
slice_16_img_063.npy,test,16,LE07_149035_20070915,74.48471,35.69798,64735,17811,1.0,1.0
slice_16_img_064.npy,dropped_straddler,16,LE07_149035_20070915,74.65252,35.69858,60297,9218,1.0,1.0
slice_16_img_065.npy,buffer_removed,16,LE07_149035_20070915,74.82033,35.69895,34220,6097,1.0,1.0
slice_16_img_066.npy,train,16,LE07_149035_20070915,74.98815,35.69908,33547,11258,1.0,1.0
slice_16_img_067.npy,train,16,LE07_149035_20070915,75.15596,35.69898,73290,8783,1.0,1.0
slice_16_img_068.npy,train,16,LE07_149035_20070915,75.32377,35.69865,39455,4514,1.0,1.0
slice_16_img_069.npy,train,16,LE07_149035_20070915,75.49158,35.69808,18472,7587,1.0,1.0
slice_16_img_070.npy,train,16,LE07_149035_20070915,75.65938,35.69728,26148,648,1.0,1.0
slice_16_img_071.npy,train,16,LE07_149035_20070915,75.82718,35.69624,0,0,1.0,1.0
slice_16_img_076.npy,test,16,LE07_149035_20070915,74.14766,35.83295,12757,0,0.5084,1.0
slice_16_img_078.npy,test,16,LE07_149035_20070915,74.48383,35.83486,9424,2799,1.0,1.0
slice_16_img_079.npy,dropped_straddler,16,LE07_149035_20070915,74.65192,35.83547,11542,1715,1.0,1.0
slice_16_img_080.npy,buffer_removed,16,LE07_149035_20070915,74.82002,35.83584,11066,8957,1.0,1.0
slice_16_img_081.npy,train,16,LE07_149035_20070915,74.98813,35.83597,51007,6141,1.0,1.0
slice_16_img_082.npy,train,16,LE07_149035_20070915,75.15623,35.83587,124748,15241,1.0,1.0
slice_16_img_083.npy,train,16,LE07_149035_20070915,75.32433,35.83553,124284,3512,1.0,1.0
slice_16_img_084.npy,train,16,LE07_149035_20070915,75.49242,35.83496,68166,22058,1.0,1.0
slice_16_img_085.npy,train,16,LE07_149035_20070915,75.66051,35.83416,64927,18227,1.0,1.0
slice_16_img_091.npy,test,16,LE07_149035_20070915,74.14619,35.96982,2593,0,0.7451,1.0
slice_16_img_092.npy,test,16,LE07_149035_20070915,74.31456,35.9709,1558,0,1.0,1.0
slice_16_img_093.npy,test,16,LE07_149035_20070915,74.48294,35.97174,63400,5147,1.0,1.0
slice_16_img_094.npy,dropped_straddler,16,LE07_149035_20070915,74.65133,35.97235,110923,11568,1.0,1.0
slice_16_img_095.npy,buffer_removed,16,LE07_149035_20070915,74.81971,35.97272,111337,12068,1.0,1.0
slice_16_img_096.npy,train,16,LE07_149035_20070915,74.98811,35.97285,44116,15601,1.0,1.0
slice_16_img_097.npy,train,16,LE07_149035_20070915,75.1565,35.97275,84323,51417,1.0,1.0
slice_16_img_098.npy,train,16,LE07_149035_20070915,75.32489,35.97242,130052,48633,1.0,1.0
slice_16_img_099.npy,train,16,LE07_149035_20070915,75.49327,35.97184,165802,3289,1.0,1.0
slice_16_img_100.npy,train,16,LE07_149035_20070915,75.66165,35.97103,193412,0,1.0,1.0
slice_16_img_101.npy,train,16,LE07_149035_20070915,75.83002,35.96998,5624,0,0.9454,0.9454
slice_16_img_107.npy,test,16,LE07_149035_20070915,74.31337,36.10777,119,0,1.0,1.0
slice_16_img_108.npy,test,16,LE07_149035_20070915,74.48204,36.10862,565,24,1.0,1.0
slice_16_img_109.npy,dropped_straddler,16,LE07_149035_20070915,74.65072,36.10923,25828,7463,1.0,1.0
slice_16_img_110.npy,buffer_removed,16,LE07_149035_20070915,74.8194,36.1096,80677,8092,1.0,1.0
slice_16_img_111.npy,train,16,LE07_149035_20070915,74.98808,36.10974,152637,15441,1.0,1.0
slice_16_img_112.npy,train,16,LE07_149035_20070915,75.15677,36.10963,107936,33473,1.0,1.0
slice_16_img_113.npy,train,16,LE07_149035_20070915,75.32545,36.10929,76284,17772,1.0,1.0
slice_16_img_114.npy,train,16,LE07_149035_20070915,75.49413,36.10872,129059,17403,1.0,1.0
slice_16_img_115.npy,train,16,LE07_149035_20070915,75.6628,36.1079,204417,3345,1.0,1.0
slice_16_img_116.npy,train,16,LE07_149035_20070915,75.83146,36.10685,163892,5171,0.999,0.999
slice_16_img_117.npy,train,16,LE07_149035_20070915,76.00012,36.10556,84218,16686,0.6656,0.6656
slice_16_img_118.npy,invalid,16,LE07_149035_20070915,76.16876,36.10403,15807,255,0.0852,0.0852
slice_16_img_121.npy,test,16,LE07_149035_20070915,74.14322,36.24354,528,0,1.0,1.0
slice_16_img_122.npy,test,16,LE07_149035_20070915,74.31218,36.24464,347,0,1.0,1.0
slice_16_img_125.npy,buffer_removed,16,LE07_149035_20070915,74.81909,36.24648,27924,5508,1.0,1.0
slice_16_img_126.npy,train,16,LE07_149035_20070915,74.98806,36.24661,141524,13150,1.0,1.0
slice_16_img_127.npy,train,16,LE07_149035_20070915,75.15704,36.24651,90404,30207,1.0,1.0
slice_16_img_128.npy,train,16,LE07_149035_20070915,75.32602,36.24617,37737,11065,1.0,1.0
slice_16_img_129.npy,train,16,LE07_149035_20070915,75.49499,36.24559,78495,21149,1.0,1.0
slice_16_img_130.npy,train,16,LE07_149035_20070915,75.66395,36.24477,102559,25340,1.0,1.0
slice_16_img_131.npy,train,16,LE07_149035_20070915,75.83291,36.24371,123559,25993,1.0,1.0
slice_16_img_132.npy,train,16,LE07_149035_20070915,76.00186,36.24242,93935,23995,1.0,1.0
slice_16_img_133.npy,train,16,LE07_149035_20070915,76.17079,36.24088,66376,3946,0.3935,0.5031
slice_16_img_134.npy,invalid,16,LE07_149035_20070915,76.33971,36.23911,0,0,0.0,0.391
slice_16_img_138.npy,test,16,LE07_149035_20070915,74.48023,36.38236,0,0,1.0,1.0
slice_16_img_139.npy,dropped_straddler,16,LE07_149035_20070915,74.6495,36.38297,0,0,1.0,1.0
slice_16_img_140.npy,buffer_removed,16,LE07_149035_20070915,74.81877,36.38335,90,0,1.0,1.0
slice_16_img_141.npy,train,16,LE07_149035_20070915,74.98804,36.38349,12138,2536,1.0,1.0
slice_16_img_142.npy,train,16,LE07_149035_20070915,75.15732,36.38338,24045,2095,1.0,1.0
slice_16_img_143.npy,train,16,LE07_149035_20070915,75.32659,36.38304,15409,1099,1.0,1.0
slice_16_img_144.npy,train,16,LE07_149035_20070915,75.49585,36.38246,9819,592,1.0,1.0
slice_16_img_145.npy,train,16,LE07_149035_20070915,75.66511,36.38164,15771,751,1.0,1.0
slice_16_img_146.npy,train,16,LE07_149035_20070915,75.83437,36.38057,41390,18565,1.0,1.0
slice_16_img_147.npy,train,16,LE07_149035_20070915,76.00361,36.37927,29818,1123,1.0,1.0
slice_16_img_148.npy,train,16,LE07_149035_20070915,76.17284,36.37773,30019,7436,0.4987,1.0
slice_16_img_154.npy,dropped_straddler,16,LE07_149035_20070915,74.64888,36.51984,0,0,1.0,1.0
slice_16_img_155.npy,buffer_removed,16,LE07_149035_20070915,74.81845,36.52022,15653,1266,1.0,1.0
slice_16_img_156.npy,train,16,LE07_149035_20070915,74.98802,36.52036,2216,0,1.0,1.0
slice_16_img_157.npy,train,16,LE07_149035_20070915,75.15759,36.52025,1491,0,1.0,1.0
slice_16_img_158.npy,train,16,LE07_149035_20070915,75.32716,36.51991,4410,0,1.0,1.0
slice_16_img_159.npy,train,16,LE07_149035_20070915,75.49672,36.51932,26360,0,1.0,1.0
slice_16_img_160.npy,train,16,LE07_149035_20070915,75.66628,36.5185,35992,11,1.0,1.0
slice_16_img_161.npy,train,16,LE07_149035_20070915,75.83583,36.51743,48877,4447,1.0,1.0
slice_16_img_162.npy,train,16,LE07_149035_20070915,76.00537,36.51612,61434,6246,1.0,1.0
slice_16_img_163.npy,invalid,16,LE07_149035_20070915,76.1749,36.51457,6428,1890,0.2578,1.0
slice_16_img_165.npy,test,16,LE07_149035_20070915,73.96886,36.65276,0,0,0.802,1.0
slice_16_img_168.npy,test,16,LE07_149035_20070915,74.4784,36.65608,0,0,1.0,1.0
slice_16_img_169.npy,dropped_straddler,16,LE07_149035_20070915,74.64826,36.65671,9480,2980,1.0,1.0
slice_16_img_170.npy,buffer_removed,16,LE07_149035_20070915,74.81813,36.65709,1402,812,1.0,1.0
slice_16_img_171.npy,train,16,LE07_149035_20070915,74.988,36.65722,19342,1418,1.0,1.0
slice_16_img_172.npy,train,16,LE07_149035_20070915,75.15787,36.65712,58429,680,1.0,1.0
slice_16_img_173.npy,train,16,LE07_149035_20070915,75.32774,36.65677,18387,0,1.0,1.0
slice_16_img_174.npy,train,16,LE07_149035_20070915,75.4976,36.65619,1090,0,1.0,1.0
slice_16_img_175.npy,train,16,LE07_149035_20070915,75.66746,36.65536,393,0,1.0,1.0
slice_16_img_176.npy,train,16,LE07_149035_20070915,75.83731,36.65428,1101,0,1.0,1.0
slice_16_img_177.npy,train,16,LE07_149035_20070915,76.00715,36.65297,44960,3965,0.9664,1.0
slice_16_img_178.npy,invalid,16,LE07_149035_20070915,76.17698,36.65141,2787,181,0.0593,1.0
slice_16_img_179.npy,invalid,16,LE07_149035_20070915,76.34679,36.64961,0,0,0.0,1.0
slice_16_img_183.npy,test,16,LE07_149035_20070915,74.47747,36.79294,3908,1597,0.4283,1.0
slice_16_img_184.npy,dropped_straddler,16,LE07_149035_20070915,74.64764,36.79357,48528,4988,0.6039,1.0
slice_16_img_185.npy,buffer_removed,16,LE07_149035_20070915,74.81781,36.79395,7315,6353,0.7792,1.0
slice_16_img_186.npy,train,16,LE07_149035_20070915,74.98798,36.79409,22065,0,0.9495,1.0
slice_16_img_187.npy,train,16,LE07_149035_20070915,75.15815,36.79398,33070,0,1.0,1.0
slice_16_img_188.npy,train,16,LE07_149035_20070915,75.32832,36.79364,16218,0,1.0,1.0
slice_16_img_189.npy,train,16,LE07_149035_20070915,75.49849,36.79305,6368,0,1.0,1.0
slice_16_img_191.npy,train,16,LE07_149035_20070915,75.8388,36.79113,0,0,1.0,1.0
slice_16_img_192.npy,train,16,LE07_149035_20070915,76.00894,36.78981,3441,209,0.7849,1.0
slice_16_img_193.npy,invalid,16,LE07_149035_20070915,76.17907,36.78825,0,0,0.0002,1.0
slice_16_img_201.npy,invalid,16,LE07_149035_20070915,74.98796,36.93095,0,0,0.0086,1.0
slice_16_img_202.npy,invalid,16,LE07_149035_20070915,75.15843,36.93085,3299,0,0.1424,1.0
slice_16_img_203.npy,train,16,LE07_149035_20070915,75.32891,36.9305,6318,0,0.3181,1.0
slice_16_img_204.npy,train,16,LE07_149035_20070915,75.49938,36.9299,2274,0,0.4938,1.0
slice_16_img_205.npy,train,16,LE07_149035_20070915,75.66984,36.92906,253,0,0.6695,1.0
slice_16_img_207.npy,train,16,LE07_149035_20070915,76.01074,36.92665,0,0,0.5518,1.0
slice_16_img_208.npy,invalid,16,LE07_149035_20070915,76.18117,36.92508,0,0,0.0,1.0
slice_17_img_000.npy,invalid,17,LE07_136041_20060731,91.89742,26.54465,0,0,0.0,0.0
slice_17_img_009.npy,invalid,17,LE07_136041_20060731,93.26909,26.54866,0,0,0.0,1.0
slice_17_img_010.npy,invalid,17,LE07_136041_20060731,93.4215,26.54829,0,0,0.0,1.0
slice_17_img_017.npy,invalid,17,LE07_136041_20060731,92.20125,26.68375,0,0,0.0,0.0
slice_17_img_020.npy,invalid,17,LE07_136041_20060731,92.65902,26.68559,505,0,0.1095,0.1095
slice_17_img_021.npy,east,17,LE07_136041_20060731,92.81161,26.68587,22485,0,0.5514,0.5514
slice_17_img_022.npy,east,17,LE07_136041_20060731,92.96421,26.68599,1770,0,0.9909,0.9909
slice_17_img_026.npy,east,17,LE07_136041_20060731,93.5746,26.68484,0,0,0.5691,1.0
slice_17_img_028.npy,invalid,17,LE07_136041_20060731,93.87976,26.68327,0,0,0.2477,1.0
slice_17_img_034.npy,invalid,17,LE07_136041_20060731,92.50583,26.82221,0,0,0.0,0.0
slice_17_img_035.npy,east,17,LE07_136041_20060731,92.65861,26.82266,12927,0,0.3923,0.3923
slice_17_img_036.npy,east,17,LE07_136041_20060731,92.81139,26.82295,10568,0,1.0,1.0
slice_17_img_037.npy,east,17,LE07_136041_20060731,92.96417,26.82307,678,0,1.0,1.0
slice_17_img_038.npy,east,17,LE07_136041_20060731,93.11695,26.82303,0,0,1.0,1.0
slice_17_img_049.npy,invalid,17,LE07_136041_20060731,92.50523,26.95928,216,0,0.1503,0.1503
slice_17_img_050.npy,east,17,LE07_136041_20060731,92.6582,26.95974,4376,0,0.729,0.729
slice_17_img_051.npy,east,17,LE07_136041_20060731,92.81116,26.96003,1674,0,1.0,1.0
slice_17_img_052.npy,east,17,LE07_136041_20060731,92.96413,26.96015,0,0,1.0,1.0
slice_17_img_057.npy,east,17,LE07_136041_20060731,93.72893,26.95827,0,0,1.0,1.0
slice_17_img_061.npy,invalid,17,LE07_136041_20060731,92.04522,27.09398,440,0,0.2562,0.4969
slice_17_img_062.npy,east,17,LE07_136041_20060731,92.19835,27.09494,3691,0,0.84,0.84
slice_17_img_063.npy,east,17,LE07_136041_20060731,92.35149,27.09573,32639,1611,0.83,0.83
slice_17_img_064.npy,east,17,LE07_136041_20060731,92.50463,27.09635,15626,0,0.9783,0.9783
slice_17_img_065.npy,east,17,LE07_136041_20060731,92.65778,27.09681,564,0,1.0,1.0
slice_17_img_070.npy,east,17,LE07_136041_20060731,93.42354,27.09659,0,0,1.0,1.0
slice_17_img_071.npy,east,17,LE07_136041_20060731,93.57668,27.09604,0,0,1.0,1.0
slice_17_img_077.npy,east,17,LE07_136041_20060731,92.19737,27.232,0,0,1.0,1.0
slice_17_img_079.npy,east,17,LE07_136041_20060731,92.50403,27.23342,0,0,1.0,1.0
slice_17_img_081.npy,east,17,LE07_136041_20060731,92.8107,27.23417,0,0,1.0,1.0
slice_17_img_083.npy,east,17,LE07_136041_20060731,93.11738,27.23425,0,0,1.0,1.0
slice_17_img_085.npy,east,17,LE07_136041_20060731,93.42405,27.23365,0,0,1.0,1.0
slice_17_img_086.npy,east,17,LE07_136041_20060731,93.57738,27.23311,0,0,1.0,1.0
slice_17_img_091.npy,east,17,LE07_136041_20060731,92.04288,27.36808,0,0,0.7552,1.0
slice_17_img_097.npy,east,17,LE07_136041_20060731,92.964,27.37136,0,0,1.0,1.0
slice_17_img_117.npy,east,17,LE07_136041_20060731,93.73251,27.5065,0,0,1.0,1.0
slice_17_img_118.npy,east,17,LE07_136041_20060731,93.88621,27.50561,0,0,0.8463,1.0
slice_17_img_119.npy,invalid,17,LE07_136041_20060731,94.0399,27.50454,0,0,0.0,1.0
slice_17_img_121.npy,east,17,LE07_136041_20060731,92.04051,27.64217,0,0,1.0,1.0
slice_17_img_123.npy,east,17,LE07_136041_20060731,92.34829,27.64396,0,0,1.0,1.0
slice_17_img_131.npy,east,17,LE07_136041_20060731,93.57953,27.64428,0,0,1.0,1.0
slice_17_img_132.npy,east,17,LE07_136041_20060731,93.73343,27.64355,0,0,1.0,1.0
slice_17_img_137.npy,east,17,LE07_136041_20060731,92.19339,27.7802,0,0,1.0,1.0
slice_17_img_145.npy,east,17,LE07_136041_20060731,93.42616,27.78189,0,0,1.0,1.0
slice_17_img_146.npy,east,17,LE07_136041_20060731,93.58025,27.78133,0,0,1.0,1.0
slice_17_img_150.npy,east,17,LE07_136041_20060731,91.88383,27.91508,0,0,0.6781,1.0
slice_17_img_152.npy,east,17,LE07_136041_20060731,92.19237,27.91724,0,0,1.0,1.0
slice_17_img_155.npy,east,17,LE07_136041_20060731,92.65523,27.91917,0,0,1.0,1.0
slice_17_img_159.npy,east,17,LE07_136041_20060731,93.2724,27.91934,0,0,1.0,1.0
slice_17_img_174.npy,east,17,LE07_136041_20060731,93.27275,28.05639,0,0,1.0,1.0
slice_17_img_176.npy,east,17,LE07_136041_20060731,93.58172,28.05543,0,0,1.0,1.0
slice_17_img_178.npy,invalid,17,LE07_136041_20060731,93.89067,28.05377,0,0,0.0136,1.0
slice_17_img_179.npy,invalid,17,LE07_136041_20060731,94.04513,28.05268,0,0,0.0,1.0
slice_17_img_180.npy,invalid,17,LE07_136041_20060731,91.881,28.18914,0,0,0.0003,1.0
slice_17_img_181.npy,invalid,17,LE07_136041_20060731,92.03566,28.19031,0,0,0.0897,1.0
slice_17_img_190.npy,east,17,LE07_136041_20060731,93.42778,28.19304,0,0,1.0,1.0
slice_17_img_194.npy,invalid,17,LE07_136041_20060731,94.04646,28.18971,0,0,0.0,1.0
slice_18_img_005.npy,invalid,18,LE07_136040_20060731,92.99945,27.98847,0,0,0.0,0.0
slice_18_img_006.npy,invalid,18,LE07_136040_20060731,93.15384,27.98838,0,0,0.0,0.0
slice_18_img_015.npy,invalid,18,LE07_136040_20060731,92.22653,28.12334,0,0,0.0,0.0
slice_18_img_017.npy,invalid,18,LE07_136040_20060731,92.53569,28.12474,0,0,0.0,0.0
slice_18_img_021.npy,invalid,18,LE07_136040_20060731,93.15404,28.12544,0,0,0.0,0.0
slice_18_img_023.npy,invalid,18,LE07_136040_20060731,93.46321,28.12474,0,0,0.0,0.0
slice_18_img_026.npy,invalid,18,LE07_136040_20060731,93.92693,28.12239,0,0,0.0,0.0
slice_18_img_028.npy,invalid,18,LE07_136040_20060731,94.23604,28.11995,0,0,0.0,0.0
slice_18_img_032.npy,invalid,18,LE07_136040_20060731,92.53509,28.26178,0,0,0.0,0.0
slice_18_img_033.npy,invalid,18,LE07_136040_20060731,92.68988,28.26222,0,0,0.0,0.0
slice_18_img_044.npy,invalid,18,LE07_136040_20060731,94.39236,28.25548,0,0,0.0,0.0
slice_18_img_046.npy,invalid,18,LE07_136040_20060731,92.37952,28.39821,0,0,0.0,0.0
slice_18_img_048.npy,invalid,18,LE07_136040_20060731,92.68948,28.39927,0,0,0.0,0.0
slice_18_img_051.npy,invalid,18,LE07_136040_20060731,93.15443,28.39953,0,0,0.0,0.0
slice_18_img_052.npy,invalid,18,LE07_136040_20060731,93.30941,28.39927,0,0,0.0,0.0
slice_18_img_053.npy,invalid,18,LE07_136040_20060731,93.4644,28.39883,0,0,0.0,0.0
slice_18_img_055.npy,invalid,18,LE07_136040_20060731,93.77434,28.39742,0,0,0.0,0.0
slice_18_img_072.npy,invalid,18,LE07_136040_20060731,94.08566,28.53233,0,0,0.0,0.0
slice_18_img_080.npy,invalid,18,LE07_136040_20060731,92.99944,28.67371,0,0,0.0,0.0
slice_18_img_082.npy,invalid,18,LE07_136040_20060731,93.31022,28.67335,0,0,0.0,0.0
slice_18_img_083.npy,invalid,18,LE07_136040_20060731,93.4656,28.67291,0,0,0.0,0.0
slice_18_img_090.npy,invalid,18,LE07_136040_20060731,92.22153,28.8085,0,0,0.0,0.0
slice_18_img_097.npy,invalid,18,LE07_136040_20060731,93.31062,28.81039,0,0,0.0,0.0
slice_18_img_106.npy,invalid,18,LE07_136040_20060731,92.37628,28.94634,0,0,0.0,0.0
slice_18_img_107.npy,invalid,18,LE07_136040_20060731,92.53207,28.94697,0,0,0.0,0.0
slice_18_img_110.npy,invalid,18,LE07_136040_20060731,92.99944,28.94778,0,0,0.0,0.0
slice_18_img_112.npy,invalid,18,LE07_136040_20060731,93.31103,28.94742,0,0,0.0,0.0
slice_18_img_116.npy,east,18,LE07_136040_20060731,93.93416,28.94454,0,0,0.6797,0.6797
slice_18_img_121.npy,invalid,18,LE07_136040_20060731,92.37546,29.08336,0,0,0.0,0.0
slice_18_img_122.npy,invalid,18,LE07_136040_20060731,92.53145,29.084,0,0,0.0,0.0
slice_18_img_128.npy,east,18,LE07_136040_20060731,93.46744,29.084,4762,0,0.5472,0.5472
slice_18_img_131.npy,east,18,LE07_136040_20060731,93.93539,29.08155,0,0,1.0,1.0
slice_18_img_132.npy,east,18,LE07_136040_20060731,94.09136,29.08038,0,0,1.0,1.0
slice_18_img_136.npy,invalid,18,LE07_136040_20060731,92.37463,29.22038,0,0,0.0,0.0
slice_18_img_141.npy,invalid,18,LE07_136040_20060731,93.15565,29.22175,0,0,0.2472,0.2472
slice_18_img_142.npy,east,18,LE07_136040_20060731,93.31185,29.22148,0,0,0.9108,0.9108
slice_18_img_144.npy,east,18,LE07_136040_20060731,93.62425,29.22039,0,0,1.0,1.0
slice_18_img_149.npy,invalid,18,LE07_136040_20060731,94.40513,29.21447,0,0,0.0,1.0
slice_18_img_162.npy,east,18,LE07_136040_20060731,94.09427,29.35438,0,0,1.0,1.0
slice_18_img_164.npy,invalid,18,LE07_136040_20060731,94.40701,29.35145,0,0,0.0,1.0
slice_18_img_169.npy,invalid,18,LE07_136040_20060731,92.84281,29.49581,1590,0,0.1743,0.1743
slice_18_img_171.npy,east,18,LE07_136040_20060731,93.15607,29.49581,0,0,1.0,1.0
slice_18_img_172.npy,east,18,LE07_136040_20060731,93.31269,29.49553,0,0,1.0,1.0
slice_18_img_176.npy,east,18,LE07_136040_20060731,93.93914,29.49258,0,0,1.0,1.0
slice_18_img_178.npy,invalid,18,LE07_136040_20060731,94.25232,29.49,0,0,0.006,1.0
slice_18_img_183.npy,invalid,18,LE07_136040_20060731,92.68577,29.63255,2031,0,0.1805,0.5967
slice_18_img_184.npy,east,18,LE07_136040_20060731,92.8426,29.63283,21520,0,0.5739,0.991
slice_18_img_185.npy,east,18,LE07_136040_20060731,92.99944,29.63292,612,0,0.7443,1.0
slice_18_img_190.npy,east,18,LE07_136040_20060731,93.7836,29.63061,0,0,1.0,1.0
slice_19_img_003.npy,invalid,19,LE07_135040_20081102,94.23329,28.00298,0,0,0.0,0.0
slice_19_img_008.npy,invalid,19,LE07_135040_20081102,95.00501,27.99389,0,0,0.0,0.0
slice_19_img_009.npy,invalid,19,LE07_135040_20081102,95.15931,27.99155,0,0,0.0,0.0
slice_19_img_010.npy,invalid,19,LE07_135040_20081102,95.31359,27.98904,0,0,0.0,0.0
slice_19_img_011.npy,invalid,19,LE07_135040_20081102,95.46784,27.98636,0,0,0.0,0.0
slice_19_img_012.npy,invalid,19,LE07_135040_20081102,95.62208,27.9835,0,0,0.0,0.0
slice_19_img_019.npy,invalid,19,LE07_135040_20081102,94.38942,28.13852,0,0,0.0,0.0
slice_19_img_024.npy,invalid,19,LE07_135040_20081102,95.16205,28.12851,0,0,0.0,0.0
slice_19_img_031.npy,invalid,19,LE07_135040_20081102,93.92687,28.27947,0,0,0.0,0.0
slice_19_img_034.npy,invalid,19,LE07_135040_20081102,94.3912,28.27553,0,0,0.0,0.0
slice_19_img_035.npy,invalid,19,LE07_135040_20081102,94.54595,28.27387,0,0,0.0,0.0
slice_19_img_038.npy,invalid,19,LE07_135040_20081102,95.01012,28.26782,0,0,0.0,0.0
slice_19_img_042.npy,invalid,19,LE07_135040_20081102,95.62875,28.25732,0,0,0.0,0.0
slice_19_img_044.npy,invalid,19,LE07_135040_20081102,95.93794,28.25102,0,0,0.0,0.0
slice_19_img_045.npy,invalid,19,LE07_135040_20081102,93.77306,28.41747,0,0,0.0,0.0
slice_19_img_046.npy,invalid,19,LE07_135040_20081102,93.92806,28.4165,0,0,0.0,0.0
slice_19_img_048.npy,invalid,19,LE07_135040_20081102,94.23802,28.41403,0,0,0.0,0.0
slice_19_img_051.npy,invalid,19,LE07_135040_20081102,94.70287,28.40901,0,0,0.1009,0.1009
slice_19_img_056.npy,invalid,19,LE07_135040_20081102,95.4773,28.39713,0,0,0.0,0.0
slice_19_img_058.npy,east,19,LE07_135040_20081102,95.78693,28.39114,2659,0,0.5853,0.5853
slice_19_img_059.npy,east,19,LE07_135040_20081102,95.9417,28.38788,1203,0,0.4856,0.7849
slice_19_img_068.npy,invalid,19,LE07_135040_20081102,95.0153,28.54175,0,0,0.0861,0.0861
slice_19_img_081.npy,east,19,LE07_135040_20081102,94.70729,28.68298,0,0,1.0,1.0
slice_19_img_089.npy,invalid,19,LE07_135040_20081102,95.94932,28.66161,0,0,0.2571,1.0
slice_19_img_090.npy,invalid,19,LE07_135040_20081102,93.77608,28.82855,0,0,0.0,0.0
slice_19_img_095.npy,east,19,LE07_135040_20081102,94.55397,28.82184,0,0,1.0,1.0
slice_19_img_102.npy,east,19,LE07_135040_20081102,95.64239,28.80491,0,0,1.0,1.0
slice_19_img_108.npy,east,19,LE07_135040_20081102,94.24448,28.96206,0,0,1.0,1.0
slice_19_img_109.npy,east,19,LE07_135040_20081102,94.40026,28.96053,0,0,1.0,1.0
slice_19_img_110.npy,east,19,LE07_135040_20081102,94.55602,28.95882,0,0,1.0,1.0
slice_19_img_121.npy,east,19,LE07_135040_20081102,93.93414,29.1016,0,0,1.0,1.0
slice_19_img_124.npy,east,19,LE07_135040_20081102,94.40211,29.09753,0,0,1.0,1.0
slice_19_img_133.npy,east,19,LE07_135040_20081102,95.80516,29.07552,0,0,0.6446,1.0
slice_19_img_142.npy,east,19,LE07_135040_20081102,94.87244,29.22878,0,0,1.0,1.0
slice_19_img_145.npy,east,19,LE07_135040_20081102,95.34076,29.2214,0,0,1.0,1.0
slice_19_img_159.npy,east,19,LE07_135040_20081102,95.18759,29.36097,0,0,1.0,1.0
slice_19_img_175.npy,east,19,LE07_135040_20081102,95.34703,29.49522,0,0,1.0,1.0
slice_19_img_179.npy,invalid,19,LE07_135040_20081102,95.97281,29.4827,0,0,0.0,1.0
slice_19_img_181.npy,invalid,19,LE07_135040_20081102,93.93916,29.64963,0,0,0.1066,1.0
slice_19_img_182.npy,invalid,19,LE07_135040_20081102,94.09599,29.64843,0,0,0.2543,1.0
slice_19_img_184.npy,east,19,LE07_135040_20081102,94.40964,29.64546,0,0,0.55,1.0
slice_19_img_187.npy,east,19,LE07_135040_20081102,94.88,29.63963,0,0,0.978,1.0
slice_19_img_189.npy,east,19,LE07_135040_20081102,95.19349,29.63481,0,0,1.0,1.0
slice_19_img_190.npy,east,19,LE07_135040_20081102,95.3502,29.63213,0,0,1.0,1.0
slice_19_img_192.npy,east,19,LE07_135040_20081102,95.66356,29.6262,0,0,0.8118,1.0
slice_19_img_193.npy,invalid,19,LE07_135040_20081102,95.82021,29.62296,0,0,0.0013,1.0
slice_19_img_194.npy,invalid,19,LE07_135040_20081102,95.97682,29.61954,0,0,0.0,1.0
slice_1_img_000.npy,invalid,1,LE07_149034_20060726,74.38559,36.58457,0,0,0.0,0.0
slice_1_img_002.npy,invalid,1,LE07_149034_20060726,74.725,36.58584,0,0,0.0,0.0
slice_1_img_005.npy,invalid,1,LE07_149034_20060726,75.23414,36.58593,0,0,0.0,0.0
slice_1_img_007.npy,invalid,1,LE07_149034_20060726,75.57356,36.58478,0,0,0.0,0.0
slice_1_img_016.npy,invalid,1,LE07_149034_20060726,74.55451,36.72219,0,0,0.0,0.0
slice_1_img_017.npy,invalid,1,LE07_149034_20060726,74.72452,36.7227,0,0,0.0,0.0
slice_1_img_020.npy,invalid,1,LE07_149034_20060726,75.23456,36.72279,0,0,0.0,0.0
slice_1_img_021.npy,invalid,1,LE07_149034_20060726,75.40457,36.72233,0,0,0.0,0.0
slice_1_img_031.npy,invalid,1,LE07_149034_20060726,74.55371,36.85905,0,0,0.0,0.0
slice_1_img_036.npy,invalid,1,LE07_149034_20060726,75.40529,36.85919,0,0,0.0,0.0
slice_1_img_040.npy,invalid,1,LE07_149034_20060726,76.08648,36.85492,0,0,0.0,0.0
slice_1_img_046.npy,invalid,1,LE07_149034_20060726,74.55292,36.9959,0,0,0.0,0.0
slice_1_img_053.npy,invalid,1,LE07_149034_20060726,75.74724,36.99439,0,0,0.0,0.0
slice_1_img_055.npy,invalid,1,LE07_149034_20060726,76.08842,36.99175,0,0,0.0,0.0
slice_1_img_058.npy,invalid,1,LE07_149034_20060726,76.60009,36.98596,0,0,0.0,0.0
slice_1_img_063.npy,invalid,1,LE07_149034_20060726,74.89396,37.13355,0,0,0.0,0.0
slice_1_img_073.npy,invalid,1,LE07_149034_20060726,76.60297,37.12276,0,0,0.0,0.0
slice_1_img_085.npy,invalid,1,LE07_149034_20060726,76.09235,37.26542,0,0,0.0,0.0
slice_1_img_106.npy,invalid,1,LE07_149034_20060726,74.54967,37.54329,0,0,0.2515,0.2529
slice_1_img_117.npy,invalid,1,LE07_149034_20060726,76.43993,37.53537,0,0,0.0,0.0
slice_1_img_118.npy,invalid,1,LE07_149034_20060726,76.61171,37.53315,0,0,0.0,0.0
slice_1_img_119.npy,invalid,1,LE07_149034_20060726,76.78347,37.53068,0,0,0.0,0.0
slice_1_img_120.npy,invalid,1,LE07_149034_20060726,74.37667,37.67935,1285,0,0.1714,1.0
slice_1_img_121.npy,test,1,LE07_149034_20060726,74.54884,37.68013,24473,189,0.8213,0.8213
slice_1_img_122.npy,dropped_straddler,1,LE07_149034_20060726,74.72101,37.68067,20513,950,0.5851,0.5851
slice_1_img_123.npy,invalid,1,LE07_149034_20060726,74.89319,37.68095,5132,0,0.1519,0.1519
slice_1_img_126.npy,invalid,1,LE07_149034_20060726,75.40972,37.68029,0,0,0.0,0.0
slice_1_img_127.npy,invalid,1,LE07_149034_20060726,75.58188,37.67956,0,0,0.0,0.0
slice_1_img_128.npy,invalid,1,LE07_149034_20060726,75.75404,37.67859,0,0,0.0,0.0
slice_1_img_134.npy,invalid,1,LE07_149034_20060726,76.78674,37.66746,0,0,0.0,0.0
slice_1_img_135.npy,invalid,1,LE07_149034_20060726,74.37553,37.81618,7171,0,0.1893,0.7346
slice_1_img_136.npy,invalid,1,LE07_149034_20060726,74.54801,37.81697,1309,0,0.0138,0.0138
slice_1_img_139.npy,invalid,1,LE07_149034_20060726,75.06549,37.81782,0,0,0.0,0.0
slice_1_img_140.npy,invalid,1,LE07_149034_20060726,75.23798,37.8176,0,0,0.0,0.0
slice_1_img_144.npy,invalid,1,LE07_149034_20060726,75.9279,37.81418,0,0,0.0,0.0
slice_1_img_147.npy,invalid,1,LE07_149034_20060726,76.44523,37.80897,0,0,0.0,0.0
slice_1_img_148.npy,invalid,1,LE07_149034_20060726,76.61764,37.80673,0,0,0.0,0.0
slice_1_img_150.npy,test,1,LE07_149034_20060726,74.37437,37.95301,48599,156,0.6253,1.0
slice_1_img_151.npy,test,1,LE07_149034_20060726,74.54717,37.9538,68334,0,0.7749,0.7749
slice_1_img_152.npy,dropped_straddler,1,LE07_149034_20060726,74.71998,37.95434,14604,0,0.6687,0.6687
slice_1_img_153.npy,invalid,1,LE07_149034_20060726,74.89279,37.95463,11083,0,0.2314,0.2314
slice_1_img_154.npy,train,1,LE07_149034_20060726,75.06561,37.95466,13330,0,0.3776,0.3776
slice_1_img_155.npy,invalid,1,LE07_149034_20060726,75.23842,37.95443,207,0,0.071,0.071
slice_1_img_157.npy,invalid,1,LE07_149034_20060726,75.58404,37.95323,0,0,0.0,0.0
slice_1_img_161.npy,invalid,1,LE07_149034_20060726,76.27516,37.94776,0,0,0.0,0.0
slice_1_img_164.npy,invalid,1,LE07_149034_20060726,76.79334,37.94101,0,0,0.0,0.0
slice_1_img_165.npy,test,1,LE07_149034_20060726,74.3732,38.08984,28350,0,0.7599,1.0
slice_1_img_166.npy,test,1,LE07_149034_20060726,74.54633,38.09063,13130,0,0.9991,1.0
slice_1_img_167.npy,dropped_straddler,1,LE07_149034_20060726,74.71946,38.09118,13647,0,1.0,1.0
slice_1_img_168.npy,train,1,LE07_149034_20060726,74.89259,38.09146,42282,0,0.9704,0.9704
slice_1_img_169.npy,train,1,LE07_149034_20060726,75.06573,38.09149,8340,0,1.0,1.0
slice_1_img_170.npy,train,1,LE07_149034_20060726,75.23886,38.09127,18230,249,0.9897,0.9897
slice_1_img_171.npy,train,1,LE07_149034_20060726,75.412,38.09079,23329,0,0.3533,0.3533
slice_1_img_177.npy,invalid,1,LE07_149034_20060726,76.4506,38.08256,0,0,0.0,0.0
slice_1_img_178.npy,invalid,1,LE07_149034_20060726,76.62365,38.08029,0,0,0.0,0.0
slice_1_img_179.npy,invalid,1,LE07_149034_20060726,76.79668,38.07777,0,0,0.0,0.0
slice_1_img_180.npy,invalid,1,LE07_149034_20060726,74.37203,38.22666,0,0,0.0,1.0
slice_1_img_183.npy,train,1,LE07_149034_20060726,74.89239,38.22829,2195,0,0.4311,1.0
slice_1_img_184.npy,train,1,LE07_149034_20060726,75.06585,38.22832,12499,0,0.6057,1.0
slice_1_img_185.npy,train,1,LE07_149034_20060726,75.23931,38.2281,50246,0,0.7826,1.0
slice_1_img_186.npy,train,1,LE07_149034_20060726,75.41277,38.22762,35999,6,0.6922,0.7392
slice_1_img_187.npy,train,1,LE07_149034_20060726,75.58622,38.22688,10804,0,0.6901,0.6901
slice_1_img_189.npy,invalid,1,LE07_149034_20060726,75.93309,38.22463,0,0,0.0001,0.0001
slice_1_img_197.npy,invalid,1,LE07_149034_20060726,74.71841,38.36483,0,0,0.0,1.0
slice_1_img_198.npy,invalid,1,LE07_149034_20060726,74.89219,38.36512,0,0,0.0,1.0
slice_1_img_200.npy,invalid,1,LE07_149034_20060726,75.23976,38.36492,0,0,0.0,1.0
slice_1_img_201.npy,invalid,1,LE07_149034_20060726,75.41354,38.36444,2,0,0.01,1.0
slice_1_img_202.npy,invalid,1,LE07_149034_20060726,75.58732,38.3637,4708,0,0.1458,1.0
slice_1_img_209.npy,invalid,1,LE07_149034_20060726,76.80342,38.3513,0,0,0.0,0.0
slice_20_img_005.npy,val,20,LE07_146039_20051123,77.91066,29.39893,0,0,0.5195,1.0
slice_20_img_007.npy,invalid,20,LE07_146039_20051123,78.22321,29.40581,0,0,0.1389,1.0
slice_20_img_010.npy,invalid,20,LE07_146039_20051123,78.69223,29.41477,0,0,0.0,1.0
slice_20_img_011.npy,invalid,20,LE07_146039_20051123,78.84862,29.41739,0,0,0.0,0.9658
slice_20_img_021.npy,val,20,LE07_146039_20051123,78.06298,29.53931,0,0,1.0,1.0
slice_20_img_023.npy,buffer_removed,20,LE07_146039_20051123,78.376,29.54586,445,0,0.9341,1.0
slice_20_img_024.npy,train,20,LE07_146039_20051123,78.53255,29.54886,44865,4702,0.7466,1.0
slice_20_img_025.npy,train,20,LE07_146039_20051123,78.68913,29.55168,15801,752,0.5563,1.0
slice_20_img_027.npy,invalid,20,LE07_146039_20051123,79.00233,29.55676,4313,0,0.1754,1.0
slice_20_img_028.npy,invalid,20,LE07_146039_20051123,79.15897,29.55902,1298,272,0.0167,1.0
slice_20_img_030.npy,invalid,20,LE07_146039_20051123,77.11938,29.65194,0,0,0.0,1.0
slice_20_img_035.npy,val,20,LE07_146039_20051123,77.90233,29.67257,0,0,1.0,1.0
slice_20_img_037.npy,dropped_straddler,20,LE07_146039_20051123,78.21572,29.67953,0,0,1.0,1.0
slice_20_img_038.npy,buffer_removed,20,LE07_146039_20051123,78.37245,29.68274,0,0,1.0,1.0
slice_20_img_039.npy,train,20,LE07_146039_20051123,78.52921,29.68576,22420,40,1.0,1.0
slice_20_img_040.npy,train,20,LE07_146039_20051123,78.686,29.68859,8888,0,1.0,1.0
slice_20_img_041.npy,train,20,LE07_146039_20051123,78.8428,29.69124,54046,6540,1.0,1.0
slice_20_img_042.npy,train,20,LE07_146039_20051123,78.99963,29.6937,30704,11247,1.0,1.0
slice_20_img_043.npy,train,20,LE07_146039_20051123,79.15647,29.69597,89582,22375,0.9594,1.0
slice_20_img_044.npy,train,20,LE07_146039_20051123,79.31333,29.69806,107131,9108,0.7794,1.0
slice_20_img_045.npy,invalid,20,LE07_146039_20051123,77.11411,29.78864,0,0,0.0,1.0
slice_20_img_048.npy,val,20,LE07_146039_20051123,77.58441,29.80165,0,0,1.0,1.0
slice_20_img_050.npy,val,20,LE07_146039_20051123,77.89811,29.80939,0,0,1.0,1.0
slice_20_img_051.npy,val,20,LE07_146039_20051123,78.05501,29.81298,0,0,1.0,1.0
slice_20_img_054.npy,train,20,LE07_146039_20051123,78.52585,29.82265,0,0,1.0,1.0
slice_20_img_056.npy,train,20,LE07_146039_20051123,78.83987,29.82816,65172,0,1.0,1.0
slice_20_img_057.npy,train,20,LE07_146039_20051123,78.99691,29.83063,111533,8085,1.0,1.0
slice_20_img_058.npy,train,20,LE07_146039_20051123,79.15396,29.83292,111973,33838,1.0,1.0
slice_20_img_059.npy,train,20,LE07_146039_20051123,79.31104,29.83502,105290,16428,0.9856,1.0
slice_20_img_062.npy,val,20,LE07_146039_20051123,77.42273,29.93425,0,0,0.9942,1.0
slice_20_img_070.npy,train,20,LE07_146039_20051123,78.67968,29.9624,0,0,1.0,1.0
slice_20_img_071.npy,train,20,LE07_146039_20051123,78.83691,29.96507,1041,0,1.0,1.0
slice_20_img_072.npy,train,20,LE07_146039_20051123,78.99416,29.96756,4825,1,1.0,1.0
slice_20_img_073.npy,train,20,LE07_146039_20051123,79.15144,29.96986,15242,1641,1.0,1.0
slice_20_img_074.npy,train,20,LE07_146039_20051123,79.30873,29.97198,67230,5803,0.7897,1.0
slice_20_img_089.npy,train,20,LE07_146039_20051123,79.3064,30.10893,298,0,0.5498,1.0
slice_20_img_091.npy,val,20,LE07_146039_20051123,77.25545,30.20332,0,0,0.5978,1.0
slice_20_img_092.npy,val,20,LE07_146039_20051123,77.41287,30.20773,0,0,1.0,1.0
slice_20_img_098.npy,buffer_removed,20,LE07_146039_20051123,78.35801,30.23021,0,0,1.0,1.0
slice_20_img_099.npy,train,20,LE07_146039_20051123,78.51563,30.23329,0,0,1.0,1.0
slice_20_img_104.npy,train,20,LE07_146039_20051123,79.30405,30.24588,0,0,0.32,1.0
slice_20_img_108.npy,val,20,LE07_146039_20051123,77.56555,30.34871,0,0,1.0,1.0
slice_20_img_111.npy,val,20,LE07_146039_20051123,78.03873,30.3603,0,0,1.0,1.0
slice_20_img_113.npy,buffer_removed,20,LE07_146039_20051123,78.35433,30.36707,0,0,1.0,1.0
slice_20_img_115.npy,train,20,LE07_146039_20051123,78.67003,30.37308,0,0,1.0,1.0
slice_20_img_117.npy,train,20,LE07_146039_20051123,78.98582,30.37833,0,0,1.0,1.0
slice_20_img_119.npy,invalid,20,LE07_146039_20051123,79.30169,30.38282,0,0,0.0801,1.0
slice_20_img_155.npy,val,20,LE07_146039_20051123,77.86781,30.76701,0,0,1.0,1.0
slice_20_img_156.npy,val,20,LE07_146039_20051123,78.02623,30.77074,0,0,1.0,1.0
slice_20_img_160.npy,train,20,LE07_146039_20051123,78.66019,30.78374,0,0,1.0,1.0
slice_20_img_161.npy,train,20,LE07_146039_20051123,78.81874,30.78651,0,0,1.0,1.0
slice_20_img_163.npy,train,20,LE07_146039_20051123,79.1359,30.79146,0,0,0.3074,1.0
slice_20_img_166.npy,val,20,LE07_146039_20051123,77.22909,30.88685,0,0,0.9982,1.0
slice_20_img_167.npy,val,20,LE07_146039_20051123,77.38761,30.89138,0,0,1.0,1.0
slice_20_img_172.npy,dropped_straddler,20,LE07_146039_20051123,78.18068,30.91111,0,0,1.0,1.0
slice_20_img_175.npy,train,20,LE07_146039_20051123,78.65686,30.92062,0,0,1.0,1.0
slice_20_img_183.npy,val,20,LE07_146039_20051123,77.54123,31.03246,0,0,0.4615,1.0
slice_20_img_189.npy,train,20,LE07_146039_20051123,78.49453,31.05451,0,0,1.0,1.0
slice_20_img_191.npy,train,20,LE07_146039_20051123,78.81251,31.06029,0,0,1.0,1.0
slice_20_img_197.npy,invalid,20,LE07_146039_20051123,77.37726,31.16481,0,0,0.0,1.0
slice_20_img_199.npy,invalid,20,LE07_146039_20051123,77.6953,31.17338,0,0,0.0,1.0
slice_20_img_200.npy,invalid,20,LE07_146039_20051123,77.85437,31.17737,0,0,0.0,1.0
slice_20_img_202.npy,invalid,20,LE07_146039_20051123,78.17259,31.18476,0,0,0.2333,1.0
slice_20_img_207.npy,train,20,LE07_146039_20051123,78.96862,31.1998,0,0,0.5576,1.0
slice_21_img_000.npy,invalid,21,LE07_146036_20090814,78.19111,33.68999,0,0,0.0,0.0094
slice_21_img_002.npy,invalid,21,LE07_146036_20090814,78.51838,33.697,0,0,0.0,0.0
slice_21_img_006.npy,invalid,21,LE07_146036_20090814,79.17324,33.70842,0,0,0.0,0.0
slice_21_img_009.npy,invalid,21,LE07_146036_20090814,79.6646,33.71471,0,0,0.0,0.0
slice_21_img_012.npy,invalid,21,LE07_146036_20090814,80.15608,33.71905,0,0,0.0,0.0
slice_21_img_023.npy,invalid,21,LE07_146036_20090814,79.49841,33.84972,0,0,0.0,0.0
slice_21_img_033.npy,invalid,21,LE07_146036_20090814,78.67466,33.97381,0,0,0.0,0.0
slice_21_img_035.npy,invalid,21,LE07_146036_20090814,79.00313,33.97958,0,0,0.0,0.0
slice_21_img_040.npy,invalid,21,LE07_146036_20090814,79.82467,33.99018,0,0,0.0,0.0
slice_21_img_043.npy,invalid,21,LE07_146036_20090814,80.31775,33.9939,0,0,0.0,0.0
slice_21_img_046.npy,invalid,21,LE07_146036_20090814,78.34202,34.10394,0,0,0.0,0.0
slice_21_img_051.npy,invalid,21,LE07_146036_20090814,79.16446,34.119,0,0,0.0,0.0
slice_21_img_054.npy,invalid,21,LE07_146036_20090814,79.65817,34.12538,0,0,0.0,0.0
slice_21_img_063.npy,invalid,21,LE07_146036_20090814,78.66716,34.24743,0,0,0.0,0.0
slice_21_img_064.npy,invalid,21,LE07_146036_20090814,78.83191,34.25046,0,0,0.0,0.0
slice_21_img_073.npy,invalid,21,LE07_146036_20090814,80.31555,34.26773,0,0,0.0,0.0
slice_21_img_074.npy,invalid,21,LE07_146036_20090814,80.48046,34.26854,0,0,0.0,0.0
slice_21_img_091.npy,invalid,21,LE07_146036_20090814,78.32905,34.51426,346,0,0.0047,0.1724
slice_21_img_094.npy,invalid,21,LE07_146036_20090814,78.82484,34.5241,0,0,0.0,0.0
slice_21_img_100.npy,invalid,21,LE07_146036_20090814,79.81702,34.53774,0,0,0.0,0.0
slice_21_img_101.npy,invalid,21,LE07_146036_20090814,79.98244,34.53923,0,0,0.0,0.0
slice_21_img_106.npy,buffer_removed,21,LE07_146036_20090814,78.32467,34.65102,51925,0,0.703,0.8863
slice_21_img_107.npy,train,21,LE07_146036_20090814,78.49018,34.65454,67853,0,0.6095,0.6095
slice_21_img_108.npy,invalid,21,LE07_146036_20090814,78.65571,34.65784,16855,0,0.293,0.293
slice_21_img_116.npy,invalid,21,LE07_146036_20090814,79.98077,34.67612,0,0,0.0,0.0
slice_21_img_120.npy,invalid,21,LE07_146036_20090814,78.15451,34.78401,66,0,0.0825,1.0
slice_21_img_121.npy,buffer_removed,21,LE07_146036_20090814,78.32026,34.78778,12663,0,0.9941,1.0
slice_21_img_122.npy,train,21,LE07_146036_20090814,78.48604,34.79132,101689,0,1.0,1.0
slice_21_img_123.npy,train,21,LE07_146036_20090814,78.65184,34.79463,48510,0,0.9968,0.9968
slice_21_img_124.npy,train,21,LE07_146036_20090814,78.81768,34.79772,8420,0,0.4626,0.4626
slice_21_img_126.npy,invalid,21,LE07_146036_20090814,79.14942,34.80322,0,0,0.0,0.0
slice_21_img_128.npy,invalid,21,LE07_146036_20090814,79.48124,34.80781,0,0,0.0,0.0
slice_21_img_133.npy,invalid,21,LE07_146036_20090814,80.31105,34.81534,0,0,0.0,0.0
slice_21_img_135.npy,dropped_straddler,21,LE07_146036_20090814,78.14979,34.92075,7823,550,0.3207,1.0
slice_21_img_136.npy,buffer_removed,21,LE07_146036_20090814,78.31582,34.92454,8758,179,1.0,1.0
slice_21_img_137.npy,train,21,LE07_146036_20090814,78.48187,34.92809,18994,0,1.0,1.0
slice_21_img_138.npy,train,21,LE07_146036_20090814,78.64795,34.93142,14605,0,1.0,1.0
slice_21_img_139.npy,train,21,LE07_146036_20090814,78.81406,34.93453,411,0,1.0,1.0
slice_21_img_140.npy,train,21,LE07_146036_20090814,78.98019,34.9374,5,0,0.3821,0.3821
slice_21_img_144.npy,invalid,21,LE07_146036_20090814,79.64493,34.94664,0,0,0.0,0.0
slice_21_img_145.npy,invalid,21,LE07_146036_20090814,79.81116,34.94838,0,0,0.0,0.0
slice_21_img_146.npy,invalid,21,LE07_146036_20090814,79.9774,34.94989,0,0,0.0,0.0
slice_21_img_150.npy,dropped_straddler,21,LE07_146036_20090814,78.14504,35.05749,0,0,0.581,1.0
slice_21_img_151.npy,buffer_removed,21,LE07_146036_20090814,78.31134,35.06129,13474,158,1.0,1.0
slice_21_img_152.npy,train,21,LE07_146036_20090814,78.47767,35.06486,14691,0,1.0,1.0
slice_21_img_153.npy,train,21,LE07_146036_20090814,78.64403,35.06821,47246,0,0.984,0.984
slice_21_img_154.npy,train,21,LE07_146036_20090814,78.81042,35.07133,28829,0,0.5799,0.5799
slice_21_img_155.npy,invalid,21,LE07_146036_20090814,78.97682,35.07422,1824,0,0.0572,0.0572
slice_21_img_159.npy,invalid,21,LE07_146036_20090814,79.64267,35.08351,0,0,0.0,0.0
slice_21_img_161.npy,invalid,21,LE07_146036_20090814,79.97569,35.08678,0,0,0.0,0.0
slice_21_img_164.npy,invalid,21,LE07_146036_20090814,80.4753,35.08997,0,0,0.0,0.0
slice_21_img_165.npy,dropped_straddler,21,LE07_146036_20090814,78.14027,35.19422,433,0,0.7163,1.0
slice_21_img_166.npy,buffer_removed,21,LE07_146036_20090814,78.30684,35.19804,4774,0,0.997,1.0
slice_21_img_167.npy,train,21,LE07_146036_20090814,78.47345,35.20163,0,0,1.0,1.0
slice_21_img_168.npy,train,21,LE07_146036_20090814,78.64008,35.205,6602,0,0.824,0.824
slice_21_img_169.npy,invalid,21,LE07_146036_20090814,78.80675,35.20813,0,0,0.0,0.0
slice_21_img_174.npy,invalid,21,LE07_146036_20090814,79.64039,35.22037,0,0,0.0,0.0
slice_21_img_175.npy,invalid,21,LE07_146036_20090814,79.80718,35.22213,0,0,0.0,0.0
slice_21_img_180.npy,invalid,21,LE07_146036_20090814,78.13545,35.33094,0,0,0.0,1.0
slice_21_img_181.npy,invalid,21,LE07_146036_20090814,78.30231,35.33478,2983,0,0.0753,1.0
slice_21_img_183.npy,train,21,LE07_146036_20090814,78.63611,35.34178,11902,0,0.4395,0.9861
slice_21_img_184.npy,invalid,21,LE07_146036_20090814,78.80305,35.34493,1311,0,0.0131,0.0692
slice_21_img_190.npy,invalid,21,LE07_146036_20090814,79.80517,35.35899,0,0,0.0,0.0
slice_21_img_193.npy,invalid,21,LE07_146036_20090814,80.30643,35.36291,0,0,0.0,0.0
slice_21_img_195.npy,invalid,21,LE07_146036_20090814,78.13061,35.46767,0,0,0.0,1.0
slice_21_img_201.npy,invalid,21,LE07_146036_20090814,79.13386,35.48736,0,0,0.0,0.0
slice_21_img_202.npy,invalid,21,LE07_146036_20090814,79.30115,35.48983,0,0,0.0,0.0
slice_21_img_206.npy,invalid,21,LE07_146036_20090814,79.9705,35.4974,0,0,0.0,0.0
slice_21_img_209.npy,invalid,21,LE07_146036_20090814,80.47265,35.50064,0,0,0.0,0.0
slice_22_img_017.npy,invalid,22,LE07_140041_20071221,85.98301,26.67775,0,0,0.0,0.0
slice_22_img_020.npy,invalid,22,LE07_140041_20071221,86.44073,26.68029,0,0,0.0,0.0
slice_22_img_023.npy,invalid,22,LE07_140041_20071221,86.8985,26.68136,0,0,0.0,0.0
slice_22_img_024.npy,invalid,22,LE07_140041_20071221,87.05109,26.68138,0,0,0.0,0.0
slice_22_img_030.npy,invalid,22,LE07_140041_20071221,85.67632,26.81228,0,0,0.0,1.0
slice_22_img_033.npy,east,22,LE07_140041_20071221,86.13454,26.81583,13081,0,0.6787,0.6787
slice_22_img_034.npy,invalid,22,LE07_140041_20071221,86.2873,26.81668,0,0,0.0694,0.0694
slice_22_img_036.npy,east,22,LE07_140041_20071221,86.59283,26.81789,59837,28145,0.7716,0.7716
slice_22_img_037.npy,east,22,LE07_140041_20071221,86.7456,26.81824,74212,29965,0.552,0.552
slice_22_img_038.npy,invalid,22,LE07_140041_20071221,86.89838,26.81844,9514,4371,0.0805,0.0805
slice_22_img_040.npy,invalid,22,LE07_140041_20071221,87.20393,26.81832,0,0,0.0,0.0
slice_22_img_041.npy,invalid,22,LE07_140041_20071221,87.3567,26.81802,0,0,0.0,0.0
slice_22_img_042.npy,invalid,22,LE07_140041_20071221,87.50947,26.81755,0,0,0.0,0.0
slice_22_img_044.npy,invalid,22,LE07_140041_20071221,87.815,26.81613,0,0,0.0,0.0
slice_22_img_048.npy,east,22,LE07_140041_20071221,86.1335,26.95289,455,0,0.8116,0.8116
slice_22_img_049.npy,east,22,LE07_140041_20071221,86.28644,26.95374,1918,0,0.9216,0.9216
slice_22_img_050.npy,east,22,LE07_140041_20071221,86.43939,26.95443,29060,9635,0.656,0.656
slice_22_img_051.npy,east,22,LE07_140041_20071221,86.59234,26.95496,55235,5572,0.997,0.997
slice_22_img_052.npy,east,22,LE07_140041_20071221,86.7453,26.95532,19051,9203,1.0,1.0
slice_22_img_053.npy,east,22,LE07_140041_20071221,86.89826,26.95551,67817,29384,0.8756,0.8756
slice_22_img_054.npy,east,22,LE07_140041_20071221,87.05122,26.95554,74684,8525,0.5147,0.5147
slice_22_img_056.npy,invalid,22,LE07_140041_20071221,87.35713,26.9551,0,0,0.0347,0.0347
slice_22_img_059.npy,invalid,22,LE07_140041_20071221,87.81598,26.95319,3728,1487,0.1635,0.3096
slice_22_img_060.npy,invalid,22,LE07_140041_20071221,85.67311,27.08636,0,0,0.0,1.0
slice_22_img_065.npy,east,22,LE07_140041_20071221,86.43871,27.0915,23494,3662,1.0,1.0
slice_22_img_066.npy,east,22,LE07_140041_20071221,86.59185,27.09203,60796,7732,1.0,1.0
slice_22_img_067.npy,east,22,LE07_140041_20071221,86.74499,27.09239,11206,1397,1.0,1.0
slice_22_img_068.npy,east,22,LE07_140041_20071221,86.89813,27.09258,68879,11163,1.0,1.0
slice_22_img_069.npy,east,22,LE07_140041_20071221,87.05128,27.09261,97321,4880,1.0,1.0
slice_22_img_070.npy,east,22,LE07_140041_20071221,87.20442,27.09247,13404,1253,0.9115,0.9115
slice_22_img_072.npy,east,22,LE07_140041_20071221,87.51071,27.09169,40,0,0.902,0.902
slice_22_img_073.npy,east,22,LE07_140041_20071221,87.66384,27.09105,14759,39,0.83,0.83
slice_22_img_074.npy,east,22,LE07_140041_20071221,87.81698,27.09025,19689,276,0.503,0.9823
slice_22_img_081.npy,east,22,LE07_140041_20071221,86.59135,27.22909,121,107,1.0,1.0
slice_22_img_082.npy,east,22,LE07_140041_20071221,86.74468,27.22946,910,0,1.0,1.0
slice_22_img_083.npy,east,22,LE07_140041_20071221,86.89801,27.22965,20299,1162,1.0,1.0
slice_22_img_084.npy,east,22,LE07_140041_20071221,87.05134,27.22968,4369,73,1.0,1.0
slice_22_img_087.npy,east,22,LE07_140041_20071221,87.51133,27.22876,282,0,1.0,1.0
slice_22_img_088.npy,east,22,LE07_140041_20071221,87.66466,27.22811,2929,0,1.0,1.0
slice_22_img_091.npy,buffer_removed,22,LE07_140041_20071221,85.82333,27.3618,0,0,0.7582,1.0
slice_22_img_093.npy,east,22,LE07_140041_20071221,86.13032,27.36405,0,0,1.0,1.0
slice_22_img_094.npy,east,22,LE07_140041_20071221,86.28382,27.36492,0,0,1.0,1.0
slice_22_img_097.npy,east,22,LE07_140041_20071221,86.74436,27.36652,0,0,1.0,1.0
slice_22_img_098.npy,east,22,LE07_140041_20071221,86.89788,27.36672,0,0,1.0,1.0
slice_22_img_099.npy,east,22,LE07_140041_20071221,87.0514,27.36675,0,0,1.0,1.0
slice_22_img_100.npy,east,22,LE07_140041_20071221,87.20493,27.36661,0,0,1.0,1.0
slice_22_img_102.npy,east,22,LE07_140041_20071221,87.51196,27.36582,0,0,1.0,1.0
slice_22_img_104.npy,invalid,22,LE07_140041_20071221,87.81898,27.36436,0,0,0.096,1.0
slice_22_img_110.npy,east,22,LE07_140041_20071221,86.43663,27.50268,0,0,1.0,1.0
slice_22_img_119.npy,invalid,22,LE07_140041_20071221,87.81999,27.50141,0,0,0.0,1.0
slice_22_img_123.npy,east,22,LE07_140041_20071221,86.12816,27.63815,0,0,1.0,1.0
slice_22_img_126.npy,east,22,LE07_140041_20071221,86.58983,27.64028,0,0,1.0,1.0
slice_22_img_131.npy,east,22,LE07_140041_20071221,87.35933,27.64042,0,0,1.0,1.0
slice_22_img_134.npy,invalid,22,LE07_140041_20071221,87.82101,27.63846,0,0,0.0,1.0
slice_22_img_143.npy,east,22,LE07_140041_20071221,86.8975,27.77791,0,0,1.0,1.0
slice_22_img_147.npy,east,22,LE07_140041_20071221,87.51387,27.77699,0,0,1.0,1.0
slice_22_img_149.npy,invalid,22,LE07_140041_20071221,87.82204,27.7755,0,0,0.0,1.0
slice_22_img_158.npy,east,22,LE07_140041_20071221,86.89737,27.91496,0,0,1.0,1.0
slice_22_img_160.npy,east,22,LE07_140041_20071221,87.20595,27.91485,0,0,1.0,1.0
slice_22_img_161.npy,east,22,LE07_140041_20071221,87.36024,27.91453,0,0,1.0,1.0
slice_22_img_166.npy,buffer_removed,22,LE07_140041_20071221,85.81596,28.04695,0,0,0.9996,1.0
slice_22_img_167.npy,dropped_straddler,22,LE07_140041_20071221,85.97041,28.0482,0,0,1.0,1.0
slice_22_img_169.npy,east,22,LE07_140041_20071221,86.27933,28.05017,0,0,1.0,1.0
slice_22_img_176.npy,east,22,LE07_140041_20071221,87.36069,28.05158,0,0,1.0,1.0
slice_22_img_185.npy,east,22,LE07_140041_20071221,86.43308,28.18793,0,0,0.735,1.0
slice_22_img_193.npy,invalid,22,LE07_140041_20071221,87.6705,28.18747,0,0,0.0,1.0
slice_23_img_001.npy,invalid,23,LE07_150035_20050916,72.62051,35.12895,0,0,0.0,0.9991
slice_23_img_002.npy,invalid,23,LE07_150035_20050916,72.78702,35.13211,3788,0,0.1027,1.0
slice_23_img_003.npy,dropped_straddler,23,LE07_150035_20050916,72.95355,35.13504,19567,2541,0.8824,1.0
slice_23_img_004.npy,test,23,LE07_150035_20050916,73.1201,35.13774,17839,2387,0.6945,1.0
slice_23_img_005.npy,test,23,LE07_150035_20050916,73.28668,35.14021,37162,2892,0.5046,1.0
slice_23_img_006.npy,test,23,LE07_150035_20050916,73.45327,35.14245,1940,0,0.3151,1.0
slice_23_img_007.npy,invalid,23,LE07_150035_20050916,73.61988,35.14446,11417,0,0.126,1.0
slice_23_img_011.npy,invalid,23,LE07_150035_20050916,74.28646,35.15022,0,0,0.0,1.0
slice_23_img_012.npy,invalid,23,LE07_150035_20050916,74.45313,35.15109,0,0,0.0,0.9999
slice_23_img_014.npy,invalid,23,LE07_150035_20050916,74.78649,35.15213,0,0,0.0,0.7994
slice_23_img_016.npy,invalid,23,LE07_150035_20050916,72.61652,35.26573,0,0,0.0,1.0
slice_23_img_017.npy,buffer_removed,23,LE07_150035_20050916,72.7833,35.2689,18413,1384,0.3395,1.0
slice_23_img_018.npy,dropped_straddler,23,LE07_150035_20050916,72.95011,35.27185,62692,3278,1.0,1.0
slice_23_img_019.npy,test,23,LE07_150035_20050916,73.11694,35.27456,27654,2571,1.0,1.0
slice_23_img_020.npy,test,23,LE07_150035_20050916,73.2838,35.27704,41224,936,1.0,1.0
slice_23_img_021.npy,test,23,LE07_150035_20050916,73.45067,35.2793,70498,1903,1.0,1.0
slice_23_img_022.npy,test,23,LE07_150035_20050916,73.61756,35.28132,56431,4521,1.0,1.0
slice_23_img_023.npy,test,23,LE07_150035_20050916,73.78447,35.28311,110085,243,0.9277,1.0
slice_23_img_024.npy,test,23,LE07_150035_20050916,73.95139,35.28467,63118,4277,0.742,1.0
slice_23_img_025.npy,test,23,LE07_150035_20050916,74.11832,35.28601,44776,4607,0.5522,1.0
slice_23_img_026.npy,test,23,LE07_150035_20050916,74.28526,35.28711,26137,8638,0.3625,1.0
slice_23_img_027.npy,invalid,23,LE07_150035_20050916,74.45221,35.28798,9116,5799,0.1728,1.0
slice_23_img_032.npy,buffer_removed,23,LE07_150035_20050916,72.77956,35.4057,16463,669,0.5864,1.0
slice_23_img_033.npy,dropped_straddler,23,LE07_150035_20050916,72.94665,35.40866,17821,1398,1.0,1.0
slice_23_img_034.npy,test,23,LE07_150035_20050916,73.11377,35.41138,91792,11531,1.0,1.0
slice_23_img_035.npy,test,23,LE07_150035_20050916,73.2809,35.41388,96466,3039,1.0,1.0
slice_23_img_036.npy,test,23,LE07_150035_20050916,73.44806,35.41614,54053,499,1.0,1.0
slice_23_img_037.npy,test,23,LE07_150035_20050916,73.61523,35.41817,87709,2304,1.0,1.0
slice_23_img_038.npy,test,23,LE07_150035_20050916,73.78242,35.41998,113434,3493,1.0,1.0
slice_23_img_039.npy,test,23,LE07_150035_20050916,73.94962,35.42155,78001,8953,1.0,1.0
slice_23_img_040.npy,test,23,LE07_150035_20050916,74.11683,35.42288,63876,10814,1.0,1.0
slice_23_img_041.npy,test,23,LE07_150035_20050916,74.28405,35.42399,118182,17237,1.0,1.0
slice_23_img_042.npy,test,23,LE07_150035_20050916,74.45129,35.42487,98035,15637,1.0,1.0
slice_23_img_043.npy,dropped_straddler,23,LE07_150035_20050916,74.61853,35.42551,26962,3086,0.9595,1.0
slice_23_img_044.npy,buffer_removed,23,LE07_150035_20050916,74.78577,35.42592,6988,1515,0.7815,1.0
slice_23_img_047.npy,buffer_removed,23,LE07_150035_20050916,72.7758,35.54249,1809,0,0.8368,1.0
slice_23_img_048.npy,dropped_straddler,23,LE07_150035_20050916,72.94317,35.54546,29044,3420,1.0,1.0
slice_23_img_049.npy,test,23,LE07_150035_20050916,73.11057,35.5482,33681,8922,1.0,1.0
slice_23_img_050.npy,test,23,LE07_150035_20050916,73.27798,35.55071,18308,0,1.0,1.0
slice_23_img_051.npy,test,23,LE07_150035_20050916,73.44542,35.55298,22060,0,1.0,1.0
slice_23_img_052.npy,test,23,LE07_150035_20050916,73.61288,35.55503,45276,207,1.0,1.0
slice_23_img_053.npy,test,23,LE07_150035_20050916,73.78035,35.55684,14013,0,1.0,1.0
slice_23_img_054.npy,test,23,LE07_150035_20050916,73.94783,35.55842,27463,3372,1.0,1.0
slice_23_img_055.npy,test,23,LE07_150035_20050916,74.11533,35.55976,65535,4602,1.0,1.0
slice_23_img_056.npy,test,23,LE07_150035_20050916,74.28284,35.56087,118446,14159,1.0,1.0
slice_23_img_057.npy,test,23,LE07_150035_20050916,74.45036,35.56175,117686,19848,1.0,1.0
slice_23_img_058.npy,dropped_straddler,23,LE07_150035_20050916,74.61788,35.5624,129664,30094,1.0,1.0
slice_23_img_059.npy,buffer_removed,23,LE07_150035_20050916,74.7854,35.56282,38597,25793,0.9804,1.0
slice_23_img_062.npy,buffer_removed,23,LE07_150035_20050916,72.77201,35.67927,8937,0,0.9984,1.0
slice_23_img_063.npy,dropped_straddler,23,LE07_150035_20050916,72.93966,35.68226,35995,1457,1.0,1.0
slice_23_img_064.npy,test,23,LE07_150035_20050916,73.10734,35.68502,23066,750,1.0,1.0
slice_23_img_065.npy,test,23,LE07_150035_20050916,73.27505,35.68754,1145,0,1.0,1.0
slice_23_img_066.npy,test,23,LE07_150035_20050916,73.44277,35.68982,2704,0,1.0,1.0
slice_23_img_067.npy,test,23,LE07_150035_20050916,73.61051,35.69188,13617,0,1.0,1.0
slice_23_img_068.npy,test,23,LE07_150035_20050916,73.77827,35.6937,7134,0,1.0,1.0
slice_23_img_069.npy,test,23,LE07_150035_20050916,73.94604,35.69528,4642,206,1.0,1.0
slice_23_img_070.npy,test,23,LE07_150035_20050916,74.11382,35.69663,76673,5624,1.0,1.0
slice_23_img_071.npy,test,23,LE07_150035_20050916,74.28162,35.69775,17977,3730,1.0,1.0
slice_23_img_072.npy,test,23,LE07_150035_20050916,74.44942,35.69864,72217,23190,1.0,1.0
slice_23_img_073.npy,dropped_straddler,23,LE07_150035_20050916,74.61723,35.69929,73067,11889,1.0,1.0
slice_23_img_074.npy,buffer_removed,23,LE07_150035_20050916,74.78504,35.6997,67546,3537,0.7709,1.0
slice_23_img_075.npy,invalid,23,LE07_150035_20050916,72.43238,35.80935,0,0,0.0,1.0
slice_23_img_077.npy,buffer_removed,23,LE07_150035_20050916,72.76819,35.81606,10103,1712,1.0,1.0
slice_23_img_078.npy,dropped_straddler,23,LE07_150035_20050916,72.93613,35.81906,13701,335,1.0,1.0
slice_23_img_079.npy,test,23,LE07_150035_20050916,73.1041,35.82183,17816,1361,1.0,1.0
slice_23_img_080.npy,test,23,LE07_150035_20050916,73.27209,35.82436,5606,0,1.0,1.0
slice_23_img_081.npy,test,23,LE07_150035_20050916,73.4401,35.82666,2193,0,1.0,1.0
slice_23_img_082.npy,test,23,LE07_150035_20050916,73.60813,35.82872,193,0,1.0,1.0
slice_23_img_083.npy,test,23,LE07_150035_20050916,73.77617,35.83055,593,0,1.0,1.0
slice_23_img_084.npy,test,23,LE07_150035_20050916,73.94423,35.83214,25196,859,1.0,1.0
slice_23_img_085.npy,test,23,LE07_150035_20050916,74.1123,35.8335,41677,3530,1.0,1.0
slice_23_img_086.npy,test,23,LE07_150035_20050916,74.28038,35.83463,1522,0,1.0,1.0
slice_23_img_087.npy,test,23,LE07_150035_20050916,74.44847,35.83552,4628,1061,1.0,1.0
slice_23_img_088.npy,dropped_straddler,23,LE07_150035_20050916,74.61657,35.83617,3261,968,1.0,1.0
slice_23_img_089.npy,buffer_removed,23,LE07_150035_20050916,74.78467,35.83659,667,542,0.5305,1.0
slice_23_img_091.npy,train,23,LE07_150035_20050916,72.59614,35.94958,2173,649,0.5824,1.0
slice_23_img_092.npy,buffer_removed,23,LE07_150035_20050916,72.76435,35.95284,911,0,1.0,1.0
slice_23_img_093.npy,dropped_straddler,23,LE07_150035_20050916,72.93258,35.95585,1993,685,1.0,1.0
slice_23_img_094.npy,test,23,LE07_150035_20050916,73.10084,35.95863,1650,0,1.0,1.0
slice_23_img_095.npy,test,23,LE07_150035_20050916,73.26911,35.96118,999,0,1.0,1.0
slice_23_img_096.npy,test,23,LE07_150035_20050916,73.43741,35.96349,670,0,1.0,1.0
slice_23_img_097.npy,test,23,LE07_150035_20050916,73.60573,35.96556,1893,238,1.0,1.0
slice_23_img_099.npy,test,23,LE07_150035_20050916,73.94241,35.969,598,0,1.0,1.0
slice_23_img_100.npy,test,23,LE07_150035_20050916,74.11077,35.97037,5206,0,1.0,1.0
slice_23_img_101.npy,test,23,LE07_150035_20050916,74.27914,35.9715,1189,0,1.0,1.0
slice_23_img_102.npy,test,23,LE07_150035_20050916,74.44752,35.97239,47787,4217,1.0,1.0
slice_23_img_103.npy,dropped_straddler,23,LE07_150035_20050916,74.61591,35.97305,106053,7167,1.0,1.0
slice_23_img_104.npy,invalid,23,LE07_150035_20050916,74.7843,35.97347,27363,2710,0.2763,1.0
slice_23_img_106.npy,train,23,LE07_150035_20050916,72.59198,36.08634,11028,335,0.8262,1.0
slice_23_img_107.npy,buffer_removed,23,LE07_150035_20050916,72.76048,36.08961,25844,0,1.0,1.0
slice_23_img_108.npy,dropped_straddler,23,LE07_150035_20050916,72.929,36.09264,15842,965,1.0,1.0
slice_23_img_109.npy,test,23,LE07_150035_20050916,73.09755,36.09544,5251,1278,1.0,1.0
slice_23_img_110.npy,test,23,LE07_150035_20050916,73.26612,36.098,533,0,1.0,1.0
slice_23_img_111.npy,test,23,LE07_150035_20050916,73.43471,36.10032,920,0,1.0,1.0
slice_23_img_112.npy,test,23,LE07_150035_20050916,73.60332,36.1024,728,0,1.0,1.0
slice_23_img_113.npy,test,23,LE07_150035_20050916,73.77194,36.10425,401,0,1.0,1.0
slice_23_img_114.npy,test,23,LE07_150035_20050916,73.94058,36.10586,792,0,1.0,1.0
slice_23_img_117.npy,test,23,LE07_150035_20050916,74.44657,36.10927,5268,538,1.0,1.0
slice_23_img_118.npy,dropped_straddler,23,LE07_150035_20050916,74.61524,36.10993,22594,11622,0.9772,1.0
slice_23_img_119.npy,invalid,23,LE07_150035_20050916,74.78392,36.11035,3074,576,0.0434,1.0
slice_23_img_120.npy,invalid,23,LE07_150035_20050916,72.41903,36.21958,5035,0,0.0925,1.0
slice_23_img_121.npy,train,23,LE07_150035_20050916,72.58779,36.2231,35843,2433,0.9949,1.0
slice_23_img_122.npy,buffer_removed,23,LE07_150035_20050916,72.75658,36.22638,42084,1436,1.0,1.0
slice_23_img_123.npy,dropped_straddler,23,LE07_150035_20050916,72.9254,36.22943,30956,1438,1.0,1.0
slice_23_img_124.npy,test,23,LE07_150035_20050916,73.09424,36.23224,17577,0,1.0,1.0
slice_23_img_125.npy,test,23,LE07_150035_20050916,73.2631,36.23481,2396,0,1.0,1.0
slice_23_img_126.npy,test,23,LE07_150035_20050916,73.43198,36.23715,364,0,1.0,1.0
slice_23_img_127.npy,test,23,LE07_150035_20050916,73.60089,36.23924,657,0,1.0,1.0
slice_23_img_128.npy,test,23,LE07_150035_20050916,73.7698,36.2411,568,0,1.0,1.0
slice_23_img_129.npy,test,23,LE07_150035_20050916,73.93874,36.24272,136,0,1.0,1.0
slice_23_img_130.npy,test,23,LE07_150035_20050916,74.10768,36.24409,431,0,1.0,1.0
slice_23_img_131.npy,test,23,LE07_150035_20050916,74.27664,36.24524,426,0,1.0,1.0
slice_23_img_132.npy,test,23,LE07_150035_20050916,74.4456,36.24614,39,0,1.0,1.0
slice_23_img_133.npy,dropped_straddler,23,LE07_150035_20050916,74.61457,36.2468,245,0,0.7817,1.0
slice_23_img_135.npy,train,23,LE07_150035_20050916,72.41452,36.35631,7850,0,0.3384,1.0
slice_23_img_136.npy,train,23,LE07_150035_20050916,72.58358,36.35985,11615,0,1.0,1.0
slice_23_img_137.npy,buffer_removed,23,LE07_150035_20050916,72.75266,36.36315,15697,178,1.0,1.0
slice_23_img_138.npy,dropped_straddler,23,LE07_150035_20050916,72.92177,36.36622,4168,0,1.0,1.0
slice_23_img_139.npy,test,23,LE07_150035_20050916,73.09091,36.36904,19467,0,1.0,1.0
slice_23_img_140.npy,test,23,LE07_150035_20050916,73.26006,36.37162,11621,0,1.0,1.0
slice_23_img_141.npy,test,23,LE07_150035_20050916,73.42924,36.37397,406,0,1.0,1.0
slice_23_img_142.npy,test,23,LE07_150035_20050916,73.59844,36.37607,0,0,1.0,1.0
slice_23_img_145.npy,test,23,LE07_150035_20050916,74.10612,36.38095,0,0,1.0,1.0
slice_23_img_146.npy,test,23,LE07_150035_20050916,74.27537,36.3821,0,0,1.0,1.0
slice_23_img_147.npy,test,23,LE07_150035_20050916,74.44463,36.38301,0,0,1.0,1.0
slice_23_img_150.npy,train,23,LE07_150035_20050916,72.40998,36.49304,1015,0,0.6001,1.0
slice_23_img_151.npy,train,23,LE07_150035_20050916,72.57933,36.4966,1476,0,1.0,1.0
slice_23_img_152.npy,buffer_removed,23,LE07_150035_20050916,72.74871,36.49992,9499,0,1.0,1.0
slice_23_img_153.npy,dropped_straddler,23,LE07_150035_20050916,72.91812,36.503,5493,174,1.0,1.0
slice_23_img_154.npy,test,23,LE07_150035_20050916,73.08755,36.50583,13344,512,1.0,1.0
slice_23_img_155.npy,test,23,LE07_150035_20050916,73.25701,36.50843,5767,0,1.0,1.0
slice_23_img_156.npy,test,23,LE07_150035_20050916,73.42648,36.51079,12,0,1.0,1.0
slice_23_img_159.npy,test,23,LE07_150035_20050916,73.93501,36.51641,0,0,1.0,1.0
slice_23_img_160.npy,test,23,LE07_150035_20050916,74.10455,36.51781,0,0,1.0,1.0
slice_23_img_165.npy,train,23,LE07_150035_20050916,72.40541,36.62977,11185,0,0.7136,1.0
slice_23_img_166.npy,train,23,LE07_150035_20050916,72.57506,36.63335,6452,0,0.994,1.0
slice_23_img_167.npy,buffer_removed,23,LE07_150035_20050916,72.74474,36.63668,51731,0,1.0,1.0
slice_23_img_168.npy,dropped_straddler,23,LE07_150035_20050916,72.91444,36.63977,2243,0,1.0,1.0
slice_23_img_169.npy,test,23,LE07_150035_20050916,73.08417,36.64263,30,0,1.0,1.0
slice_23_img_170.npy,test,23,LE07_150035_20050916,73.25393,36.64524,150,0,1.0,1.0
slice_23_img_171.npy,test,23,LE07_150035_20050916,73.4237,36.6476,211,0,1.0,1.0
slice_23_img_174.npy,test,23,LE07_150035_20050916,73.93313,36.65326,0,0,1.0,1.0
slice_23_img_182.npy,invalid,23,LE07_150035_20050916,72.74074,36.77344,8953,0,0.2507,1.0
slice_23_img_183.npy,dropped_straddler,23,LE07_150035_20050916,72.91074,36.77655,9168,0,0.4412,1.0
slice_23_img_184.npy,test,23,LE07_150035_20050916,73.08077,36.77941,1293,0,0.6316,1.0
slice_23_img_185.npy,test,23,LE07_150035_20050916,73.25083,36.78204,405,0,0.8221,1.0
slice_23_img_186.npy,test,23,LE07_150035_20050916,73.4209,36.78442,5387,0,0.9818,1.0
slice_23_img_187.npy,test,23,LE07_150035_20050916,73.591,36.78655,710,0,1.0,1.0
slice_23_img_188.npy,test,23,LE07_150035_20050916,73.76111,36.78845,44,0,1.0,1.0
slice_23_img_189.npy,test,23,LE07_150035_20050916,73.93124,36.7901,0,0,1.0,1.0
slice_23_img_192.npy,test,23,LE07_150035_20050916,74.44168,36.79359,2158,1959,0.7665,1.0
slice_23_img_198.npy,invalid,23,LE07_150035_20050916,72.90702,36.91332,0,0,0.0,1.0
slice_23_img_202.npy,invalid,23,LE07_150035_20050916,73.58848,36.92337,1806,0,0.2148,1.0
slice_23_img_203.npy,test,23,LE07_150035_20050916,73.7589,36.92528,501,0,0.4053,1.0
slice_23_img_206.npy,test,23,LE07_150035_20050916,74.27022,36.92952,3530,406,0.9621,1.0
slice_23_img_207.npy,test,23,LE07_150035_20050916,74.44069,36.93044,23450,515,0.5097,1.0
slice_23_img_208.npy,invalid,23,LE07_150035_20050916,74.61116,36.93112,0,0,0.0,1.0
slice_24_img_001.npy,invalid,24,LE07_147037_20060930,76.44434,32.31867,0,0,0.0,1.0
slice_24_img_002.npy,train,24,LE07_147037_20060930,76.60557,32.31672,28151,664,0.5703,1.0
slice_24_img_003.npy,buffer_removed,24,LE07_147037_20060930,76.76679,32.31457,9907,756,0.849,1.0
slice_24_img_004.npy,dropped_straddler,24,LE07_147037_20060930,76.92799,32.31221,1780,0,0.7052,1.0
slice_24_img_005.npy,val,24,LE07_147037_20060930,77.08917,32.30964,955,0,0.5601,1.0
slice_24_img_007.npy,invalid,24,LE07_147037_20060930,77.41146,32.30389,3001,0,0.2698,1.0
slice_24_img_010.npy,invalid,24,LE07_147037_20060930,77.89471,32.29373,0,0,0.0,1.0
slice_24_img_013.npy,invalid,24,LE07_147037_20060930,78.37769,32.28172,0,0,0.0,1.0
slice_24_img_016.npy,invalid,24,LE07_147037_20060930,76.44652,32.45559,0,0,0.0,1.0
slice_24_img_017.npy,train,24,LE07_147037_20060930,76.608,32.45363,610,0,0.8,1.0
slice_24_img_018.npy,dropped_straddler,24,LE07_147037_20060930,76.76946,32.45146,12753,80,1.0,1.0
slice_24_img_019.npy,dropped_straddler,24,LE07_147037_20060930,76.9309,32.44909,297,0,1.0,1.0
slice_24_img_020.npy,val,24,LE07_147037_20060930,77.09232,32.44651,60,0,1.0,1.0
slice_24_img_021.npy,val,24,LE07_147037_20060930,77.25372,32.44373,0,0,1.0,1.0
slice_24_img_022.npy,val,24,LE07_147037_20060930,77.4151,32.44073,6297,0,1.0,1.0
slice_24_img_023.npy,val,24,LE07_147037_20060930,77.57645,32.43753,2119,0,1.0,1.0
slice_24_img_025.npy,val,24,LE07_147037_20060930,77.89907,32.43052,11686,0,0.8224,1.0
slice_24_img_026.npy,val,24,LE07_147037_20060930,78.06034,32.4267,15767,0,0.677,1.0
slice_24_img_027.npy,dropped_straddler,24,LE07_147037_20060930,78.22158,32.42268,741,0,0.5317,1.0
slice_24_img_028.npy,buffer_removed,24,LE07_147037_20060930,78.38278,32.41845,8000,0,0.3863,1.0
slice_24_img_031.npy,invalid,24,LE07_147037_20060930,76.44872,32.5925,1031,0,0.0315,1.0
slice_24_img_032.npy,train,24,LE07_147037_20060930,76.61044,32.59054,14153,0,0.9725,1.0
slice_24_img_034.npy,val,24,LE07_147037_20060930,76.93383,32.58597,1922,0,1.0,1.0
slice_24_img_035.npy,val,24,LE07_147037_20060930,77.0955,32.58338,5927,0,1.0,1.0
slice_24_img_036.npy,val,24,LE07_147037_20060930,77.25714,32.58058,1385,0,1.0,1.0
slice_24_img_037.npy,val,24,LE07_147037_20060930,77.41876,32.57757,1802,0,1.0,1.0
slice_24_img_038.npy,val,24,LE07_147037_20060930,77.58036,32.57436,21056,0,1.0,1.0
slice_24_img_040.npy,val,24,LE07_147037_20060930,77.90347,32.5673,3603,0,1.0,1.0
slice_24_img_041.npy,val,24,LE07_147037_20060930,78.06498,32.56346,13701,0,1.0,1.0
slice_24_img_042.npy,dropped_straddler,24,LE07_147037_20060930,78.22646,32.55942,20091,0,1.0,1.0
slice_24_img_043.npy,train,24,LE07_147037_20060930,78.38791,32.55517,18400,0,1.0,1.0
slice_24_img_044.npy,train,24,LE07_147037_20060930,78.54932,32.55071,19099,0,0.7273,1.0
slice_24_img_046.npy,invalid,24,LE07_147037_20060930,76.45093,32.72942,10538,1210,0.2177,1.0
slice_24_img_047.npy,train,24,LE07_147037_20060930,76.6129,32.72744,10854,570,1.0,1.0
slice_24_img_048.npy,dropped_straddler,24,LE07_147037_20060930,76.77485,32.72525,2717,0,1.0,1.0
slice_24_img_049.npy,val,24,LE07_147037_20060930,76.93678,32.72285,3560,0,1.0,1.0
slice_24_img_050.npy,val,24,LE07_147037_20060930,77.09869,32.72024,5503,0,1.0,1.0
slice_24_img_051.npy,val,24,LE07_147037_20060930,77.26058,32.71743,12459,0,1.0,1.0
slice_24_img_052.npy,val,24,LE07_147037_20060930,77.42245,32.71441,2844,0,1.0,1.0
slice_24_img_053.npy,val,24,LE07_147037_20060930,77.58429,32.71117,37602,0,1.0,1.0
slice_24_img_054.npy,val,24,LE07_147037_20060930,77.74611,32.70773,718,0,1.0,1.0
slice_24_img_055.npy,val,24,LE07_147037_20060930,77.90789,32.70408,7324,0,1.0,1.0
slice_24_img_056.npy,dropped_straddler,24,LE07_147037_20060930,78.06965,32.70022,2938,0,1.0,1.0
slice_24_img_057.npy,dropped_straddler,24,LE07_147037_20060930,78.23138,32.69616,18362,0,1.0,1.0
slice_24_img_058.npy,train,24,LE07_147037_20060930,78.39307,32.69188,24913,0,1.0,1.0
slice_24_img_059.npy,train,24,LE07_147037_20060930,78.55473,32.6874,1500,0,0.5177,1.0
slice_24_img_061.npy,train,24,LE07_147037_20060930,76.45315,32.86633,56472,759,0.4177,1.0
slice_24_img_062.npy,train,24,LE07_147037_20060930,76.61537,32.86434,72161,3539,1.0,1.0
slice_24_img_063.npy,dropped_straddler,24,LE07_147037_20060930,76.77757,32.86214,8991,0,1.0,1.0
slice_24_img_064.npy,val,24,LE07_147037_20060930,76.93975,32.85973,2375,0,1.0,1.0
slice_24_img_065.npy,val,24,LE07_147037_20060930,77.10191,32.85711,4002,0,1.0,1.0
slice_24_img_066.npy,val,24,LE07_147037_20060930,77.26405,32.85428,5202,0,1.0,1.0
slice_24_img_067.npy,val,24,LE07_147037_20060930,77.42616,32.85124,2373,0,1.0,1.0
slice_24_img_068.npy,val,24,LE07_147037_20060930,77.58825,32.84799,21490,0,1.0,1.0
slice_24_img_069.npy,val,24,LE07_147037_20060930,77.75032,32.84453,6479,0,1.0,1.0
slice_24_img_070.npy,val,24,LE07_147037_20060930,77.91235,32.84086,1007,0,1.0,1.0
slice_24_img_071.npy,dropped_straddler,24,LE07_147037_20060930,78.07435,32.83698,340,0,1.0,1.0
slice_24_img_072.npy,buffer_removed,24,LE07_147037_20060930,78.23633,32.83289,12813,0,1.0,1.0
slice_24_img_073.npy,train,24,LE07_147037_20060930,78.39826,32.8286,31751,0,1.0,1.0
slice_24_img_076.npy,train,24,LE07_147037_20060930,76.45539,33.00323,25547,5536,0.628,1.0
slice_24_img_077.npy,buffer_removed,24,LE07_147037_20060930,76.61786,33.00123,150785,4479,1.0,1.0
slice_24_img_078.npy,dropped_straddler,24,LE07_147037_20060930,76.78031,32.99902,55740,2795,1.0,1.0
slice_24_img_079.npy,val,24,LE07_147037_20060930,76.94274,32.9966,1189,0,1.0,1.0
slice_24_img_080.npy,val,24,LE07_147037_20060930,77.10515,32.99396,15945,0,1.0,1.0
slice_24_img_081.npy,val,24,LE07_147037_20060930,77.26754,32.99112,54,0,1.0,1.0
slice_24_img_082.npy,val,24,LE07_147037_20060930,77.4299,32.98806,56,0,1.0,1.0
slice_24_img_083.npy,val,24,LE07_147037_20060930,77.59224,32.9848,1080,0,1.0,1.0
slice_24_img_084.npy,val,24,LE07_147037_20060930,77.75455,32.98132,2323,0,1.0,1.0
slice_24_img_085.npy,val,24,LE07_147037_20060930,77.91683,32.97763,73,0,1.0,1.0
slice_24_img_086.npy,dropped_straddler,24,LE07_147037_20060930,78.07909,32.97373,9440,0,1.0,1.0
slice_24_img_087.npy,buffer_removed,24,LE07_147037_20060930,78.24131,32.96962,11526,0,1.0,1.0
slice_24_img_088.npy,train,24,LE07_147037_20060930,78.40349,32.96531,4755,0,1.0,1.0
slice_24_img_089.npy,invalid,24,LE07_147037_20060930,78.56565,32.96078,0,0,0.1125,1.0
slice_24_img_091.npy,train,24,LE07_147037_20060930,76.45765,33.14014,33402,6769,0.8292,1.0
slice_24_img_092.npy,buffer_removed,24,LE07_147037_20060930,76.62037,33.13812,65315,8169,1.0,1.0
slice_24_img_093.npy,dropped_straddler,24,LE07_147037_20060930,76.78307,33.1359,133489,9096,1.0,1.0
slice_24_img_094.npy,val,24,LE07_147037_20060930,76.94575,33.13347,14834,577,1.0,1.0
slice_24_img_095.npy,val,24,LE07_147037_20060930,77.10841,33.13082,1146,0,1.0,1.0
slice_24_img_096.npy,val,24,LE07_147037_20060930,77.27105,33.12796,281,0,1.0,1.0
slice_24_img_098.npy,val,24,LE07_147037_20060930,77.59625,33.1216,96,0,1.0,1.0
slice_24_img_100.npy,val,24,LE07_147037_20060930,77.92135,33.1144,2698,0,1.0,1.0
slice_24_img_101.npy,dropped_straddler,24,LE07_147037_20060930,78.08385,33.11048,5845,0,1.0,1.0
slice_24_img_102.npy,buffer_removed,24,LE07_147037_20060930,78.24632,33.10635,2338,0,1.0,1.0
slice_24_img_103.npy,train,24,LE07_147037_20060930,78.40876,33.10201,4439,0,0.8967,1.0
slice_24_img_106.npy,train,24,LE07_147037_20060930,76.45992,33.27704,1313,0,0.9872,1.0
slice_24_img_107.npy,buffer_removed,24,LE07_147037_20060930,76.62289,33.27501,55048,1649,1.0,1.0
slice_24_img_108.npy,dropped_straddler,24,LE07_147037_20060930,76.78585,33.27278,97223,18102,1.0,1.0
slice_24_img_109.npy,val,24,LE07_147037_20060930,76.94878,33.27033,115225,8086,1.0,1.0
slice_24_img_110.npy,val,24,LE07_147037_20060930,77.11169,33.26767,22291,794,1.0,1.0
slice_24_img_111.npy,val,24,LE07_147037_20060930,77.27459,33.2648,5564,0,1.0,1.0
slice_24_img_112.npy,val,24,LE07_147037_20060930,77.43745,33.26171,1909,0,1.0,1.0
slice_24_img_113.npy,val,24,LE07_147037_20060930,77.6003,33.25841,193,0,1.0,1.0
slice_24_img_114.npy,val,24,LE07_147037_20060930,77.76311,33.25489,240,0,1.0,1.0
slice_24_img_115.npy,val,24,LE07_147037_20060930,77.9259,33.25117,3857,0,1.0,1.0
slice_24_img_116.npy,dropped_straddler,24,LE07_147037_20060930,78.08865,33.24723,11442,0,1.0,1.0
slice_24_img_117.npy,buffer_removed,24,LE07_147037_20060930,78.25137,33.24308,13898,0,1.0,1.0
slice_24_img_118.npy,train,24,LE07_147037_20060930,78.41406,33.23871,6532,0,0.6863,1.0
slice_24_img_120.npy,invalid,24,LE07_147037_20060930,76.29897,33.41575,3185,0,0.2516,1.0
slice_24_img_121.npy,train,24,LE07_147037_20060930,76.46221,33.41393,650,0,1.0,1.0
slice_24_img_122.npy,buffer_removed,24,LE07_147037_20060930,76.62543,33.4119,7599,1718,1.0,1.0
slice_24_img_123.npy,dropped_straddler,24,LE07_147037_20060930,76.78864,33.40965,53047,5208,1.0,1.0
slice_24_img_124.npy,val,24,LE07_147037_20060930,76.95183,33.40719,59692,5128,1.0,1.0
slice_24_img_125.npy,val,24,LE07_147037_20060930,77.115,33.40452,76508,5843,1.0,1.0
slice_24_img_126.npy,val,24,LE07_147037_20060930,77.27815,33.40163,25704,0,1.0,1.0
slice_24_img_127.npy,val,24,LE07_147037_20060930,77.44127,33.39852,3363,0,1.0,1.0
slice_24_img_129.npy,val,24,LE07_147037_20060930,77.76743,33.39168,204,0,1.0,1.0
slice_24_img_130.npy,val,24,LE07_147037_20060930,77.93047,33.38793,428,0,1.0,1.0
slice_24_img_131.npy,dropped_straddler,24,LE07_147037_20060930,78.09348,33.38397,11755,0,1.0,1.0
slice_24_img_132.npy,buffer_removed,24,LE07_147037_20060930,78.25646,33.3798,14326,0,1.0,1.0
slice_24_img_135.npy,train,24,LE07_147037_20060930,76.30101,33.55265,3726,0,0.4635,1.0
slice_24_img_136.npy,train,24,LE07_147037_20060930,76.46451,33.55083,3523,0,1.0,1.0
slice_24_img_137.npy,buffer_removed,24,LE07_147037_20060930,76.62799,33.54878,28057,5036,1.0,1.0
slice_24_img_138.npy,dropped_straddler,24,LE07_147037_20060930,76.79146,33.54653,22442,2786,1.0,1.0
slice_24_img_139.npy,val,24,LE07_147037_20060930,76.9549,33.54405,82558,6119,1.0,1.0
slice_24_img_140.npy,val,24,LE07_147037_20060930,77.11833,33.54136,31452,3394,1.0,1.0
slice_24_img_141.npy,val,24,LE07_147037_20060930,77.28173,33.53846,62558,399,1.0,1.0
slice_24_img_142.npy,val,24,LE07_147037_20060930,77.44511,33.53534,32928,583,1.0,1.0
slice_24_img_143.npy,val,24,LE07_147037_20060930,77.60846,33.532,6163,0,1.0,1.0
slice_24_img_144.npy,val,24,LE07_147037_20060930,77.77179,33.52845,887,0,1.0,1.0
slice_24_img_145.npy,val,24,LE07_147037_20060930,77.93508,33.52469,3096,0,1.0,1.0
slice_24_img_146.npy,dropped_straddler,24,LE07_147037_20060930,78.09835,33.52071,1231,0,1.0,1.0
slice_24_img_148.npy,invalid,24,LE07_147037_20060930,78.42477,33.5121,0,0,0.2903,1.0
slice_24_img_151.npy,train,24,LE07_147037_20060930,76.46683,33.68772,6661,0,1.0,1.0
slice_24_img_152.npy,buffer_removed,24,LE07_147037_20060930,76.63057,33.68566,10774,6119,1.0,1.0
slice_24_img_153.npy,dropped_straddler,24,LE07_147037_20060930,76.79429,33.68339,7310,1476,1.0,1.0
slice_24_img_154.npy,val,24,LE07_147037_20060930,76.958,33.68091,46904,1647,1.0,1.0
slice_24_img_155.npy,val,24,LE07_147037_20060930,77.12168,33.6782,56345,3509,1.0,1.0
slice_24_img_156.npy,val,24,LE07_147037_20060930,77.28534,33.67528,27353,6248,1.0,1.0
slice_24_img_157.npy,val,24,LE07_147037_20060930,77.44898,33.67215,65175,6216,1.0,1.0
slice_24_img_158.npy,val,24,LE07_147037_20060930,77.61259,33.6688,60057,268,1.0,1.0
slice_24_img_159.npy,val,24,LE07_147037_20060930,77.77617,33.66523,27317,353,1.0,1.0
slice_24_img_160.npy,val,24,LE07_147037_20060930,77.93972,33.66144,6895,0,1.0,1.0
slice_24_img_161.npy,dropped_straddler,24,LE07_147037_20060930,78.10324,33.65744,7093,0,1.0,1.0
slice_24_img_162.npy,buffer_removed,24,LE07_147037_20060930,78.26673,33.65323,4450,0,0.9974,1.0
slice_24_img_164.npy,invalid,24,LE07_147037_20060930,78.5936,33.64415,0,0,0.0,1.0
slice_24_img_166.npy,train,24,LE07_147037_20060930,76.46916,33.8246,105,0,1.0,1.0
slice_24_img_167.npy,buffer_removed,24,LE07_147037_20060930,76.63316,33.82254,25380,7003,1.0,1.0
slice_24_img_168.npy,dropped_straddler,24,LE07_147037_20060930,76.79715,33.82026,33225,7712,1.0,1.0
slice_24_img_169.npy,val,24,LE07_147037_20060930,76.96111,33.81776,9692,2570,1.0,1.0
slice_24_img_170.npy,val,24,LE07_147037_20060930,77.12505,33.81504,7881,0,1.0,1.0
slice_24_img_171.npy,val,24,LE07_147037_20060930,77.28897,33.81211,52811,13784,1.0,1.0
slice_24_img_172.npy,val,24,LE07_147037_20060930,77.45287,33.80896,133338,6687,1.0,1.0
slice_24_img_173.npy,val,24,LE07_147037_20060930,77.61674,33.80559,25085,3720,1.0,1.0
slice_24_img_174.npy,val,24,LE07_147037_20060930,77.78058,33.802,25022,241,1.0,1.0
slice_24_img_175.npy,val,24,LE07_147037_20060930,77.94439,33.7982,26731,0,1.0,1.0
slice_24_img_176.npy,dropped_straddler,24,LE07_147037_20060930,78.10817,33.79417,13959,0,1.0,1.0
slice_24_img_177.npy,buffer_removed,24,LE07_147037_20060930,78.27192,33.78994,16337,0,0.8606,1.0
slice_24_img_180.npy,invalid,24,LE07_147037_20060930,76.30723,33.96334,0,0,0.0048,1.0
slice_24_img_182.npy,invalid,24,LE07_147037_20060930,76.63578,33.95941,0,0,0.258,1.0
slice_24_img_183.npy,dropped_straddler,24,LE07_147037_20060930,76.80002,33.95712,6024,2135,0.4054,1.0
slice_24_img_184.npy,val,24,LE07_147037_20060930,76.96425,33.95461,20669,5554,0.5528,1.0
slice_24_img_185.npy,val,24,LE07_147037_20060930,77.12845,33.95188,18154,3710,0.7002,1.0
slice_24_img_186.npy,val,24,LE07_147037_20060930,77.29263,33.94893,14948,534,0.8476,1.0
slice_24_img_187.npy,val,24,LE07_147037_20060930,77.45679,33.94576,145067,3524,0.9787,1.0
slice_24_img_188.npy,val,24,LE07_147037_20060930,77.62092,33.94237,39217,5742,1.0,1.0
slice_24_img_189.npy,val,24,LE07_147037_20060930,77.78502,33.93877,18060,1038,1.0,1.0
slice_24_img_190.npy,val,24,LE07_147037_20060930,77.94909,33.93494,1308,0,1.0,1.0
slice_24_img_191.npy,dropped_straddler,24,LE07_147037_20060930,78.11314,33.9309,15470,0,1.0,1.0
slice_24_img_192.npy,buffer_removed,24,LE07_147037_20060930,78.27714,33.92664,26838,0,0.6583,1.0
slice_24_img_193.npy,invalid,24,LE07_147037_20060930,78.44111,33.92216,0,0,0.0,0.8687
slice_25_img_000.npy,invalid,25,LE07_150034_20050916,72.84881,36.56025,0,0,0.0,0.0
slice_25_img_001.npy,invalid,25,LE07_150034_20050916,73.01836,36.56319,0,0,0.0,0.0
slice_25_img_002.npy,invalid,25,LE07_150034_20050916,73.18794,36.56589,0,0,0.0,0.0
slice_25_img_006.npy,invalid,25,LE07_150034_20050916,73.86642,36.57428,0,0,0.0,0.0
slice_25_img_008.npy,invalid,25,LE07_150034_20050916,74.20576,36.57702,0,0,0.0,0.0
slice_25_img_009.npy,invalid,25,LE07_150034_20050916,74.37544,36.57803,0,0,0.0,0.0
slice_25_img_013.npy,invalid,25,LE07_150034_20050916,75.05422,36.57965,0,0,0.0,0.0
slice_25_img_020.npy,invalid,25,LE07_150034_20050916,73.69447,36.70937,0,0,0.0,0.0
slice_25_img_026.npy,invalid,25,LE07_150034_20050916,74.71432,36.71619,0,0,0.0,0.0
slice_25_img_027.npy,invalid,25,LE07_150034_20050916,74.88432,36.71647,0,0,0.0,0.0
slice_25_img_028.npy,invalid,25,LE07_150034_20050916,75.05432,36.71652,0,0,0.0,0.0
slice_25_img_044.npy,invalid,25,LE07_150034_20050916,75.22472,36.85318,0,0,0.0,0.0
slice_25_img_053.npy,invalid,25,LE07_150034_20050916,74.20151,36.98757,0,0,0.0,0.0
slice_25_img_056.npy,invalid,25,LE07_150034_20050916,74.7133,36.98991,0,0,0.0,0.0
slice_25_img_058.npy,invalid,25,LE07_150034_20050916,75.05451,36.99024,0,0,0.0,0.0
slice_25_img_060.npy,invalid,25,LE07_150034_20050916,72.83343,37.10731,0,0,0.0,0.0
slice_25_img_062.npy,invalid,25,LE07_150034_20050916,73.17498,37.11306,0,0,0.0,0.0
slice_25_img_065.npy,invalid,25,LE07_150034_20050916,73.68745,37.11984,0,0,0.0,0.0
slice_25_img_066.npy,invalid,25,LE07_150034_20050916,73.85831,37.12161,0,0,0.0,0.0
slice_25_img_067.npy,invalid,25,LE07_150034_20050916,74.02919,37.12314,0,0,0.0,0.0
slice_25_img_074.npy,invalid,25,LE07_150034_20050916,75.22552,37.1269,0,0,0.0,0.0
slice_25_img_082.npy,invalid,25,LE07_150034_20050916,74.02744,37.25997,0,0,0.0,0.0
slice_25_img_083.npy,invalid,25,LE07_150034_20050916,74.19863,37.26125,0,0,0.0,0.0
slice_25_img_084.npy,invalid,25,LE07_150034_20050916,74.36983,37.26229,0,0,0.0,0.0
slice_25_img_085.npy,invalid,25,LE07_150034_20050916,74.54105,37.26307,0,0,0.0,0.0
slice_25_img_086.npy,invalid,25,LE07_150034_20050916,74.71226,37.26361,0,0,0.0,0.0
slice_25_img_093.npy,invalid,25,LE07_150034_20050916,73.33979,37.38916,0,0,0.0,0.0
slice_25_img_097.npy,invalid,25,LE07_150034_20050916,74.02567,37.3968,0,0,0.0,0.0
slice_25_img_109.npy,test,25,LE07_150034_20050916,73.50852,37.52824,66,0,0.8671,0.8671
slice_25_img_110.npy,test,25,LE07_150034_20050916,73.68029,37.53029,1151,0,0.5252,0.5252
slice_25_img_112.npy,invalid,25,LE07_150034_20050916,74.02389,37.53363,0,0,0.0,0.0
slice_25_img_114.npy,test,25,LE07_150034_20050916,74.36754,37.53597,5450,0,0.3193,0.3193
slice_25_img_117.npy,invalid,25,LE07_150034_20050916,74.88306,37.5376,0,0,0.0,0.0
slice_25_img_118.npy,invalid,25,LE07_150034_20050916,75.05491,37.53765,0,0,0.0,0.0
slice_25_img_122.npy,test,25,LE07_150034_20050916,73.16166,37.66018,3935,0,0.9905,0.9905
slice_25_img_123.npy,test,25,LE07_150034_20050916,73.33371,37.66273,26650,0,1.0,1.0
slice_25_img_124.npy,test,25,LE07_150034_20050916,73.50578,37.66504,50458,2713,0.9977,0.9977
slice_25_img_125.npy,test,25,LE07_150034_20050916,73.67788,37.66709,15292,526,0.4227,0.4227
slice_25_img_126.npy,invalid,25,LE07_150034_20050916,73.84998,37.6689,8195,0,0.2788,0.2788
slice_25_img_127.npy,test,25,LE07_150034_20050916,74.0221,37.67045,12656,0,0.6197,0.6197
slice_25_img_128.npy,test,25,LE07_150034_20050916,74.19424,37.67175,11413,0,0.9002,0.9002
slice_25_img_129.npy,test,25,LE07_150034_20050916,74.36638,37.6728,1529,0,1.0,1.0
slice_25_img_130.npy,test,25,LE07_150034_20050916,74.53853,37.6736,23368,189,0.9199,0.9199
slice_25_img_131.npy,dropped_straddler,25,LE07_150034_20050916,74.71069,37.67415,19487,950,0.6486,0.6486
slice_25_img_132.npy,invalid,25,LE07_150034_20050916,74.88285,37.67445,5526,0,0.1882,0.1882
slice_25_img_135.npy,buffer_removed,25,LE07_150034_20050916,72.81361,37.79105,2054,0,0.3342,0.978
slice_25_img_136.npy,dropped_straddler,25,LE07_150034_20050916,72.98593,37.79413,16876,0,1.0,1.0
slice_25_img_137.npy,test,25,LE07_150034_20050916,73.15828,37.79695,107388,1112,1.0,1.0
slice_25_img_138.npy,test,25,LE07_150034_20050916,73.33064,37.79952,100506,446,1.0,1.0
slice_25_img_139.npy,test,25,LE07_150034_20050916,73.50303,37.80183,20512,0,1.0,1.0
slice_25_img_140.npy,test,25,LE07_150034_20050916,73.67544,37.8039,21685,0,1.0,1.0
slice_25_img_141.npy,test,25,LE07_150034_20050916,73.84786,37.80571,14847,0,1.0,1.0
slice_25_img_142.npy,test,25,LE07_150034_20050916,74.0203,37.80727,815,0,1.0,1.0
slice_25_img_143.npy,test,25,LE07_150034_20050916,74.19275,37.80858,64034,2292,1.0,1.0
slice_25_img_144.npy,test,25,LE07_150034_20050916,74.36521,37.80964,59861,1203,0.7767,0.7767
slice_25_img_145.npy,invalid,25,LE07_150034_20050916,74.53768,37.81044,2609,0,0.0331,0.0331
slice_25_img_147.npy,invalid,25,LE07_150034_20050916,74.88263,37.81129,1594,0,0.0129,0.0129
slice_25_img_150.npy,buffer_removed,25,LE07_150034_20050916,72.80957,37.92779,5278,421,0.5893,1.0
slice_25_img_151.npy,dropped_straddler,25,LE07_150034_20050916,72.98221,37.93088,19692,376,1.0,1.0
slice_25_img_152.npy,test,25,LE07_150034_20050916,73.15487,37.93371,33604,1499,1.0,1.0
slice_25_img_153.npy,test,25,LE07_150034_20050916,73.32755,37.9363,7449,709,1.0,1.0
slice_25_img_154.npy,test,25,LE07_150034_20050916,73.50026,37.93863,12781,0,1.0,1.0
slice_25_img_155.npy,test,25,LE07_150034_20050916,73.67299,37.9407,5579,55,1.0,1.0
slice_25_img_156.npy,test,25,LE07_150034_20050916,73.84573,37.94252,8314,0,1.0,1.0
slice_25_img_157.npy,test,25,LE07_150034_20050916,74.01849,37.94409,73979,0,1.0,1.0
slice_25_img_158.npy,test,25,LE07_150034_20050916,74.19126,37.9454,48386,0,1.0,1.0
slice_25_img_159.npy,test,25,LE07_150034_20050916,74.36404,37.94647,64311,156,1.0,1.0
slice_25_img_160.npy,test,25,LE07_150034_20050916,74.53682,37.94727,65010,0,0.7027,0.7027
slice_25_img_161.npy,dropped_straddler,25,LE07_150034_20050916,74.70962,37.94783,15726,0,0.588,0.588
slice_25_img_162.npy,invalid,25,LE07_150034_20050916,74.88241,37.94813,7023,0,0.165,0.165
slice_25_img_163.npy,invalid,25,LE07_150034_20050916,75.05521,37.94817,18,0,0.0442,0.2838
slice_25_img_165.npy,buffer_removed,25,LE07_150034_20050916,72.8055,38.06453,69451,2675,0.7021,1.0
slice_25_img_166.npy,dropped_straddler,25,LE07_150034_20050916,72.97845,38.06763,50412,5460,0.9937,1.0
slice_25_img_167.npy,test,25,LE07_150034_20050916,73.15144,38.07048,38215,911,1.0,1.0
slice_25_img_168.npy,test,25,LE07_150034_20050916,73.32444,38.07307,17226,2070,1.0,1.0
slice_25_img_169.npy,test,25,LE07_150034_20050916,73.49747,38.07541,31299,1507,1.0,1.0
slice_25_img_170.npy,test,25,LE07_150034_20050916,73.67052,38.0775,57919,317,1.0,1.0
slice_25_img_171.npy,test,25,LE07_150034_20050916,73.84358,38.07933,74416,1334,1.0,1.0
slice_25_img_172.npy,test,25,LE07_150034_20050916,74.01666,38.0809,63037,642,1.0,1.0
slice_25_img_173.npy,test,25,LE07_150034_20050916,74.18975,38.08223,82105,4143,1.0,1.0
slice_25_img_174.npy,test,25,LE07_150034_20050916,74.36285,38.08329,56631,133,1.0,1.0
slice_25_img_175.npy,test,25,LE07_150034_20050916,74.53596,38.0841,18975,0,1.0,1.0
slice_25_img_176.npy,dropped_straddler,25,LE07_150034_20050916,74.70908,38.08466,11873,0,1.0,1.0
slice_25_img_177.npy,buffer_removed,25,LE07_150034_20050916,74.88219,38.08496,49137,0,0.9242,0.9492
slice_25_img_178.npy,invalid,25,LE07_150034_20050916,75.05531,38.08501,476,0,0.0418,1.0
slice_25_img_181.npy,invalid,25,LE07_150034_20050916,72.97468,38.20438,731,695,0.0622,1.0
slice_25_img_182.npy,invalid,25,LE07_150034_20050916,73.14798,38.20724,9229,1369,0.2482,1.0
slice_25_img_183.npy,test,25,LE07_150034_20050916,73.32131,38.20985,58047,1580,0.4379,1.0
slice_25_img_184.npy,test,25,LE07_150034_20050916,73.49466,38.2122,74739,1197,0.6275,1.0
slice_25_img_185.npy,test,25,LE07_150034_20050916,73.66803,38.21429,134276,2927,0.8171,1.0
slice_25_img_186.npy,test,25,LE07_150034_20050916,73.84142,38.21613,166858,3083,0.9793,1.0
slice_25_img_187.npy,test,25,LE07_150034_20050916,74.01482,38.21772,49809,9380,1.0,1.0
slice_25_img_188.npy,test,25,LE07_150034_20050916,74.18824,38.21904,98812,12811,1.0,1.0
slice_25_img_189.npy,test,25,LE07_150034_20050916,74.36166,38.22011,67943,35258,1.0,1.0
slice_25_img_190.npy,test,25,LE07_150034_20050916,74.53509,38.22093,35439,1085,1.0,1.0
slice_25_img_191.npy,dropped_straddler,25,LE07_150034_20050916,74.70853,38.22149,2437,0,1.0,1.0
slice_25_img_192.npy,buffer_removed,25,LE07_150034_20050916,74.88197,38.22179,1375,0,0.7633,1.0
slice_25_img_199.npy,invalid,25,LE07_150034_20050916,73.49184,38.34898,0,0,0.0,1.0
slice_25_img_201.npy,invalid,25,LE07_150034_20050916,73.83924,38.35293,2878,0,0.0341,1.0
slice_25_img_202.npy,invalid,25,LE07_150034_20050916,74.01297,38.35452,3909,986,0.2081,1.0
slice_25_img_203.npy,test,25,LE07_150034_20050916,74.18671,38.35586,45670,2810,0.3977,1.0
slice_25_img_204.npy,test,25,LE07_150034_20050916,74.36046,38.35693,95680,2354,0.5873,1.0
slice_25_img_205.npy,test,25,LE07_150034_20050916,74.53422,38.35775,57992,29173,0.7769,1.0
slice_25_img_206.npy,dropped_straddler,25,LE07_150034_20050916,74.70798,38.35831,23574,9757,0.9563,1.0
slice_26_img_000.npy,invalid,26,LE07_147036_20060930,76.68442,33.76049,0,0,0.0,1.0
slice_26_img_001.npy,invalid,26,LE07_147036_20060930,76.84828,33.75815,0,0,0.0,0.2659
slice_26_img_003.npy,invalid,26,LE07_147036_20060930,77.17594,33.75281,0,0,0.0,0.0
slice_26_img_006.npy,invalid,26,LE07_147036_20060930,77.66725,33.74316,2583,0,0.226,0.2637
slice_26_img_007.npy,invalid,26,LE07_147036_20060930,77.83096,33.73952,65,0,0.2062,0.2773
slice_26_img_010.npy,invalid,26,LE07_147036_20060930,78.32192,33.72727,0,0,0.0,0.0
slice_26_img_011.npy,invalid,26,LE07_147036_20060930,78.4855,33.72276,0,0,0.0,0.0
slice_26_img_015.npy,invalid,26,LE07_147036_20060930,76.6871,33.89737,0,0,0.0,1.0
slice_26_img_019.npy,invalid,26,LE07_147036_20060930,77.34346,33.88662,14092,0,0.0562,0.0562
slice_26_img_020.npy,val,26,LE07_147036_20060930,77.50749,33.88339,83462,14298,0.5966,0.5966
slice_26_img_021.npy,val,26,LE07_147036_20060930,77.6715,33.87995,4610,0,0.9952,0.9952
slice_26_img_026.npy,invalid,26,LE07_147036_20060930,78.49105,33.85944,0,0,0.0,0.0
slice_26_img_031.npy,invalid,26,LE07_147036_20060930,76.85419,34.03186,8997,202,0.0816,0.9913
slice_26_img_032.npy,invalid,26,LE07_147036_20060930,77.01856,34.02927,18387,0,0.1487,0.1504
slice_26_img_033.npy,invalid,26,LE07_147036_20060930,77.1829,34.02647,5545,0,0.2844,0.2844
slice_26_img_034.npy,val,26,LE07_147036_20060930,77.34722,34.02344,132112,8973,0.88,0.88
slice_26_img_035.npy,val,26,LE07_147036_20060930,77.51151,34.02019,163936,0,1.0,1.0
slice_26_img_036.npy,val,26,LE07_147036_20060930,77.67578,34.01672,42358,4293,1.0,1.0
slice_26_img_037.npy,val,26,LE07_147036_20060930,77.84002,34.01304,32765,0,1.0,1.0
slice_26_img_038.npy,val,26,LE07_147036_20060930,78.00422,34.00913,4074,0,0.4045,0.4045
slice_26_img_040.npy,invalid,26,LE07_147036_20060930,78.33254,34.00067,0,0,0.0,0.0
slice_26_img_046.npy,invalid,26,LE07_147036_20060930,76.85718,34.16872,24119,0,0.2829,1.0
slice_26_img_047.npy,val,26,LE07_147036_20060930,77.02181,34.16611,116151,8962,0.8712,0.8712
slice_26_img_048.npy,val,26,LE07_147036_20060930,77.18642,34.16329,51637,7359,0.9975,0.9975
slice_26_img_049.npy,val,26,LE07_147036_20060930,77.351,34.16025,60492,0,1.0,1.0
slice_26_img_050.npy,val,26,LE07_147036_20060930,77.51556,34.15698,151269,5389,1.0,1.0
slice_26_img_051.npy,val,26,LE07_147036_20060930,77.68009,34.1535,83026,4009,1.0,1.0
slice_26_img_052.npy,val,26,LE07_147036_20060930,77.84459,34.14979,29725,0,1.0,1.0
slice_26_img_053.npy,val,26,LE07_147036_20060930,78.00906,34.14587,15017,0,0.9048,0.9048
slice_26_img_054.npy,invalid,26,LE07_147036_20060930,78.1735,34.14173,553,0,0.0312,0.0312
slice_26_img_055.npy,invalid,26,LE07_147036_20060930,78.3379,34.13736,0,0,0.0,0.0
slice_26_img_061.npy,dropped_straddler,26,LE07_147036_20060930,76.86019,34.30557,19837,239,0.4868,1.0
slice_26_img_062.npy,val,26,LE07_147036_20060930,77.02508,34.30295,65415,7124,1.0,1.0
slice_26_img_063.npy,val,26,LE07_147036_20060930,77.18996,34.30011,73407,3328,1.0,1.0
slice_26_img_064.npy,val,26,LE07_147036_20060930,77.35481,34.29705,30141,3189,1.0,1.0
slice_26_img_065.npy,val,26,LE07_147036_20060930,77.51963,34.29377,23196,404,1.0,1.0
slice_26_img_066.npy,val,26,LE07_147036_20060930,77.68443,34.29027,135643,2166,1.0,1.0
slice_26_img_067.npy,val,26,LE07_147036_20060930,77.84919,34.28655,70675,746,1.0,1.0
slice_26_img_068.npy,val,26,LE07_147036_20060930,78.01393,34.2826,8938,610,1.0,1.0
slice_26_img_069.npy,invalid,26,LE07_147036_20060930,78.17863,34.27844,1354,31,0.2411,0.2411
slice_26_img_070.npy,invalid,26,LE07_147036_20060930,78.3433,34.27405,0,0,0.0,0.0
slice_26_img_071.npy,invalid,26,LE07_147036_20060930,78.50793,34.26944,0,0,0.0,0.0
slice_26_img_076.npy,dropped_straddler,26,LE07_147036_20060930,76.86322,34.44241,87,0,0.6927,1.0
slice_26_img_077.npy,val,26,LE07_147036_20060930,77.02838,34.43978,1439,543,1.0,1.0
slice_26_img_078.npy,val,26,LE07_147036_20060930,77.19352,34.43693,13471,1432,1.0,1.0
slice_26_img_079.npy,val,26,LE07_147036_20060930,77.35864,34.43386,68901,2626,1.0,1.0
slice_26_img_080.npy,val,26,LE07_147036_20060930,77.52373,34.43056,2324,0,1.0,1.0
slice_26_img_081.npy,val,26,LE07_147036_20060930,77.68879,34.42704,113714,14192,1.0,1.0
slice_26_img_082.npy,val,26,LE07_147036_20060930,77.85383,34.4233,156444,4961,1.0,1.0
slice_26_img_083.npy,val,26,LE07_147036_20060930,78.01883,34.41933,73063,5661,1.0,1.0
slice_26_img_084.npy,dropped_straddler,26,LE07_147036_20060930,78.1838,34.41514,4240,0,0.6817,0.6817
slice_26_img_086.npy,invalid,26,LE07_147036_20060930,78.51363,34.4061,0,0,0.0,0.0
slice_26_img_089.npy,invalid,26,LE07_147036_20060930,79.00809,34.39088,0,0,0.0,0.0
slice_26_img_091.npy,dropped_straddler,26,LE07_147036_20060930,76.86627,34.57925,6044,0,0.8857,1.0
slice_26_img_092.npy,val,26,LE07_147036_20060930,77.0317,34.57661,29480,1511,1.0,1.0
slice_26_img_093.npy,val,26,LE07_147036_20060930,77.19711,34.57374,2864,257,1.0,1.0
slice_26_img_094.npy,val,26,LE07_147036_20060930,77.3625,34.57065,10,0,1.0,1.0
slice_26_img_095.npy,val,26,LE07_147036_20060930,77.52786,34.56734,140,0,1.0,1.0
slice_26_img_096.npy,val,26,LE07_147036_20060930,77.69319,34.5638,36339,537,1.0,1.0
slice_26_img_097.npy,val,26,LE07_147036_20060930,77.85849,34.56004,127766,5014,1.0,1.0
slice_26_img_098.npy,val,26,LE07_147036_20060930,78.02376,34.55606,69292,1104,1.0,1.0
slice_26_img_099.npy,dropped_straddler,26,LE07_147036_20060930,78.189,34.55185,18499,0,0.9537,0.9537
slice_26_img_100.npy,invalid,26,LE07_147036_20060930,78.35421,34.54742,6217,0,0.104,0.104
slice_26_img_105.npy,invalid,26,LE07_147036_20060930,76.70361,34.71852,589,0,0.1037,1.0
slice_26_img_106.npy,dropped_straddler,26,LE07_147036_20060930,76.86934,34.71609,20174,271,0.9956,1.0
slice_26_img_107.npy,val,26,LE07_147036_20060930,77.03504,34.71344,38668,0,1.0,1.0
slice_26_img_108.npy,val,26,LE07_147036_20060930,77.20072,34.71056,17461,0,1.0,1.0
slice_26_img_109.npy,val,26,LE07_147036_20060930,77.36638,34.70745,17287,0,1.0,1.0
slice_26_img_110.npy,val,26,LE07_147036_20060930,77.53201,34.70412,948,0,1.0,1.0
slice_26_img_111.npy,val,26,LE07_147036_20060930,77.69762,34.70056,275,0,1.0,1.0
slice_26_img_112.npy,val,26,LE07_147036_20060930,77.86319,34.69678,66859,3285,1.0,1.0
slice_26_img_113.npy,val,26,LE07_147036_20060930,78.02873,34.69278,123327,445,1.0,1.0
slice_26_img_114.npy,dropped_straddler,26,LE07_147036_20060930,78.19424,34.68855,25244,235,1.0,1.0
slice_26_img_115.npy,buffer_removed,26,LE07_147036_20060930,78.35971,34.68409,75923,0,0.9756,0.9756
slice_26_img_116.npy,train,26,LE07_147036_20060930,78.52515,34.67942,77564,0,0.8471,0.8471
slice_26_img_117.npy,train,26,LE07_147036_20060930,78.69055,34.67451,12961,0,0.5315,0.5315
slice_26_img_118.npy,invalid,26,LE07_147036_20060930,78.8559,34.66939,33,0,0.0114,0.0114
slice_26_img_120.npy,buffer_removed,26,LE07_147036_20060930,76.70643,34.85537,0,0,0.3054,1.0
slice_26_img_121.npy,dropped_straddler,26,LE07_147036_20060930,76.87243,34.85293,3773,0,1.0,1.0
slice_26_img_122.npy,val,26,LE07_147036_20060930,77.03841,34.85026,19757,0,1.0,1.0
slice_26_img_123.npy,val,26,LE07_147036_20060930,77.20436,34.84736,37160,0,1.0,1.0
slice_26_img_124.npy,val,26,LE07_147036_20060930,77.37029,34.84424,29232,0,1.0,1.0
slice_26_img_125.npy,val,26,LE07_147036_20060930,77.5362,34.84089,26777,0,1.0,1.0
slice_26_img_126.npy,val,26,LE07_147036_20060930,77.70207,34.83732,1696,0,1.0,1.0
slice_26_img_127.npy,val,26,LE07_147036_20060930,77.86792,34.83352,3229,441,1.0,1.0
slice_26_img_128.npy,val,26,LE07_147036_20060930,78.03373,34.82949,54950,1,1.0,1.0
slice_26_img_129.npy,dropped_straddler,26,LE07_147036_20060930,78.19952,34.82524,52009,1049,1.0,1.0
slice_26_img_130.npy,buffer_removed,26,LE07_147036_20060930,78.36526,34.82077,13674,0,1.0,1.0
slice_26_img_131.npy,train,26,LE07_147036_20060930,78.53097,34.81607,87611,0,1.0,1.0
slice_26_img_132.npy,train,26,LE07_147036_20060930,78.69664,34.81114,49337,0,1.0,1.0
slice_26_img_133.npy,train,26,LE07_147036_20060930,78.86226,34.80599,5653,0,0.3909,0.7658
slice_26_img_135.npy,buffer_removed,26,LE07_147036_20060930,76.70926,34.99222,13,0,0.5029,1.0
slice_26_img_139.npy,val,26,LE07_147036_20060930,77.37423,34.98103,1895,0,1.0,1.0
slice_26_img_140.npy,val,26,LE07_147036_20060930,77.54041,34.97767,14118,0,1.0,1.0
slice_26_img_141.npy,val,26,LE07_147036_20060930,77.70656,34.97407,6436,0,1.0,1.0
slice_26_img_142.npy,val,26,LE07_147036_20060930,77.87268,34.97025,998,0,1.0,1.0
slice_26_img_143.npy,val,26,LE07_147036_20060930,78.03877,34.96621,18132,73,1.0,1.0
slice_26_img_144.npy,dropped_straddler,26,LE07_147036_20060930,78.20482,34.96194,25409,546,1.0,1.0
slice_26_img_145.npy,buffer_removed,26,LE07_147036_20060930,78.37084,34.95744,9328,304,1.0,1.0
slice_26_img_146.npy,train,26,LE07_147036_20060930,78.53682,34.95271,22494,0,1.0,1.0
slice_26_img_147.npy,train,26,LE07_147036_20060930,78.70277,34.94776,30160,0,1.0,1.0
slice_26_img_149.npy,invalid,26,LE07_147036_20060930,79.03452,34.93718,0,0,0.0,0.2809
slice_26_img_150.npy,buffer_removed,26,LE07_147036_20060930,76.71212,35.12906,13660,0,0.7028,1.0
slice_26_img_152.npy,val,26,LE07_147036_20060930,77.0452,35.12389,1251,0,1.0,1.0
slice_26_img_156.npy,val,26,LE07_147036_20060930,77.71108,35.11082,1026,0,1.0,1.0
slice_26_img_157.npy,val,26,LE07_147036_20060930,77.87748,35.10698,3449,0,1.0,1.0
slice_26_img_158.npy,val,26,LE07_147036_20060930,78.04384,35.10292,6032,0,1.0,1.0
slice_26_img_159.npy,dropped_straddler,26,LE07_147036_20060930,78.21017,35.09862,0,0,1.0,1.0
slice_26_img_160.npy,buffer_removed,26,LE07_147036_20060930,78.37646,35.0941,9800,0,1.0,1.0
slice_26_img_161.npy,train,26,LE07_147036_20060930,78.54272,35.08935,4446,0,1.0,1.0
slice_26_img_162.npy,train,26,LE07_147036_20060930,78.70894,35.08438,28532,0,0.9484,0.9484
slice_26_img_163.npy,invalid,26,LE07_147036_20060930,78.87511,35.07917,1350,0,0.0543,0.2185
slice_26_img_165.npy,buffer_removed,26,LE07_147036_20060930,76.71499,35.2659,22115,1041,0.8575,1.0
slice_26_img_166.npy,dropped_straddler,26,LE07_147036_20060930,76.88183,35.26342,16236,410,1.0,1.0
slice_26_img_167.npy,val,26,LE07_147036_20060930,77.04864,35.26071,1195,0,1.0,1.0
slice_26_img_168.npy,val,26,LE07_147036_20060930,77.21542,35.25777,63,0,1.0,1.0
slice_26_img_169.npy,val,26,LE07_147036_20060930,77.38218,35.2546,338,0,1.0,1.0
slice_26_img_170.npy,val,26,LE07_147036_20060930,77.54892,35.2512,8117,0,1.0,1.0
slice_26_img_172.npy,val,26,LE07_147036_20060930,77.8823,35.24371,80,0,1.0,1.0
slice_26_img_173.npy,val,26,LE07_147036_20060930,78.04894,35.23962,7213,0,1.0,1.0
slice_26_img_174.npy,dropped_straddler,26,LE07_147036_20060930,78.21555,35.23531,2337,0,1.0,1.0
slice_26_img_175.npy,buffer_removed,26,LE07_147036_20060930,78.38212,35.23076,12499,0,1.0,1.0
slice_26_img_177.npy,train,26,LE07_147036_20060930,78.71515,35.22099,3956,0,0.8295,0.9417
slice_26_img_178.npy,invalid,26,LE07_147036_20060930,78.8816,35.21576,0,0,0.0,0.0336
slice_26_img_180.npy,invalid,26,LE07_147036_20060930,76.71789,35.40273,1,0,0.0057,1.0
slice_26_img_181.npy,invalid,26,LE07_147036_20060930,76.885,35.40024,371,0,0.1132,1.0
slice_26_img_185.npy,val,26,LE07_147036_20060930,77.55322,35.38796,2988,0,0.698,1.0
slice_26_img_186.npy,val,26,LE07_147036_20060930,77.7202,35.38431,428,0,0.8442,1.0
slice_26_img_188.npy,val,26,LE07_147036_20060930,78.05408,35.37633,17285,0,1.0,1.0
slice_26_img_189.npy,dropped_straddler,26,LE07_147036_20060930,78.22097,35.37199,20298,0,1.0,1.0
slice_26_img_190.npy,train,26,LE07_147036_20060930,78.38782,35.36742,4421,0,1.0,1.0
slice_26_img_191.npy,train,26,LE07_147036_20060930,78.55463,35.36263,21945,0,1.0,1.0
slice_26_img_192.npy,train,26,LE07_147036_20060930,78.72141,35.3576,556,0,0.6463,1.0
slice_26_img_194.npy,invalid,26,LE07_147036_20060930,79.05482,35.34686,0,0,0.0,0.0
slice_27_img_003.npy,train,27,LE07_152035_20060917,69.86085,35.17009,0,0,0.8483,1.0
slice_27_img_011.npy,invalid,27,LE07_152035_20060917,71.19399,35.15328,0,0,0.0,1.0
slice_27_img_013.npy,invalid,27,LE07_152035_20060917,71.52706,35.14679,0,0,0.0,0.0436
slice_27_img_014.npy,invalid,27,LE07_152035_20060917,71.69356,35.1432,0,0,0.0,0.0
slice_27_img_016.npy,invalid,27,LE07_152035_20060917,69.52831,35.30889,0,0,0.0,1.0
slice_27_img_023.npy,train,27,LE07_152035_20060917,70.69704,35.29814,73,0,0.9958,1.0
slice_27_img_026.npy,train,27,LE07_152035_20060917,71.19767,35.29008,2153,0,0.5636,1.0
slice_27_img_032.npy,train,27,LE07_152035_20060917,69.69648,35.44493,0,0,0.9589,1.0
slice_27_img_035.npy,train,27,LE07_152035_20060917,70.19826,35.441,0,0,1.0,1.0
slice_27_img_037.npy,train,27,LE07_152035_20060917,70.53271,35.43721,0,0,1.0,1.0
slice_27_img_038.npy,train,27,LE07_152035_20060917,70.69991,35.43498,190,0,1.0,1.0
slice_27_img_040.npy,train,27,LE07_152035_20060917,71.03425,35.4298,0,0,1.0,1.0
slice_27_img_041.npy,train,27,LE07_152035_20060917,71.20138,35.42687,3182,0,1.0,1.0
slice_27_img_042.npy,train,27,LE07_152035_20060917,71.3685,35.42371,0,0,1.0,1.0
slice_27_img_043.npy,train,27,LE07_152035_20060917,71.53558,35.42031,323,0,0.9722,0.9722
slice_27_img_044.npy,train,27,LE07_152035_20060917,71.70264,35.41669,918,0,0.6993,0.8502
slice_27_img_045.npy,invalid,27,LE07_152035_20060917,69.36254,35.58329,0,0,0.0,1.0
slice_27_img_049.npy,train,27,LE07_152035_20060917,70.03276,35.57941,1500,425,1.0,1.0
slice_27_img_050.npy,train,27,LE07_152035_20060917,70.20029,35.57786,40,0,1.0,1.0
slice_27_img_052.npy,train,27,LE07_152035_20060917,70.53531,35.57406,3560,0,1.0,1.0
slice_27_img_054.npy,train,27,LE07_152035_20060917,70.87026,35.56933,0,0,1.0,1.0
slice_27_img_055.npy,train,27,LE07_152035_20060917,71.0377,35.56661,6972,1335,1.0,1.0
slice_27_img_056.npy,train,27,LE07_152035_20060917,71.20512,35.56366,6904,2137,1.0,1.0
slice_27_img_057.npy,train,27,LE07_152035_20060917,71.37252,35.56048,1712,488,1.0,1.0
slice_27_img_058.npy,train,27,LE07_152035_20060917,71.53988,35.55707,45448,6516,1.0,1.0
slice_27_img_059.npy,train,27,LE07_152035_20060917,71.70722,35.55343,25520,3336,0.6266,1.0
slice_27_img_062.npy,train,27,LE07_152035_20060917,69.69886,35.7187,3,0,1.0,1.0
slice_27_img_063.npy,train,27,LE07_152035_20060917,69.8667,35.7176,793,138,1.0,1.0
slice_27_img_064.npy,train,27,LE07_152035_20060917,70.03453,35.71628,0,0,1.0,1.0
slice_27_img_065.npy,train,27,LE07_152035_20060917,70.20234,35.71472,2544,241,1.0,1.0
slice_27_img_066.npy,train,27,LE07_152035_20060917,70.37014,35.71293,15687,639,1.0,1.0
slice_27_img_067.npy,train,27,LE07_152035_20060917,70.53793,35.7109,28769,1727,1.0,1.0
slice_27_img_068.npy,train,27,LE07_152035_20060917,70.7057,35.70864,92,0,1.0,1.0
slice_27_img_069.npy,train,27,LE07_152035_20060917,70.87345,35.70614,15075,2554,1.0,1.0
slice_27_img_070.npy,train,27,LE07_152035_20060917,71.04118,35.70341,14567,2110,1.0,1.0
slice_27_img_071.npy,train,27,LE07_152035_20060917,71.20888,35.70045,1587,210,1.0,1.0
slice_27_img_072.npy,train,27,LE07_152035_20060917,71.37656,35.69726,13051,1094,1.0,1.0
slice_27_img_073.npy,train,27,LE07_152035_20060917,71.54421,35.69383,17419,1125,1.0,1.0
slice_27_img_074.npy,train,27,LE07_152035_20060917,71.71184,35.69017,701,0,0.4087,1.0
slice_27_img_077.npy,train,27,LE07_152035_20060917,69.70006,35.85557,7913,1303,1.0,1.0
slice_27_img_078.npy,train,27,LE07_152035_20060917,69.86818,35.85448,3578,71,1.0,1.0
slice_27_img_080.npy,train,27,LE07_152035_20060917,70.20441,35.85158,707,0,1.0,1.0
slice_27_img_081.npy,train,27,LE07_152035_20060917,70.3725,35.84977,38598,1412,1.0,1.0
slice_27_img_082.npy,train,27,LE07_152035_20060917,70.54057,35.84773,34206,1274,1.0,1.0
slice_27_img_083.npy,train,27,LE07_152035_20060917,70.70863,35.84546,7832,642,1.0,1.0
slice_27_img_084.npy,train,27,LE07_152035_20060917,70.87666,35.84295,21311,2,1.0,1.0
slice_27_img_085.npy,train,27,LE07_152035_20060917,71.04468,35.84021,45081,11081,1.0,1.0
slice_27_img_086.npy,train,27,LE07_152035_20060917,71.21267,35.83724,15732,1065,1.0,1.0
slice_27_img_087.npy,train,27,LE07_152035_20060917,71.38064,35.83402,46988,4786,1.0,1.0
slice_27_img_088.npy,train,27,LE07_152035_20060917,71.54857,35.83058,3392,0,1.0,1.0
slice_27_img_092.npy,train,27,LE07_152035_20060917,69.70127,35.99245,0,0,1.0,1.0
slice_27_img_093.npy,train,27,LE07_152035_20060917,69.86968,35.99134,80,0,1.0,1.0
slice_27_img_094.npy,train,27,LE07_152035_20060917,70.03809,35.99,556,0,1.0,1.0
slice_27_img_095.npy,train,27,LE07_152035_20060917,70.20648,35.98843,870,0,1.0,1.0
slice_27_img_096.npy,train,27,LE07_152035_20060917,70.37486,35.98662,15271,3484,1.0,1.0
slice_27_img_097.npy,train,27,LE07_152035_20060917,70.54323,35.98457,31795,1391,1.0,1.0
slice_27_img_098.npy,train,27,LE07_152035_20060917,70.71157,35.98228,2742,0,1.0,1.0
slice_27_img_099.npy,train,27,LE07_152035_20060917,70.8799,35.97976,4661,3007,1.0,1.0
slice_27_img_100.npy,train,27,LE07_152035_20060917,71.0482,35.97701,19003,2868,1.0,1.0
slice_27_img_101.npy,train,27,LE07_152035_20060917,71.21648,35.97402,9357,2929,1.0,1.0
slice_27_img_102.npy,train,27,LE07_152035_20060917,71.38474,35.97079,3557,0,1.0,1.0
slice_27_img_103.npy,train,27,LE07_152035_20060917,71.55297,35.96733,1378,0,0.9595,1.0
slice_27_img_108.npy,train,27,LE07_152035_20060917,69.87119,36.12821,2234,595,1.0,1.0
slice_27_img_109.npy,train,27,LE07_152035_20060917,70.03989,36.12686,4273,1131,1.0,1.0
slice_27_img_110.npy,train,27,LE07_152035_20060917,70.20857,36.12528,15848,1255,1.0,1.0
slice_27_img_111.npy,train,27,LE07_152035_20060917,70.37724,36.12346,4248,0,1.0,1.0
slice_27_img_112.npy,train,27,LE07_152035_20060917,70.5459,36.1214,151,0,1.0,1.0
slice_27_img_113.npy,train,27,LE07_152035_20060917,70.71454,36.1191,3364,1978,1.0,1.0
slice_27_img_114.npy,train,27,LE07_152035_20060917,70.88316,36.11657,2787,440,1.0,1.0
slice_27_img_115.npy,train,27,LE07_152035_20060917,71.05175,36.1138,27039,4571,1.0,1.0
slice_27_img_116.npy,train,27,LE07_152035_20060917,71.22032,36.11079,9458,1008,1.0,1.0
slice_27_img_117.npy,train,27,LE07_152035_20060917,71.38887,36.10755,2350,47,1.0,1.0
slice_27_img_118.npy,train,27,LE07_152035_20060917,71.55739,36.10407,53,0,0.7631,1.0
slice_27_img_123.npy,train,27,LE07_152035_20060917,69.87271,36.26507,2009,190,1.0,1.0
slice_27_img_124.npy,train,27,LE07_152035_20060917,70.0417,36.26372,5145,786,1.0,1.0
slice_27_img_125.npy,train,27,LE07_152035_20060917,70.21068,36.26212,9875,404,1.0,1.0
slice_27_img_126.npy,train,27,LE07_152035_20060917,70.37964,36.26029,1420,0,1.0,1.0
slice_27_img_127.npy,train,27,LE07_152035_20060917,70.54859,36.25823,11416,2521,1.0,1.0
slice_27_img_128.npy,train,27,LE07_152035_20060917,70.71752,36.25592,20338,2216,1.0,1.0
slice_27_img_129.npy,train,27,LE07_152035_20060917,70.88643,36.25337,13180,5194,1.0,1.0
slice_27_img_130.npy,train,27,LE07_152035_20060917,71.05532,36.25059,49423,10131,1.0,1.0
slice_27_img_131.npy,train,27,LE07_152035_20060917,71.22419,36.24757,11798,1429,1.0,1.0
slice_27_img_132.npy,train,27,LE07_152035_20060917,71.39303,36.24431,947,0,1.0,1.0
slice_27_img_133.npy,train,27,LE07_152035_20060917,71.56184,36.24081,3946,0,0.5399,1.0
slice_27_img_135.npy,train,27,LE07_152035_20060917,69.36632,36.40456,0,0,0.501,1.0
slice_27_img_136.npy,train,27,LE07_152035_20060917,69.53563,36.40392,0,0,1.0,1.0
slice_27_img_137.npy,train,27,LE07_152035_20060917,69.70494,36.40305,352,134,1.0,1.0
slice_27_img_138.npy,train,27,LE07_152035_20060917,69.87423,36.40193,569,201,1.0,1.0
slice_27_img_139.npy,train,27,LE07_152035_20060917,70.04352,36.40057,321,0,1.0,1.0
slice_27_img_140.npy,train,27,LE07_152035_20060917,70.2128,36.39897,7323,1654,1.0,1.0
slice_27_img_141.npy,train,27,LE07_152035_20060917,70.38206,36.39713,8144,1432,1.0,1.0
slice_27_img_142.npy,train,27,LE07_152035_20060917,70.5513,36.39505,24557,3036,1.0,1.0
slice_27_img_143.npy,train,27,LE07_152035_20060917,70.72053,36.39273,9871,2006,1.0,1.0
slice_27_img_144.npy,train,27,LE07_152035_20060917,70.88973,36.39017,10124,1817,1.0,1.0
slice_27_img_145.npy,train,27,LE07_152035_20060917,71.05892,36.38738,30327,3574,1.0,1.0
slice_27_img_146.npy,train,27,LE07_152035_20060917,71.22808,36.38434,5491,921,1.0,1.0
slice_27_img_147.npy,train,27,LE07_152035_20060917,71.39721,36.38106,25,0,1.0,1.0
slice_27_img_148.npy,train,27,LE07_152035_20060917,71.56632,36.37755,712,81,0.3204,1.0
slice_27_img_151.npy,train,27,LE07_152035_20060917,69.53657,36.54079,362,45,1.0,1.0
slice_27_img_152.npy,train,27,LE07_152035_20060917,69.70618,36.53991,7320,3892,1.0,1.0
slice_27_img_153.npy,train,27,LE07_152035_20060917,69.87577,36.53878,218,92,1.0,1.0
slice_27_img_154.npy,train,27,LE07_152035_20060917,70.04536,36.53741,835,214,1.0,1.0
slice_27_img_155.npy,train,27,LE07_152035_20060917,70.21493,36.53581,4194,295,1.0,1.0
slice_27_img_156.npy,train,27,LE07_152035_20060917,70.38449,36.53396,1642,279,1.0,1.0
slice_27_img_157.npy,train,27,LE07_152035_20060917,70.55403,36.53187,4769,1352,1.0,1.0
slice_27_img_158.npy,train,27,LE07_152035_20060917,70.72356,36.52954,8141,1504,1.0,1.0
slice_27_img_159.npy,train,27,LE07_152035_20060917,70.89306,36.52697,8960,0,1.0,1.0
slice_27_img_160.npy,train,27,LE07_152035_20060917,71.06254,36.52416,4008,75,1.0,1.0
slice_27_img_161.npy,train,27,LE07_152035_20060917,71.23199,36.52111,311,0,1.0,1.0
slice_27_img_162.npy,train,27,LE07_152035_20060917,71.40142,36.51781,232,0,1.0,1.0
slice_27_img_163.npy,invalid,27,LE07_152035_20060917,71.57083,36.51428,132,0,0.1117,1.0
slice_27_img_165.npy,train,27,LE07_152035_20060917,69.36761,36.6783,1664,201,0.8305,1.0
slice_27_img_166.npy,train,27,LE07_152035_20060917,69.53752,36.67765,3865,777,0.9999,1.0
slice_27_img_167.npy,train,27,LE07_152035_20060917,69.70743,36.67676,1196,0,1.0,1.0
slice_27_img_168.npy,train,27,LE07_152035_20060917,69.87732,36.67563,620,0,1.0,1.0
slice_27_img_169.npy,train,27,LE07_152035_20060917,70.04721,36.67426,740,0,1.0,1.0
slice_27_img_170.npy,train,27,LE07_152035_20060917,70.21708,36.67264,216,0,1.0,1.0
slice_27_img_172.npy,train,27,LE07_152035_20060917,70.55678,36.66869,2692,428,1.0,1.0
slice_27_img_173.npy,train,27,LE07_152035_20060917,70.7266,36.66635,257,0,1.0,1.0
slice_27_img_174.npy,train,27,LE07_152035_20060917,70.8964,36.66376,2522,0,1.0,1.0
slice_27_img_176.npy,train,27,LE07_152035_20060917,71.23594,36.65787,0,0,1.0,1.0
slice_27_img_178.npy,invalid,27,LE07_152035_20060917,71.57537,36.65101,0,0,0.0009,1.0
slice_27_img_180.npy,invalid,27,LE07_152035_20060917,69.36826,36.81516,0,0,0.0002,1.0
slice_27_img_182.npy,invalid,27,LE07_152035_20060917,69.70868,36.81362,62,0,0.2477,1.0
slice_27_img_183.npy,train,27,LE07_152035_20060917,69.87888,36.81248,746,49,0.4091,1.0
slice_27_img_187.npy,train,27,LE07_152035_20060917,70.55954,36.8055,0,0,0.9979,1.0
slice_27_img_190.npy,train,27,LE07_152035_20060917,71.06985,36.79771,0,0,1.0,1.0
slice_28_img_002.npy,invalid,28,LE07_152034_20060731,70.08958,36.61119,0,0,0.0,0.0
slice_28_img_007.npy,invalid,28,LE07_152034_20060731,70.93807,36.60041,1416,0,0.2198,0.9664
slice_28_img_008.npy,invalid,28,LE07_152034_20060731,71.10771,36.59753,1393,0,0.067,0.5611
slice_28_img_011.npy,invalid,28,LE07_152034_20060731,71.61646,36.58745,0,0,0.0,0.0
slice_28_img_012.npy,invalid,28,LE07_152034_20060731,71.78598,36.5836,0,0,0.0,0.0
slice_28_img_016.npy,invalid,28,LE07_152034_20060731,69.92147,36.74947,0,0,0.0,0.0
slice_28_img_017.npy,invalid,28,LE07_152034_20060731,70.09151,36.74804,0,0,0.0,0.0
slice_28_img_020.npy,train,28,LE07_152034_20060731,70.60156,36.74226,3180,0,0.9464,0.9464
slice_28_img_021.npy,train,28,LE07_152034_20060731,70.77154,36.73985,6811,0,1.0,1.0
slice_28_img_022.npy,train,28,LE07_152034_20060731,70.9415,36.7372,8027,0,1.0,1.0
slice_28_img_023.npy,train,28,LE07_152034_20060731,71.11144,36.73431,30052,0,0.9982,1.0
slice_28_img_024.npy,train,28,LE07_152034_20060731,71.28135,36.73117,782,0,0.6163,0.6473
slice_28_img_025.npy,invalid,28,LE07_152034_20060731,71.45124,36.72779,0,0,0.0,0.0
slice_28_img_029.npy,invalid,28,LE07_152034_20060731,72.13046,36.71185,0,0,0.0,0.0
slice_28_img_032.npy,invalid,28,LE07_152034_20060731,70.09346,36.88487,0,0,0.0,0.0
slice_28_img_035.npy,train,28,LE07_152034_20060731,70.60442,36.87907,6853,0,1.0,1.0
slice_28_img_036.npy,train,28,LE07_152034_20060731,70.7747,36.87665,38640,0,1.0,1.0
slice_28_img_037.npy,train,28,LE07_152034_20060731,70.94496,36.87399,35280,0,1.0,1.0
slice_28_img_038.npy,train,28,LE07_152034_20060731,71.1152,36.87108,29585,0,1.0,1.0
slice_28_img_039.npy,train,28,LE07_152034_20060731,71.28541,36.86792,518,0,0.47,0.47
slice_28_img_045.npy,invalid,28,LE07_152034_20060731,69.7541,37.02437,0,0,0.0,0.0
slice_28_img_048.npy,train,28,LE07_152034_20060731,70.26606,37.02001,0,0,0.6282,0.6282
slice_28_img_049.npy,train,28,LE07_152034_20060731,70.43668,37.01807,0,0,1.0,1.0
slice_28_img_050.npy,train,28,LE07_152034_20060731,70.60729,37.01588,193,0,1.0,1.0
slice_28_img_051.npy,train,28,LE07_152034_20060731,70.77788,37.01344,4489,0,1.0,1.0
slice_28_img_052.npy,train,28,LE07_152034_20060731,70.94844,37.01077,52378,0,1.0,1.0
slice_28_img_053.npy,train,28,LE07_152034_20060731,71.11899,37.00784,2333,0,1.0,1.0
slice_28_img_054.npy,train,28,LE07_152034_20060731,71.2895,37.00467,0,0,0.3787,0.3787
slice_28_img_055.npy,train,28,LE07_152034_20060731,71.45999,37.00126,343,0,0.4415,0.4415
slice_28_img_056.npy,invalid,28,LE07_152034_20060731,71.63045,36.9976,0,0,0.0287,0.0287
slice_28_img_060.npy,invalid,28,LE07_152034_20060731,69.75546,37.16121,0,0,0.0,0.0
slice_28_img_063.npy,train,28,LE07_152034_20060731,70.26834,37.15683,0,0,0.7978,0.7978
slice_28_img_065.npy,train,28,LE07_152034_20060731,70.61018,37.15268,309,0,1.0,1.0
slice_28_img_066.npy,train,28,LE07_152034_20060731,70.78108,37.15023,15569,0,1.0,1.0
slice_28_img_067.npy,train,28,LE07_152034_20060731,70.95195,37.14754,26452,0,1.0,1.0
slice_28_img_068.npy,train,28,LE07_152034_20060731,71.1228,37.14461,5103,0,1.0,1.0
slice_28_img_069.npy,train,28,LE07_152034_20060731,71.29362,37.14142,5538,0,1.0,1.0
slice_28_img_070.npy,train,28,LE07_152034_20060731,71.46441,37.13799,16905,0,0.9158,0.9158
slice_28_img_072.npy,invalid,28,LE07_152034_20060731,71.80591,37.13039,0,0,0.0,0.0
slice_28_img_074.npy,invalid,28,LE07_152034_20060731,72.14728,37.12182,0,0,0.0,0.0
slice_28_img_077.npy,invalid,28,LE07_152034_20060731,70.09937,37.29537,0,0,0.0,0.0
slice_28_img_081.npy,train,28,LE07_152034_20060731,70.7843,37.28702,0,0,1.0,1.0
slice_28_img_082.npy,train,28,LE07_152034_20060731,70.95548,37.28432,3,0,1.0,1.0
slice_28_img_083.npy,train,28,LE07_152034_20060731,71.12663,37.28136,18841,0,1.0,1.0
slice_28_img_084.npy,train,28,LE07_152034_20060731,71.29776,37.27816,45664,0,1.0,1.0
slice_28_img_085.npy,train,28,LE07_152034_20060731,71.46887,37.27472,7175,0,0.7524,0.7524
slice_28_img_088.npy,invalid,28,LE07_152034_20060731,71.98199,37.2629,0,0,0.0,0.0
slice_28_img_094.npy,train,28,LE07_152034_20060731,70.44449,37.4285,0,0,1.0,1.0
slice_28_img_096.npy,train,28,LE07_152034_20060731,70.78754,37.42381,0,0,1.0,1.0
slice_28_img_097.npy,train,28,LE07_152034_20060731,70.95903,37.42109,551,0,1.0,1.0
slice_28_img_098.npy,train,28,LE07_152034_20060731,71.1305,37.41812,1671,0,1.0,1.0
slice_28_img_099.npy,train,28,LE07_152034_20060731,71.30194,37.4149,21910,0,1.0,1.0
slice_28_img_100.npy,train,28,LE07_152034_20060731,71.47335,37.41144,508,0,0.6461,0.6461
slice_28_img_103.npy,invalid,28,LE07_152034_20060731,71.9874,37.39956,0,0,0.0,0.0
slice_28_img_110.npy,train,28,LE07_152034_20060731,70.61897,37.56307,0,0,1.0,1.0
slice_28_img_112.npy,train,28,LE07_152034_20060731,70.9626,37.55785,0,0,1.0,1.0
slice_28_img_114.npy,train,28,LE07_152034_20060731,71.30614,37.55164,1765,0,1.0,1.0
slice_28_img_117.npy,invalid,28,LE07_152034_20060731,71.82122,37.54045,0,0,0.0,0.0
slice_28_img_122.npy,train,28,LE07_152034_20060731,70.10541,37.70583,0,0,1.0,1.0
slice_28_img_128.npy,train,28,LE07_152034_20060731,71.1383,37.69162,26,0,1.0,1.0
slice_28_img_129.npy,train,28,LE07_152034_20060731,71.31037,37.68837,5504,573,1.0,1.0
slice_28_img_130.npy,train,28,LE07_152034_20060731,71.48241,37.68488,270,0,0.5363,0.5363
slice_28_img_131.npy,invalid,28,LE07_152034_20060731,71.65442,37.68113,0,0,0.0,0.0
slice_28_img_143.npy,train,28,LE07_152034_20060731,71.14224,37.82837,82,0,1.0,1.0
slice_28_img_144.npy,train,28,LE07_152034_20060731,71.31463,37.8251,395,0,1.0,1.0
slice_28_img_155.npy,train,28,LE07_152034_20060731,70.62795,37.97342,0,0,1.0,1.0
slice_28_img_159.npy,train,28,LE07_152034_20060731,71.31891,37.96183,2303,114,1.0,1.0
slice_28_img_160.npy,train,28,LE07_152034_20060731,71.49159,37.9583,1014,0,0.4901,0.4901
slice_28_img_161.npy,invalid,28,LE07_152034_20060731,71.66423,37.95451,0,0,0.0,0.0
slice_28_img_165.npy,train,28,LE07_152034_20060731,69.76522,38.11903,0,0,0.7942,1.0
slice_28_img_174.npy,train,28,LE07_152034_20060731,71.32323,38.09855,13611,3197,1.0,1.0
slice_28_img_175.npy,train,28,LE07_152034_20060731,71.49622,38.095,12607,289,0.8921,0.8921
slice_28_img_177.npy,invalid,28,LE07_152034_20060731,71.84212,38.08714,0,0,0.0,0.0
slice_28_img_180.npy,invalid,28,LE07_152034_20060731,69.76665,38.25585,0,0,0.0007,1.0
slice_28_img_182.npy,invalid,28,LE07_152034_20060731,70.11365,38.25307,0,0,0.2521,1.0
slice_28_img_185.npy,train,28,LE07_152034_20060731,70.63403,38.24698,135,0,0.7285,1.0
slice_28_img_186.npy,train,28,LE07_152034_20060731,70.80745,38.24443,76,0,0.8873,1.0
slice_28_img_187.npy,train,28,LE07_152034_20060731,70.98085,38.24164,0,0,0.9964,1.0
slice_28_img_189.npy,train,28,LE07_152034_20060731,71.32758,38.23527,5055,0,1.0,1.0
slice_28_img_190.npy,train,28,LE07_152034_20060731,71.50089,38.2317,613,0,1.0,1.0
slice_29_img_001.npy,invalid,29,LE07_147035_20050826,77.22585,35.10487,0,0,0.0,0.0
slice_29_img_003.npy,invalid,29,LE07_147035_20050826,77.55838,35.11478,0,0,0.0,0.0
slice_29_img_013.npy,invalid,29,LE07_147035_20050826,79.22306,35.15065,0,0,0.0,0.0
slice_29_img_018.npy,invalid,29,LE07_147035_20050826,77.55261,35.25143,0,0,0.0,0.0
slice_29_img_030.npy,invalid,29,LE07_147035_20050826,77.0464,35.37272,0,0,0.0,0.0
slice_29_img_033.npy,invalid,29,LE07_147035_20050826,77.5468,35.38808,0,0,0.0,0.0
slice_29_img_040.npy,invalid,29,LE07_147035_20050826,78.71569,35.41586,0,0,0.0,0.0
slice_29_img_044.npy,invalid,29,LE07_147035_20050826,79.38424,35.42666,0,0,0.0,0.0
slice_29_img_052.npy,invalid,29,LE07_147035_20050826,78.20982,35.54207,0,0,0.0,0.0
slice_29_img_055.npy,invalid,29,LE07_147035_20050826,78.71182,35.55265,0,0,0.0,0.0
slice_29_img_060.npy,invalid,29,LE07_147035_20050826,77.03296,35.64585,0,0,0.0,0.0
slice_29_img_063.npy,invalid,29,LE07_147035_20050826,77.53506,35.66136,0,0,0.0,0.0
slice_29_img_065.npy,invalid,29,LE07_147035_20050826,77.86999,35.67055,0,0,0.0,0.0
slice_29_img_072.npy,invalid,29,LE07_147035_20050826,79.04328,35.69535,0,0,0.0,0.0
slice_29_img_075.npy,invalid,29,LE07_147035_20050826,77.02618,35.78241,0,0,0.0,0.0
slice_29_img_076.npy,invalid,29,LE07_147035_20050826,77.19379,35.78784,0,0,0.0,0.0
slice_29_img_077.npy,invalid,29,LE07_147035_20050826,77.36144,35.79303,0,0,0.0,0.0
slice_29_img_087.npy,invalid,29,LE07_147035_20050826,79.03993,35.83215,0,0,0.0,0.0
slice_29_img_097.npy,invalid,29,LE07_147035_20050826,78.19546,35.95224,0,0,0.0,0.0
slice_29_img_099.npy,invalid,29,LE07_147035_20050826,78.53181,35.95963,0,0,0.0,0.0
slice_29_img_102.npy,invalid,29,LE07_147035_20050826,79.03655,35.96896,0,0,0.0,0.0
slice_29_img_104.npy,invalid,29,LE07_147035_20050826,79.37316,35.97399,0,0,0.0,0.0
slice_29_img_105.npy,invalid,29,LE07_147035_20050826,77.01247,36.05551,0,0,0.0,0.0
slice_29_img_106.npy,invalid,29,LE07_147035_20050826,77.18065,36.06099,0,0,0.0,0.0
slice_29_img_109.npy,invalid,29,LE07_147035_20050826,77.68546,36.07604,0,0,0.0,0.0
slice_29_img_111.npy,invalid,29,LE07_147035_20050826,78.02219,36.08488,0,0,0.0,0.0
slice_29_img_113.npy,invalid,29,LE07_147035_20050826,78.35906,36.09279,0,0,0.0,0.0
slice_29_img_114.npy,invalid,29,LE07_147035_20050826,78.52754,36.09639,0,0,0.0,0.0
slice_29_img_117.npy,invalid,29,LE07_147035_20050826,79.03315,36.10576,0,0,0.0,0.0
slice_29_img_122.npy,invalid,29,LE07_147035_20050826,77.34254,36.20284,0,0,0.0,0.0
slice_29_img_124.npy,invalid,29,LE07_147035_20050826,77.6797,36.21268,0,0,0.0,0.0
slice_29_img_135.npy,invalid,29,LE07_147035_20050826,76.99858,36.3286,0,0,0.0,0.0
slice_29_img_136.npy,invalid,29,LE07_147035_20050826,77.16734,36.33414,0,0,0.0,0.0
slice_29_img_151.npy,invalid,29,LE07_147035_20050826,77.16062,36.4707,0,0,0.0,0.0
slice_29_img_153.npy,invalid,29,LE07_147035_20050826,77.49887,36.48112,0,0,0.0,0.0
slice_29_img_157.npy,invalid,29,LE07_147035_20050826,78.17585,36.49908,0,0,0.0,0.0
slice_29_img_158.npy,invalid,29,LE07_147035_20050826,78.34518,36.50297,0,0,0.0,0.0
slice_29_img_161.npy,invalid,29,LE07_147035_20050826,78.85336,36.5132,0,0,0.0,0.0
slice_29_img_162.npy,invalid,29,LE07_147035_20050826,79.02281,36.51613,0,0,0.0,0.0
slice_29_img_163.npy,invalid,29,LE07_147035_20050826,79.19228,36.51882,0,0,0.0,0.0
slice_29_img_168.npy,invalid,29,LE07_147035_20050826,77.4927,36.61773,7191,999,0.0636,0.0636
slice_29_img_169.npy,val,29,LE07_147035_20050826,77.66218,36.6226,6413,0,0.5541,0.5541
slice_29_img_170.npy,val,29,LE07_147035_20050826,77.8317,36.62724,161,0,0.5521,0.5521
slice_29_img_173.npy,invalid,29,LE07_147035_20050826,78.3405,36.63969,0,0,0.0,0.0
slice_29_img_174.npy,invalid,29,LE07_147035_20050826,78.51016,36.64336,0,0,0.0,0.0
slice_29_img_175.npy,invalid,29,LE07_147035_20050826,78.67985,36.64679,0,0,0.0,0.0
slice_29_img_182.npy,invalid,29,LE07_147035_20050826,77.31674,36.7492,449,0,0.0023,0.3996
slice_29_img_183.npy,val,29,LE07_147035_20050826,77.48648,36.75434,56666,13472,0.3852,0.9119
slice_29_img_184.npy,val,29,LE07_147035_20050826,77.65626,36.75923,694,71,0.678,1.0
slice_29_img_186.npy,invalid,29,LE07_147035_20050826,77.99595,36.7683,0,0,0.2498,0.2505
slice_29_img_192.npy,invalid,29,LE07_147035_20050826,79.0158,36.7897,0,0,0.0,0.0
slice_29_img_197.npy,invalid,29,LE07_147035_20050826,77.31018,36.88577,0,0,0.0,1.0
slice_29_img_198.npy,invalid,29,LE07_147035_20050826,77.48022,36.89094,0,0,0.0,1.0
slice_29_img_201.npy,invalid,29,LE07_147035_20050826,77.99059,36.90498,0,0,0.0058,0.4577
slice_2_img_000.npy,invalid,2,LE07_146038_20060923,77.50338,30.81971,0,0,0.0,1.0
slice_2_img_002.npy,invalid,2,LE07_146038_20060923,77.82032,30.82788,994,77,0.1346,1.0
slice_2_img_003.npy,val,2,LE07_146038_20060923,77.97883,30.83168,14806,0,0.8869,1.0
slice_2_img_004.npy,dropped_straddler,2,LE07_146038_20060923,78.13738,30.83528,9880,0,0.7014,1.0
slice_2_img_005.npy,buffer_removed,2,LE07_146038_20060923,78.29595,30.83869,2563,0,0.5144,1.0
slice_2_img_006.npy,train,2,LE07_146038_20060923,78.45455,30.84191,565,0,0.3287,1.0
slice_2_img_014.npy,invalid,2,LE07_146038_20060923,79.72409,30.86065,0,0,0.0,0.0
slice_2_img_015.npy,invalid,2,LE07_146038_20060923,77.49841,30.95644,0,0,0.0,1.0
slice_2_img_016.npy,invalid,2,LE07_146038_20060923,77.65708,30.96065,0,0,0.0,1.0
slice_2_img_017.npy,val,2,LE07_146038_20060923,77.81579,30.96466,7078,158,0.3792,1.0
slice_2_img_018.npy,val,2,LE07_146038_20060923,77.97453,30.96848,21692,0,1.0,1.0
slice_2_img_019.npy,dropped_straddler,2,LE07_146038_20060923,78.1333,30.9721,17686,0,1.0,1.0
slice_2_img_020.npy,buffer_removed,2,LE07_146038_20060923,78.2921,30.97553,31598,0,1.0,1.0
slice_2_img_021.npy,train,2,LE07_146038_20060923,78.45092,30.97877,10899,0,0.5158,0.5158
slice_2_img_022.npy,invalid,2,LE07_146038_20060923,78.60977,30.9818,0,0,0.0816,0.0816
slice_2_img_023.npy,train,2,LE07_146038_20060923,78.76864,30.98465,451,0,0.3377,0.3861
slice_2_img_024.npy,train,2,LE07_146038_20060923,78.92753,30.9873,3274,0,0.7531,1.0
slice_2_img_025.npy,train,2,LE07_146038_20060923,79.08645,30.98975,359,0,0.531,0.9669
slice_2_img_026.npy,invalid,2,LE07_146038_20060923,79.24538,30.99201,190,0,0.0629,0.6874
slice_2_img_029.npy,invalid,2,LE07_146038_20060923,79.72227,30.99761,0,0,0.0,0.0
slice_2_img_032.npy,val,2,LE07_146038_20060923,77.81123,31.10144,10919,1041,0.6284,1.0
slice_2_img_033.npy,val,2,LE07_146038_20060923,77.9702,31.10528,1120,0,1.0,1.0
slice_2_img_034.npy,dropped_straddler,2,LE07_146038_20060923,78.12919,31.10892,10625,0,1.0,1.0
slice_2_img_035.npy,buffer_removed,2,LE07_146038_20060923,78.28822,31.11237,21954,0,1.0,1.0
slice_2_img_036.npy,train,2,LE07_146038_20060923,78.44727,31.11562,6153,152,0.6925,0.6925
slice_2_img_038.npy,invalid,2,LE07_146038_20060923,78.76544,31.12153,477,0,0.0135,0.0135
slice_2_img_039.npy,train,2,LE07_146038_20060923,78.92456,31.1242,26294,0,0.5473,0.5473
slice_2_img_040.npy,train,2,LE07_146038_20060923,79.08371,31.12666,278,0,0.435,0.435
slice_2_img_041.npy,invalid,2,LE07_146038_20060923,79.24287,31.12893,0,0,0.0,0.0
slice_2_img_043.npy,invalid,2,LE07_146038_20060923,79.56124,31.13288,0,0,0.0,0.0
slice_2_img_045.npy,invalid,2,LE07_146038_20060923,77.48835,31.22991,0,0,0.0,1.0
slice_2_img_046.npy,invalid,2,LE07_146038_20060923,77.64748,31.23416,650,135,0.0049,1.0
slice_2_img_047.npy,val,2,LE07_146038_20060923,77.80664,31.23822,64501,5431,0.8756,1.0
slice_2_img_048.npy,val,2,LE07_146038_20060923,77.96584,31.24208,5505,224,1.0,1.0
slice_2_img_050.npy,buffer_removed,2,LE07_146038_20060923,78.28431,31.2492,5490,0,1.0,1.0
slice_2_img_051.npy,train,2,LE07_146038_20060923,78.44359,31.25247,15850,319,0.8559,0.8559
slice_2_img_058.npy,invalid,2,LE07_146038_20060923,79.55916,31.26983,0,0,0.0,0.0
slice_2_img_059.npy,invalid,2,LE07_146038_20060923,79.7186,31.27152,0,0,0.0,0.0
slice_2_img_061.npy,invalid,2,LE07_146038_20060923,77.64263,31.37091,12414,1579,0.1433,1.0
slice_2_img_062.npy,val,2,LE07_146038_20060923,77.80202,31.37499,91760,10747,0.9962,1.0
slice_2_img_063.npy,val,2,LE07_146038_20060923,77.96144,31.37887,8605,1172,1.0,1.0
slice_2_img_064.npy,dropped_straddler,2,LE07_146038_20060923,78.1209,31.38255,317,0,1.0,1.0
slice_2_img_065.npy,buffer_removed,2,LE07_146038_20060923,78.28038,31.38603,2238,0,1.0,1.0
slice_2_img_066.npy,train,2,LE07_146038_20060923,78.43989,31.38932,10705,0,1.0,1.0
slice_2_img_068.npy,invalid,2,LE07_146038_20060923,78.75898,31.3953,0,0,0.0,0.0
slice_2_img_069.npy,invalid,2,LE07_146038_20060923,78.91856,31.39799,0,0,0.0,0.0
slice_2_img_076.npy,val,2,LE07_146038_20060923,77.63774,31.50766,5752,642,0.3916,1.0
slice_2_img_077.npy,val,2,LE07_146038_20060923,77.79737,31.51176,68560,5945,1.0,1.0
slice_2_img_078.npy,val,2,LE07_146038_20060923,77.95702,31.51566,31779,2458,1.0,1.0
slice_2_img_079.npy,dropped_straddler,2,LE07_146038_20060923,78.11671,31.51936,1737,0,1.0,1.0
slice_2_img_080.npy,buffer_removed,2,LE07_146038_20060923,78.27642,31.52286,5100,0,1.0,1.0
slice_2_img_081.npy,train,2,LE07_146038_20060923,78.43616,31.52616,15545,911,1.0,1.0
slice_2_img_083.npy,train,2,LE07_146038_20060923,78.75572,31.53217,12816,3108,0.3329,0.3329
slice_2_img_087.npy,invalid,2,LE07_146038_20060923,79.39508,31.5418,0,0,0.0,0.0
slice_2_img_090.npy,invalid,2,LE07_146038_20060923,77.47301,31.64008,0,0,0.0,1.0
slice_2_img_091.npy,val,2,LE07_146038_20060923,77.63283,31.6444,34084,1695,0.6402,1.0
slice_2_img_092.npy,val,2,LE07_146038_20060923,77.79268,31.64852,88066,7393,1.0,1.0
slice_2_img_093.npy,val,2,LE07_146038_20060923,77.95257,31.65244,41624,401,1.0,1.0
slice_2_img_094.npy,dropped_straddler,2,LE07_146038_20060923,78.11249,31.65616,23605,0,1.0,1.0
slice_2_img_095.npy,buffer_removed,2,LE07_146038_20060923,78.27243,31.65968,7352,0,1.0,1.0
slice_2_img_096.npy,train,2,LE07_146038_20060923,78.43241,31.663,653,0,1.0,1.0
slice_2_img_098.npy,invalid,2,LE07_146038_20060923,78.75243,31.66905,981,832,0.1835,0.1835
slice_2_img_106.npy,val,2,LE07_146038_20060923,77.62788,31.78114,18562,0,0.8846,1.0
slice_2_img_107.npy,val,2,LE07_146038_20060923,77.78797,31.78528,27725,1258,1.0,1.0
slice_2_img_108.npy,val,2,LE07_146038_20060923,77.94809,31.78922,13787,495,1.0,1.0
slice_2_img_109.npy,dropped_straddler,2,LE07_146038_20060923,78.10824,31.79296,48913,5428,1.0,1.0
slice_2_img_110.npy,buffer_removed,2,LE07_146038_20060923,78.26842,31.7965,751,0,1.0,1.0
slice_2_img_111.npy,train,2,LE07_146038_20060923,78.42863,31.79984,0,0,1.0,1.0
slice_2_img_112.npy,train,2,LE07_146038_20060923,78.58886,31.80298,3999,215,1.0,1.0
slice_2_img_113.npy,train,2,LE07_146038_20060923,78.74912,31.80592,4622,503,0.3301,0.3301
slice_2_img_114.npy,invalid,2,LE07_146038_20060923,78.9094,31.80865,0,0,0.0,0.0
slice_2_img_118.npy,invalid,2,LE07_146038_20060923,79.55072,31.81757,0,0,0.0,0.0
slice_2_img_124.npy,dropped_straddler,2,LE07_146038_20060923,78.10396,31.92976,1367,0,1.0,1.0
slice_2_img_125.npy,buffer_removed,2,LE07_146038_20060923,78.26438,31.93332,1052,827,1.0,1.0
slice_2_img_126.npy,train,2,LE07_146038_20060923,78.42482,31.93668,11318,3475,1.0,1.0
slice_2_img_127.npy,train,2,LE07_146038_20060923,78.58529,31.93983,20989,3055,1.0,1.0
slice_2_img_128.npy,train,2,LE07_146038_20060923,78.74579,31.94278,1727,0,0.5418,0.5418
slice_2_img_132.npy,invalid,2,LE07_146038_20060923,79.38798,31.95256,0,0,0.0,0.0
slice_2_img_133.npy,invalid,2,LE07_146038_20060923,79.54857,31.9545,0,0,0.0,0.0
slice_2_img_138.npy,val,2,LE07_146038_20060923,77.93903,32.06277,2843,237,1.0,1.0
slice_2_img_139.npy,dropped_straddler,2,LE07_146038_20060923,78.09966,32.06656,2542,135,1.0,1.0
slice_2_img_140.npy,buffer_removed,2,LE07_146038_20060923,78.26031,32.07013,11431,1356,1.0,1.0
slice_2_img_141.npy,train,2,LE07_146038_20060923,78.42099,32.07351,38922,7852,1.0,1.0
slice_2_img_142.npy,train,2,LE07_146038_20060923,78.5817,32.07668,14128,5029,1.0,1.0
slice_2_img_143.npy,train,2,LE07_146038_20060923,78.74244,32.07965,612,153,0.4181,0.4181
slice_2_img_145.npy,train,2,LE07_146038_20060923,79.06397,32.08497,402,0,0.3805,0.3805
slice_2_img_154.npy,dropped_straddler,2,LE07_146038_20060923,78.09532,32.20335,242,7,1.0,1.0
slice_2_img_155.npy,buffer_removed,2,LE07_146038_20060923,78.25621,32.20694,20100,2718,1.0,1.0
slice_2_img_156.npy,train,2,LE07_146038_20060923,78.41714,32.21034,52324,7256,1.0,1.0
slice_2_img_157.npy,train,2,LE07_146038_20060923,78.57809,32.21352,57953,8132,1.0,1.0
slice_2_img_158.npy,train,2,LE07_146038_20060923,78.73906,32.21651,54410,1723,0.7238,0.7238
slice_2_img_159.npy,train,2,LE07_146038_20060923,78.90005,32.21928,10750,2608,0.7611,0.7611
slice_2_img_160.npy,train,2,LE07_146038_20060923,79.06107,32.22186,1337,65,0.9954,0.9954
slice_2_img_161.npy,invalid,2,LE07_146038_20060923,79.22211,32.22423,1038,97,0.2511,0.2511
slice_2_img_164.npy,invalid,2,LE07_146038_20060923,79.70532,32.2301,0,0,0.0,0.0
slice_2_img_167.npy,val,2,LE07_146038_20060923,77.76877,32.33229,0,0,1.0,1.0
slice_2_img_169.npy,dropped_straddler,2,LE07_146038_20060923,78.09096,32.34013,0,0,1.0,1.0
slice_2_img_170.npy,buffer_removed,2,LE07_146038_20060923,78.25209,32.34375,445,0,1.0,1.0
slice_2_img_171.npy,train,2,LE07_146038_20060923,78.41325,32.34716,29434,8331,1.0,1.0
slice_2_img_172.npy,train,2,LE07_146038_20060923,78.57444,32.35036,75633,9331,1.0,1.0
slice_2_img_173.npy,train,2,LE07_146038_20060923,78.73566,32.35336,50100,4523,1.0,1.0
slice_2_img_174.npy,train,2,LE07_146038_20060923,78.8969,32.35616,21722,3100,1.0,1.0
slice_2_img_175.npy,train,2,LE07_146038_20060923,79.05816,32.35874,1282,123,1.0,1.0
slice_2_img_176.npy,train,2,LE07_146038_20060923,79.21944,32.36112,2619,143,0.7604,0.7604
slice_2_img_180.npy,invalid,2,LE07_146038_20060923,77.44136,32.46032,0,0,0.0,1.0
slice_2_img_184.npy,dropped_straddler,2,LE07_146038_20060923,78.08656,32.47692,0,0,0.6344,1.0
slice_2_img_186.npy,train,2,LE07_146038_20060923,78.40934,32.48398,17343,2708,0.9819,1.0
slice_2_img_187.npy,train,2,LE07_146038_20060923,78.57078,32.4872,54443,2126,1.0,1.0
slice_2_img_188.npy,train,2,LE07_146038_20060923,78.73224,32.49022,8305,1991,1.0,1.0
slice_2_img_189.npy,train,2,LE07_146038_20060923,78.89372,32.49302,5370,184,1.0,1.0
slice_2_img_190.npy,train,2,LE07_146038_20060923,79.05522,32.49562,61595,7947,1.0,1.0
slice_2_img_191.npy,train,2,LE07_146038_20060923,79.21674,32.49802,97718,11576,1.0,1.0
slice_2_img_192.npy,train,2,LE07_146038_20060923,79.37828,32.5002,33512,674,0.5488,0.7037
slice_2_img_195.npy,invalid,2,LE07_146038_20060923,77.43596,32.59701,0,0,0.0,1.0
slice_2_img_197.npy,invalid,2,LE07_146038_20060923,77.75898,32.60577,0,0,0.0,1.0
slice_2_img_203.npy,train,2,LE07_146038_20060923,78.72879,32.62707,26014,4090,0.4022,1.0
slice_2_img_204.npy,train,2,LE07_146038_20060923,78.89052,32.62989,70682,12968,0.5904,1.0
slice_2_img_205.npy,train,2,LE07_146038_20060923,79.05226,32.6325,52230,27080,0.7778,1.0
slice_2_img_206.npy,train,2,LE07_146038_20060923,79.21403,32.63491,128068,16861,0.9559,1.0
slice_2_img_207.npy,train,2,LE07_146038_20060923,79.37582,32.63711,30642,2961,0.4931,1.0
slice_30_img_001.npy,invalid,30,LE07_134040_20070922,95.49485,27.95111,0,0,0.0,0.0
slice_30_img_002.npy,invalid,30,LE07_134040_20070922,95.64892,27.95495,0,0,0.0,0.0
slice_30_img_005.npy,invalid,30,LE07_134040_20070922,96.11128,27.96544,0,0,0.0,0.0
slice_30_img_010.npy,invalid,30,LE07_134040_20070922,96.88239,27.97948,0,0,0.0,0.0
slice_30_img_017.npy,invalid,30,LE07_134040_20070922,95.64467,28.09176,0,0,0.0,0.0
slice_30_img_018.npy,invalid,30,LE07_134040_20070922,95.79896,28.09546,0,0,0.0,0.0
slice_30_img_021.npy,invalid,30,LE07_134040_20070922,96.26199,28.10549,0,0,0.0,0.0
slice_30_img_033.npy,invalid,30,LE07_134040_20070922,95.79488,28.23229,0,0,0.0,0.0
slice_30_img_034.npy,invalid,30,LE07_134040_20070922,95.9494,28.23583,0,0,0.0,0.0
slice_30_img_048.npy,invalid,30,LE07_134040_20070922,95.79077,28.36912,2514,0,0.2716,0.2716
slice_30_img_049.npy,east,30,LE07_134040_20070922,95.94549,28.37268,737,0,0.4316,0.4316
slice_30_img_050.npy,east,30,LE07_134040_20070922,96.10022,28.37606,19408,0,0.5636,0.5636
slice_30_img_052.npy,invalid,30,LE07_134040_20070922,96.40978,28.3823,0,0,0.0,0.0
slice_30_img_054.npy,invalid,30,LE07_134040_20070922,96.71942,28.38784,0,0,0.0,0.0
slice_30_img_059.npy,invalid,30,LE07_134040_20070922,97.49387,28.3986,0,0,0.0,0.0
slice_30_img_062.npy,east,30,LE07_134040_20070922,95.63176,28.5022,0,0,0.6692,0.6692
slice_30_img_064.npy,east,30,LE07_134040_20070922,95.94155,28.50953,1671,0,1.0,1.0
slice_30_img_065.npy,east,30,LE07_134040_20070922,96.09648,28.51293,5337,0,1.0,1.0
slice_30_img_066.npy,east,30,LE07_134040_20070922,96.25145,28.51616,8310,0,0.7294,0.7294
slice_30_img_074.npy,invalid,30,LE07_134040_20070922,97.49193,28.5356,0,0,0.0,0.0
slice_30_img_076.npy,east,30,LE07_134040_20070922,95.47234,28.63505,0,0,0.3884,0.9766
slice_30_img_078.npy,east,30,LE07_134040_20070922,95.78247,28.64278,0,0,1.0,1.0
slice_30_img_080.npy,east,30,LE07_134040_20070922,96.09272,28.6498,325,0,1.0,1.0
slice_30_img_081.npy,east,30,LE07_134040_20070922,96.24788,28.65304,49,0,0.4379,0.4379
slice_30_img_082.npy,invalid,30,LE07_134040_20070922,96.40307,28.65611,10148,0,0.1634,0.1634
slice_30_img_083.npy,invalid,30,LE07_134040_20070922,96.55828,28.65899,0,0,0.0,0.0
slice_30_img_084.npy,invalid,30,LE07_134040_20070922,96.71352,28.66171,0,0,0.0,0.0
slice_30_img_087.npy,invalid,30,LE07_134040_20070922,97.17934,28.66877,0,0,0.0,0.0
slice_30_img_088.npy,invalid,30,LE07_134040_20070922,97.33465,28.67077,0,0,0.0,0.0
slice_30_img_093.npy,east,30,LE07_134040_20070922,95.77828,28.7796,0,0,1.0,1.0
slice_30_img_095.npy,east,30,LE07_134040_20070922,96.08893,28.78666,0,0,1.0,1.0
slice_30_img_097.npy,east,30,LE07_134040_20070922,96.39968,28.793,4724,0,0.9054,0.9054
slice_30_img_098.npy,invalid,30,LE07_134040_20070922,96.5551,28.79591,261,0,0.0868,0.0868
slice_30_img_105.npy,invalid,30,LE07_134040_20070922,95.3077,28.90443,0,0,0.0047,1.0
slice_30_img_109.npy,east,30,LE07_134040_20070922,95.92957,28.92006,0,0,1.0,1.0
slice_30_img_111.npy,east,30,LE07_134040_20070922,96.24068,28.9268,294,0,1.0,1.0
slice_30_img_112.npy,east,30,LE07_134040_20070922,96.39627,28.9299,0,0,1.0,1.0
slice_30_img_118.npy,invalid,30,LE07_134040_20070922,97.33028,28.94473,0,0,0.0,0.0
slice_30_img_119.npy,invalid,30,LE07_134040_20070922,97.48601,28.94657,0,0,0.0,0.0
slice_30_img_121.npy,east,30,LE07_134040_20070922,95.45846,29.04537,0,0,0.9978,1.0
slice_30_img_122.npy,east,30,LE07_134040_20070922,95.61412,29.04939,0,0,1.0,1.0
slice_30_img_131.npy,invalid,30,LE07_134040_20070922,97.01625,29.07746,0,0,0.0,0.0
slice_30_img_135.npy,east,30,LE07_134040_20070922,95.29794,29.17792,0,0,0.3935,1.0
slice_30_img_143.npy,east,30,LE07_134040_20070922,96.54541,29.20663,0,0,0.5952,0.5952
slice_30_img_149.npy,invalid,30,LE07_134040_20070922,97.482,29.22054,0,0,0.0,0.0964
slice_30_img_151.npy,east,30,LE07_134040_20070922,95.44904,29.31891,0,0,1.0,1.0
slice_30_img_152.npy,east,30,LE07_134040_20070922,95.60511,29.32297,0,0,1.0,1.0
slice_30_img_163.npy,invalid,30,LE07_134040_20070922,97.32362,29.35565,0,0,0.0,0.0
slice_30_img_173.npy,east,30,LE07_134040_20070922,96.53883,29.48043,0,0,1.0,1.0
slice_30_img_174.npy,east,30,LE07_134040_20070922,96.6953,29.48323,240,0,1.0,1.0
slice_30_img_175.npy,east,30,LE07_134040_20070922,96.85179,29.48585,5094,0,0.9823,0.9823
slice_30_img_177.npy,east,30,LE07_134040_20070922,97.16483,29.49054,0,0,0.6877,0.7102
slice_30_img_180.npy,invalid,30,LE07_134040_20070922,95.28304,29.58813,0,0,0.0,1.0
slice_30_img_181.npy,invalid,30,LE07_134040_20070922,95.43949,29.59242,0,0,0.0825,1.0
slice_30_img_185.npy,east,30,LE07_134040_20070922,96.06562,29.60776,0,0,0.8215,1.0
slice_30_img_187.npy,east,30,LE07_134040_20070922,96.37886,29.61432,0,0,1.0,1.0
slice_30_img_191.npy,east,30,LE07_134040_20070922,97.00561,29.62523,0,0,1.0,1.0
slice_30_img_192.npy,east,30,LE07_134040_20070922,97.16235,29.62749,0,0,0.7623,1.0
slice_30_img_197.npy,invalid,30,LE07_134040_20070922,95.59136,29.73331,0,0,0.0,1.0
slice_30_img_200.npy,invalid,30,LE07_134040_20070922,96.06164,29.7446,0,0,0.0,1.0
slice_31_img_000.npy,invalid,31,LE07_153036_20060924,67.39973,33.70724,0,0,0.0,1.0
slice_31_img_001.npy,invalid,31,LE07_153036_20060924,67.56351,33.70925,0,0,0.0,1.0
slice_31_img_004.npy,train,31,LE07_153036_20060924,68.05495,33.71399,0,0,0.6937,1.0
slice_31_img_006.npy,train,31,LE07_153036_20060924,68.38263,33.71606,0,0,0.3433,1.0
slice_31_img_009.npy,invalid,31,LE07_153036_20060924,68.87419,33.71754,0,0,0.0,1.0
slice_31_img_011.npy,invalid,31,LE07_153036_20060924,69.20191,33.71744,0,0,0.0,1.0
slice_31_img_020.npy,train,31,LE07_153036_20060924,68.21754,33.85205,0,0,1.0,1.0
slice_31_img_024.npy,train,31,LE07_153036_20060924,68.87399,33.85447,261,0,0.8057,1.0
slice_31_img_026.npy,train,31,LE07_153036_20060924,69.20223,33.85437,0,0,0.4523,1.0
slice_31_img_029.npy,invalid,31,LE07_153036_20060924,69.69457,33.85258,0,0,0.0004,1.0
slice_31_img_031.npy,invalid,31,LE07_153036_20060924,67.55892,33.98302,0,0,0.0,1.0
slice_31_img_033.npy,train,31,LE07_153036_20060924,67.88758,33.98643,0,0,1.0,1.0
slice_31_img_034.npy,train,31,LE07_153036_20060924,68.05193,33.98781,0,0,1.0,1.0
slice_31_img_038.npy,train,31,LE07_153036_20060924,68.70941,33.99112,74,0,1.0,1.0
slice_31_img_039.npy,train,31,LE07_153036_20060924,68.87379,33.9914,537,0,1.0,1.0
slice_31_img_044.npy,train,31,LE07_153036_20060924,69.69568,33.98949,285,164,0.9046,1.0
slice_31_img_045.npy,invalid,31,LE07_153036_20060924,67.39203,34.11786,0,0,0.0,1.0
slice_31_img_050.npy,train,31,LE07_153036_20060924,68.21503,34.12588,0,0,1.0,1.0
slice_31_img_052.npy,train,31,LE07_153036_20060924,68.5443,34.12754,0,0,1.0,1.0
slice_31_img_055.npy,train,31,LE07_153036_20060924,69.03823,34.12838,0,0,1.0,1.0
slice_31_img_056.npy,train,31,LE07_153036_20060924,69.20288,34.12822,0,0,1.0,1.0
slice_31_img_066.npy,train,31,LE07_153036_20060924,68.37865,34.26373,0,0,1.0,1.0
slice_31_img_070.npy,train,31,LE07_153036_20060924,69.03829,34.2653,0,0,1.0,1.0
slice_31_img_073.npy,train,31,LE07_153036_20060924,69.53303,34.26415,0,0,1.0,1.0
slice_31_img_078.npy,train,31,LE07_153036_20060924,67.88218,34.39712,0,0,1.0,1.0
slice_31_img_082.npy,train,31,LE07_153036_20060924,68.54282,34.40137,0,0,1.0,1.0
slice_31_img_089.npy,train,31,LE07_153036_20060924,69.69906,34.40023,0,0,0.3894,1.0
slice_31_img_091.npy,train,31,LE07_153036_20060924,67.54956,34.53053,433,191,0.6904,1.0
slice_31_img_092.npy,train,31,LE07_153036_20060924,67.71494,34.53238,1287,189,1.0,1.0
slice_31_img_093.npy,train,31,LE07_153036_20060924,67.88035,34.53401,931,375,1.0,1.0
slice_31_img_095.npy,train,31,LE07_153036_20060924,68.21119,34.5366,0,0,1.0,1.0
slice_31_img_099.npy,train,31,LE07_153036_20060924,68.87297,34.53908,0,0,1.0,1.0
slice_31_img_104.npy,invalid,31,LE07_153036_20060924,69.7002,34.53714,0,0,0.1564,1.0
slice_31_img_105.npy,invalid,31,LE07_153036_20060924,67.38153,34.66531,0,0,0.0077,1.0
slice_31_img_108.npy,train,31,LE07_153036_20060924,67.87851,34.6709,625,33,1.0,1.0
slice_31_img_109.npy,train,31,LE07_153036_20060924,68.0442,34.67231,208,110,1.0,1.0
slice_31_img_117.npy,train,31,LE07_153036_20060924,69.36993,34.67549,0,0,1.0,1.0
slice_31_img_121.npy,train,31,LE07_153036_20060924,67.54478,34.80426,0,0,1.0,1.0
slice_31_img_122.npy,train,31,LE07_153036_20060924,67.71071,34.80614,0,0,1.0,1.0
slice_31_img_126.npy,train,31,LE07_153036_20060924,68.37457,34.81136,0,0,1.0,1.0
slice_31_img_130.npy,train,31,LE07_153036_20060924,69.03855,34.81296,0,0,1.0,1.0
slice_31_img_135.npy,train,31,LE07_153036_20060924,67.37617,34.93902,0,0,0.4129,1.0
slice_31_img_136.npy,train,31,LE07_153036_20060924,67.54236,34.94113,0,0,1.0,1.0
slice_31_img_146.npy,train,31,LE07_153036_20060924,69.20488,34.9497,0,0,1.0,1.0
slice_31_img_154.npy,train,31,LE07_153036_20060924,68.03943,35.08297,0,0,1.0,1.0
slice_31_img_156.npy,train,31,LE07_153036_20060924,68.37249,35.08515,0,0,1.0,1.0
slice_31_img_157.npy,train,31,LE07_153036_20060924,68.53903,35.0859,0,0,1.0,1.0
slice_31_img_170.npy,train,31,LE07_153036_20060924,68.20462,35.22106,0,0,1.0,1.0
slice_31_img_173.npy,train,31,LE07_153036_20060924,68.70508,35.22332,0,0,1.0,1.0
slice_31_img_174.npy,train,31,LE07_153036_20060924,68.87191,35.22361,0,0,1.0,1.0
slice_31_img_177.npy,train,31,LE07_153036_20060924,69.37239,35.2231,0,0,0.9367,1.0
slice_31_img_181.npy,invalid,31,LE07_153036_20060924,67.53502,35.35169,0,0,0.0793,1.0
slice_31_img_183.npy,train,31,LE07_153036_20060924,67.86913,35.35528,0,0,0.4346,1.0
slice_31_img_186.npy,train,31,LE07_153036_20060924,68.37038,35.35893,0,0,0.9586,1.0
slice_31_img_187.npy,train,31,LE07_153036_20060924,68.53748,35.35969,0,0,1.0,1.0
slice_31_img_194.npy,invalid,31,LE07_153036_20060924,69.70722,35.3585,0,0,0.0,1.0
slice_32_img_005.npy,invalid,32,LE07_144039_20011013,80.99851,29.42664,0,0,0.0,0.0
slice_32_img_016.npy,invalid,32,LE07_144039_20011013,80.37161,29.56218,0,0,0.0,0.0
slice_32_img_023.npy,invalid,32,LE07_144039_20011013,81.46869,29.56284,0,0,0.0,0.0
slice_32_img_028.npy,invalid,32,LE07_144039_20011013,82.25223,29.55776,0,0,0.0,0.0
slice_32_img_036.npy,invalid,32,LE07_144039_20011013,81.15545,29.70059,0,0,0.0,0.0
slice_32_img_040.npy,invalid,32,LE07_144039_20011013,81.78319,29.69837,0,0,0.0,0.0
slice_32_img_041.npy,invalid,32,LE07_144039_20011013,81.94011,29.69735,0,0,0.0,0.0
slice_32_img_046.npy,invalid,32,LE07_144039_20011013,80.3699,29.8362,0,0,0.0,0.0
slice_32_img_047.npy,invalid,32,LE07_144039_20011013,80.52704,29.83686,0,0,0.0,0.0
slice_32_img_048.npy,invalid,32,LE07_144039_20011013,80.6842,29.83732,0,0,0.0,0.0
slice_32_img_049.npy,invalid,32,LE07_144039_20011013,80.84135,29.83761,0,0,0.0,0.0
slice_32_img_064.npy,invalid,32,LE07_144039_20011013,80.84113,29.97462,0,0,0.0,0.0
slice_32_img_065.npy,invalid,32,LE07_144039_20011013,80.9985,29.97472,0,0,0.0,0.0
slice_32_img_066.npy,invalid,32,LE07_144039_20011013,81.15588,29.97462,0,0,0.0,0.0
slice_32_img_067.npy,invalid,32,LE07_144039_20011013,81.31325,29.97434,0,0,0.0,0.0
slice_32_img_071.npy,invalid,32,LE07_144039_20011013,81.94268,29.97134,0,0,0.0,0.0
slice_32_img_074.npy,invalid,32,LE07_144039_20011013,82.41467,29.96712,0,0,0.0,0.0
slice_32_img_076.npy,invalid,32,LE07_144039_20011013,80.36817,30.11021,3514,1275,0.2422,0.5997
slice_32_img_077.npy,invalid,32,LE07_144039_20011013,80.52575,30.11087,595,0,0.1817,0.1817
slice_32_img_082.npy,invalid,32,LE07_144039_20011013,81.31368,30.11135,0,0,0.0,0.0
slice_32_img_090.npy,invalid,32,LE07_144039_20011013,80.2095,30.24635,0,0,0.0,1.0
slice_32_img_091.npy,train,32,LE07_144039_20011013,80.36729,30.24721,26778,12454,0.6953,1.0
slice_32_img_092.npy,train,32,LE07_144039_20011013,80.52509,30.24788,21440,1805,1.0,1.0
slice_32_img_093.npy,train,32,LE07_144039_20011013,80.68289,30.24835,9608,581,0.7463,0.7463
slice_32_img_094.npy,invalid,32,LE07_144039_20011013,80.84069,30.24864,125,0,0.0315,0.0315
slice_32_img_098.npy,train,32,LE07_144039_20011013,81.47191,30.24789,7772,0,0.3502,0.3502
slice_32_img_100.npy,train,32,LE07_144039_20011013,81.7875,30.24637,4447,0,0.4472,0.4472
slice_32_img_101.npy,train,32,LE07_144039_20011013,81.94528,30.24533,10571,0,0.3021,0.3021
slice_32_img_102.npy,invalid,32,LE07_144039_20011013,82.10306,30.24409,6039,1037,0.1029,0.1029
slice_32_img_105.npy,invalid,32,LE07_144039_20011013,80.2084,30.38335,0,0,0.0076,1.0
slice_32_img_106.npy,train,32,LE07_144039_20011013,80.36641,30.38421,65881,8050,0.9199,1.0
slice_32_img_107.npy,train,32,LE07_144039_20011013,80.52443,30.38488,25998,5138,1.0,1.0
slice_32_img_108.npy,train,32,LE07_144039_20011013,80.68245,30.38536,43694,6727,1.0,1.0
slice_32_img_109.npy,train,32,LE07_144039_20011013,80.84047,30.38565,4174,0,0.9105,0.9105
slice_32_img_110.npy,train,32,LE07_144039_20011013,80.9985,30.38574,4858,879,0.3341,0.3341
slice_32_img_112.npy,invalid,32,LE07_144039_20011013,81.31455,30.38537,251,0,0.1679,0.1679
slice_32_img_113.npy,train,32,LE07_144039_20011013,81.47257,30.38489,20534,0,1.0,1.0
slice_32_img_114.npy,train,32,LE07_144039_20011013,81.63059,30.38422,13609,840,1.0,1.0
slice_32_img_115.npy,train,32,LE07_144039_20011013,81.7886,30.38336,30201,98,1.0,1.0
slice_32_img_116.npy,train,32,LE07_144039_20011013,81.9466,30.38232,16338,4024,1.0,1.0
slice_32_img_117.npy,train,32,LE07_144039_20011013,82.10459,30.38108,3594,3200,0.501,0.501
slice_32_img_121.npy,train,32,LE07_144039_20011013,80.36552,30.5212,2860,98,1.0,1.0
slice_32_img_122.npy,train,32,LE07_144039_20011013,80.52376,30.52188,27559,202,1.0,1.0
slice_32_img_123.npy,train,32,LE07_144039_20011013,80.682,30.52236,17885,0,1.0,1.0
slice_32_img_124.npy,train,32,LE07_144039_20011013,80.84025,30.52265,10619,2926,1.0,1.0
slice_32_img_125.npy,train,32,LE07_144039_20011013,80.9985,30.52275,18896,9628,0.8484,0.8484
slice_32_img_126.npy,invalid,32,LE07_144039_20011013,81.15674,30.52265,226,0,0.0134,0.0134
slice_32_img_127.npy,train,32,LE07_144039_20011013,81.31499,30.52237,1001,0,0.694,0.694
slice_32_img_129.npy,train,32,LE07_144039_20011013,81.63147,30.52122,2001,0,1.0,1.0
slice_32_img_130.npy,train,32,LE07_144039_20011013,81.7897,30.52036,38683,196,1.0,1.0
slice_32_img_131.npy,train,32,LE07_144039_20011013,81.94792,30.5193,43297,5768,1.0,1.0
slice_32_img_132.npy,train,32,LE07_144039_20011013,82.10614,30.51805,14375,4200,0.783,0.783
slice_32_img_133.npy,invalid,32,LE07_144039_20011013,82.26434,30.51661,7710,2520,0.1036,0.1268
slice_32_img_134.npy,invalid,32,LE07_144039_20011013,82.42254,30.51498,0,0,0.0,0.0
slice_32_img_138.npy,train,32,LE07_144039_20011013,80.68156,30.65936,0,0,1.0,1.0
slice_32_img_139.npy,train,32,LE07_144039_20011013,80.84002,30.65965,29277,3375,1.0,1.0
slice_32_img_140.npy,train,32,LE07_144039_20011013,80.99849,30.65975,65482,19077,1.0,1.0
slice_32_img_141.npy,train,32,LE07_144039_20011013,81.15696,30.65965,25152,4466,0.8803,0.8803
slice_32_img_142.npy,train,32,LE07_144039_20011013,81.31543,30.65937,6808,915,1.0,1.0
slice_32_img_143.npy,train,32,LE07_144039_20011013,81.4739,30.65888,38043,7994,1.0,1.0
slice_32_img_144.npy,train,32,LE07_144039_20011013,81.63236,30.65821,5701,3209,1.0,1.0
slice_32_img_145.npy,train,32,LE07_144039_20011013,81.79081,30.65734,823,0,1.0,1.0
slice_32_img_146.npy,train,32,LE07_144039_20011013,81.94926,30.65628,519,0,1.0,1.0
slice_32_img_147.npy,train,32,LE07_144039_20011013,82.1077,30.65503,34893,1746,1.0,1.0
slice_32_img_148.npy,train,32,LE07_144039_20011013,82.26612,30.65358,16537,1368,0.4227,0.9948
slice_32_img_150.npy,train,32,LE07_144039_20011013,80.20505,30.79431,0,0,0.6279,1.0
slice_32_img_152.npy,train,32,LE07_144039_20011013,80.52242,30.79587,0,0,1.0,1.0
slice_32_img_153.npy,train,32,LE07_144039_20011013,80.68111,30.79635,0,0,1.0,1.0
slice_32_img_155.npy,train,32,LE07_144039_20011013,80.99849,30.79675,27425,4163,1.0,1.0
slice_32_img_156.npy,train,32,LE07_144039_20011013,81.15719,30.79665,20271,167,1.0,1.0
slice_32_img_157.npy,train,32,LE07_144039_20011013,81.31588,30.79636,16346,0,1.0,1.0
slice_32_img_158.npy,train,32,LE07_144039_20011013,81.47457,30.79588,40587,2243,1.0,1.0
slice_32_img_159.npy,train,32,LE07_144039_20011013,81.63325,30.7952,17263,430,1.0,1.0
slice_32_img_162.npy,train,32,LE07_144039_20011013,82.10926,30.792,581,0,1.0,1.0
slice_32_img_163.npy,invalid,32,LE07_144039_20011013,82.26791,30.79055,0,0,0.2099,1.0
slice_32_img_171.npy,train,32,LE07_144039_20011013,81.15741,30.93365,0,0,1.0,1.0
slice_32_img_173.npy,train,32,LE07_144039_20011013,81.47524,30.93287,22729,0,1.0,1.0
slice_32_img_174.npy,train,32,LE07_144039_20011013,81.63415,30.93219,2972,0,1.0,1.0
slice_32_img_176.npy,train,32,LE07_144039_20011013,81.95195,30.93024,0,0,1.0,1.0
slice_32_img_178.npy,invalid,32,LE07_144039_20011013,82.26972,30.92751,0,0,0.0225,1.0
slice_32_img_186.npy,train,32,LE07_144039_20011013,81.15763,31.07064,0,0,0.9032,1.0
slice_32_img_187.npy,train,32,LE07_144039_20011013,81.31678,31.07034,0,0,0.9992,1.0
slice_32_img_188.npy,train,32,LE07_144039_20011013,81.47592,31.06985,0,0,1.0,1.0
slice_32_img_189.npy,train,32,LE07_144039_20011013,81.63506,31.06917,0,0,1.0,1.0
slice_32_img_193.npy,invalid,32,LE07_144039_20011013,82.27153,31.06446,0,0,0.0,1.0
slice_33_img_003.npy,invalid,33,LE07_152033_20060731,70.6615,38.03954,0,0,0.0,0.0
slice_33_img_005.npy,invalid,33,LE07_152033_20060731,71.00734,38.03414,0,0,0.0,0.0
slice_33_img_007.npy,invalid,33,LE07_152033_20060731,71.35307,38.02773,0,0,0.0,0.0
slice_33_img_008.npy,invalid,33,LE07_152033_20060731,71.5259,38.02414,0,0,0.0,0.0
slice_33_img_011.npy,invalid,33,LE07_152033_20060731,72.04417,38.01185,0,0,0.0,0.0
slice_33_img_016.npy,invalid,33,LE07_152033_20060731,70.31804,38.18072,0,0,0.0,0.0
slice_33_img_018.npy,invalid,33,LE07_152033_20060731,70.6646,38.17631,0,0,0.0,0.0
slice_33_img_019.npy,invalid,33,LE07_152033_20060731,70.83785,38.17373,0,0,0.0,0.0
slice_33_img_021.npy,invalid,33,LE07_152033_20060731,71.18429,38.16779,0,0,0.0,0.0
slice_33_img_032.npy,invalid,33,LE07_152033_20060731,70.49413,38.31543,0,0,0.0,0.0
slice_33_img_038.npy,invalid,33,LE07_152033_20060731,71.53535,38.29753,0,0,0.0,0.0
slice_33_img_039.npy,invalid,33,LE07_152033_20060731,71.70879,38.29366,0,0,0.0,0.0
slice_33_img_042.npy,invalid,33,LE07_152033_20060731,72.22889,38.28048,0,0,0.0,0.0
slice_33_img_056.npy,invalid,33,LE07_152033_20060731,72.06131,38.42176,0,0,0.0,0.0
slice_33_img_057.npy,invalid,33,LE07_152033_20060731,72.23496,38.41709,0,0,0.0,0.0
slice_33_img_060.npy,invalid,33,LE07_152033_20060731,70.15122,38.59293,0,0,0.0,0.0
slice_33_img_062.npy,invalid,33,LE07_152033_20060731,70.49978,38.58898,0,0,0.0,0.0
slice_33_img_064.npy,invalid,33,LE07_152033_20060731,70.84827,38.584,0,0,0.0,0.0
slice_33_img_067.npy,invalid,33,LE07_152033_20060731,71.37081,38.57457,0,0,0.0,0.0
slice_33_img_069.npy,invalid,33,LE07_152033_20060731,71.71903,38.567,0,0,0.0,0.0
slice_33_img_070.npy,invalid,33,LE07_152033_20060731,71.89308,38.56282,0,0,0.0,0.0
slice_33_img_071.npy,invalid,33,LE07_152033_20060731,72.0671,38.55839,0,0,0.0,0.0
slice_33_img_072.npy,invalid,33,LE07_152033_20060731,72.24108,38.5537,0,0,0.0,0.0
slice_33_img_081.npy,invalid,33,LE07_152033_20060731,71.20084,38.71469,0,0,0.0,0.0
slice_33_img_103.npy,invalid,33,LE07_152033_20060731,72.42804,38.8219,0,0,0.0,0.0
slice_33_img_105.npy,invalid,33,LE07_152033_20060731,70.15784,39.0033,0,0,0.0,0.0
slice_33_img_110.npy,invalid,33,LE07_152033_20060731,71.0341,38.99131,0,0,0.0,0.0
slice_33_img_114.npy,invalid,33,LE07_152033_20060731,71.73465,38.97698,0,0,0.0,0.0
slice_33_img_117.npy,invalid,33,LE07_152033_20060731,72.25969,38.96349,0,0,0.0,0.0
slice_33_img_120.npy,invalid,33,LE07_152033_20060731,70.16008,39.14008,0,0,0.0,0.0
slice_33_img_123.npy,invalid,33,LE07_152033_20060731,70.68691,39.13364,0,0,0.0,0.0
slice_33_img_130.npy,invalid,33,LE07_152033_20060731,71.91532,39.10938,0,0,0.0,0.0
slice_33_img_139.npy,invalid,33,LE07_152033_20060731,70.8661,39.2677,0,0,0.0,0.0
slice_33_img_149.npy,invalid,33,LE07_152033_20060731,72.62347,39.22625,0,0,0.0,0.0
slice_33_img_160.npy,invalid,33,LE07_152033_20060731,71.92666,39.38264,0,0,0.0,0.0
slice_33_img_164.npy,invalid,33,LE07_152033_20060731,72.63053,39.36278,0,0,0.0,0.0
slice_33_img_165.npy,invalid,33,LE07_152033_20060731,70.16688,39.5504,0,0,0.0,0.0
slice_33_img_167.npy,invalid,33,LE07_152033_20060731,70.52018,39.54632,0,0,0.0616,0.0616
slice_33_img_168.npy,train,33,LE07_152033_20060731,70.6968,39.54387,2490,0,0.909,0.909
slice_33_img_169.npy,train,33,LE07_152033_20060731,70.8734,39.54116,117,0,1.0,1.0
slice_33_img_170.npy,train,33,LE07_152033_20060731,71.04998,39.53818,19339,0,1.0,1.0
slice_33_img_171.npy,train,33,LE07_152033_20060731,71.22652,39.53493,8662,0,0.867,0.867
slice_33_img_173.npy,invalid,33,LE07_152033_20060731,71.57953,39.52763,0,0,0.0,0.0
slice_33_img_176.npy,invalid,33,LE07_152033_20060731,72.10876,39.51467,0,0,0.0,0.0
slice_33_img_178.npy,invalid,33,LE07_152033_20060731,72.46139,39.5047,0,0,0.0,0.0
slice_33_img_183.npy,train,33,LE07_152033_20060731,70.70015,39.68061,3468,0,0.4249,1.0
slice_33_img_184.npy,train,33,LE07_152033_20060731,70.87709,39.67789,3427,0,0.5824,1.0
slice_33_img_185.npy,train,33,LE07_152033_20060731,71.05401,39.67489,10328,0,0.7398,1.0
slice_33_img_186.npy,train,33,LE07_152033_20060731,71.23091,39.67163,29497,0,0.8973,1.0
slice_33_img_187.npy,train,33,LE07_152033_20060731,71.40777,39.66809,177,0,0.4248,0.4268
slice_33_img_191.npy,invalid,33,LE07_152033_20060731,72.11488,39.65127,0,0,0.0,0.0
slice_33_img_193.npy,invalid,33,LE07_152033_20060731,72.46819,39.64124,0,0,0.0,0.0
slice_33_img_194.npy,invalid,33,LE07_152033_20060731,72.64478,39.63583,0,0,0.0,0.0
slice_34_img_000.npy,invalid,34,LE07_138041_20071223,88.7459,26.57939,0,0,0.0,0.0
slice_34_img_001.npy,invalid,34,LE07_138041_20071223,88.89828,26.57744,0,0,0.0,0.0
slice_34_img_007.npy,invalid,34,LE07_138041_20071223,89.81217,26.56232,1182,0,0.2143,0.3606
slice_34_img_012.npy,invalid,34,LE07_138041_20071223,90.57309,26.54525,0,0,0.0,0.0486
slice_34_img_020.npy,invalid,34,LE07_138041_20071223,89.51061,26.70496,10599,2181,0.161,0.161
slice_34_img_021.npy,east,34,LE07_138041_20071223,89.66308,26.70218,15250,1150,0.5391,0.5391
slice_34_img_022.npy,east,34,LE07_138041_20071223,89.81552,26.69923,72929,2356,0.998,0.998
slice_34_img_023.npy,east,34,LE07_138041_20071223,89.96794,26.69613,68979,15033,1.0,1.0
slice_34_img_024.npy,east,34,LE07_138041_20071223,90.12034,26.69285,69598,19228,0.9917,1.0
slice_34_img_025.npy,east,34,LE07_138041_20071223,90.2727,26.68942,31472,6621,0.8852,1.0
slice_34_img_027.npy,invalid,34,LE07_138041_20071223,90.57735,26.68207,1508,0,0.0399,0.0982
slice_34_img_028.npy,invalid,34,LE07_138041_20071223,90.72963,26.67814,139,0,0.001,0.001
slice_34_img_034.npy,invalid,34,LE07_138041_20071223,89.36096,26.84453,580,0,0.139,0.139
slice_34_img_035.npy,east,34,LE07_138041_20071223,89.51363,26.8419,14980,2291,0.9112,0.9112
slice_34_img_036.npy,east,34,LE07_138041_20071223,89.66628,26.83911,4,0,1.0,1.0
slice_34_img_037.npy,east,34,LE07_138041_20071223,89.8189,26.83614,37635,1687,1.0,1.0
slice_34_img_038.npy,east,34,LE07_138041_20071223,89.97151,26.83302,11721,4158,1.0,1.0
slice_34_img_039.npy,east,34,LE07_138041_20071223,90.12408,26.82973,12865,3592,1.0,1.0
slice_34_img_040.npy,east,34,LE07_138041_20071223,90.27663,26.82628,75145,3917,1.0,1.0
slice_34_img_041.npy,east,34,LE07_138041_20071223,90.42915,26.82266,82475,23913,0.9782,0.9782
slice_34_img_042.npy,east,34,LE07_138041_20071223,90.58164,26.81888,23934,1233,0.9695,0.9695
slice_34_img_043.npy,east,34,LE07_138041_20071223,90.73411,26.81493,41782,4329,0.8634,0.8634
slice_34_img_044.npy,east,34,LE07_138041_20071223,90.88654,26.81082,3421,1098,0.4746,0.5987
slice_34_img_048.npy,invalid,34,LE07_138041_20071223,89.21094,26.98397,2619,58,0.0176,0.0176
slice_34_img_049.npy,east,34,LE07_138041_20071223,89.36381,26.98149,16821,2562,0.683,0.683
slice_34_img_050.npy,east,34,LE07_138041_20071223,89.51667,26.97884,229,0,1.0,1.0
slice_34_img_052.npy,east,34,LE07_138041_20071223,89.82231,26.97305,1636,0,1.0,1.0
slice_34_img_053.npy,east,34,LE07_138041_20071223,89.97509,26.96991,2574,0,1.0,1.0
slice_34_img_054.npy,east,34,LE07_138041_20071223,90.12785,26.9666,8167,1030,1.0,1.0
slice_34_img_055.npy,east,34,LE07_138041_20071223,90.28059,26.96313,34433,1604,1.0,1.0
slice_34_img_056.npy,east,34,LE07_138041_20071223,90.43329,26.95949,5780,171,1.0,1.0
slice_34_img_057.npy,east,34,LE07_138041_20071223,90.58597,26.95568,3611,0,1.0,1.0
slice_34_img_058.npy,east,34,LE07_138041_20071223,90.73861,26.95171,7590,0,1.0,1.0
slice_34_img_059.npy,east,34,LE07_138041_20071223,90.89122,26.94758,192,0,0.5354,1.0
slice_34_img_062.npy,invalid,34,LE07_138041_20071223,89.06055,27.12328,0,0,0.0,0.0
slice_34_img_063.npy,east,34,LE07_138041_20071223,89.21362,27.12095,17086,907,0.5968,0.5968
slice_34_img_064.npy,east,34,LE07_138041_20071223,89.36668,27.11845,8405,3523,1.0,1.0
slice_34_img_065.npy,east,34,LE07_138041_20071223,89.51972,27.11578,3349,0,1.0,1.0
slice_34_img_072.npy,east,34,LE07_138041_20071223,90.59032,27.09249,260,0,1.0,1.0
slice_34_img_073.npy,east,34,LE07_138041_20071223,90.74315,27.08849,0,0,1.0,1.0
slice_34_img_075.npy,invalid,34,LE07_138041_20071223,88.75648,27.26444,0,0,0.0,0.6678
slice_34_img_079.npy,east,34,LE07_138041_20071223,89.36958,27.2554,3341,0,1.0,1.0
slice_34_img_080.npy,east,34,LE07_138041_20071223,89.5228,27.25272,439,0,1.0,1.0
slice_34_img_082.npy,east,34,LE07_138041_20071223,89.82919,27.24686,0,0,1.0,1.0
slice_34_img_084.npy,east,34,LE07_138041_20071223,90.13548,27.24033,0,0,1.0,1.0
slice_34_img_087.npy,east,34,LE07_138041_20071223,90.5947,27.22929,0,0,1.0,1.0
slice_34_img_089.npy,invalid,34,LE07_138041_20071223,90.9007,27.22109,0,0,0.1507,1.0
slice_34_img_092.npy,east,34,LE07_138041_20071223,89.0656,27.39723,0,0,0.9889,0.9889
slice_34_img_095.npy,east,34,LE07_138041_20071223,89.52591,27.38966,0,0,1.0,1.0
slice_34_img_104.npy,invalid,34,LE07_138041_20071223,90.90549,27.35784,0,0,0.0144,1.0
slice_34_img_111.npy,east,34,LE07_138041_20071223,89.68261,27.52371,0,0,1.0,1.0
slice_34_img_115.npy,east,34,LE07_138041_20071223,90.29669,27.5105,0,0,1.0,1.0
slice_34_img_117.npy,east,34,LE07_138041_20071223,90.60356,27.50288,0,0,1.0,1.0
slice_34_img_118.npy,east,34,LE07_138041_20071223,90.75695,27.49881,0,0,0.7398,1.0
slice_34_img_120.npy,invalid,34,LE07_138041_20071223,88.76301,27.67544,0,0,0.2841,1.0
slice_34_img_121.npy,east,34,LE07_138041_20071223,88.91688,27.6734,0,0,1.0,1.0
slice_34_img_124.npy,east,34,LE07_138041_20071223,89.37838,27.66624,0,0,1.0,1.0
slice_34_img_130.npy,east,34,LE07_138041_20071223,90.30079,27.64733,0,0,1.0,1.0
slice_34_img_133.npy,east,34,LE07_138041_20071223,90.76162,27.63558,0,0,0.5595,1.0
slice_34_img_135.npy,east,34,LE07_138041_20071223,88.76522,27.81243,0,0,0.4874,1.0
slice_34_img_136.npy,east,34,LE07_138041_20071223,88.91928,27.81038,0,0,1.0,1.0
slice_34_img_145.npy,east,34,LE07_138041_20071223,90.30492,27.78416,0,0,1.0,1.0
slice_34_img_150.npy,east,34,LE07_138041_20071223,88.76744,27.94943,0,0,0.6925,1.0
slice_34_img_152.npy,east,34,LE07_138041_20071223,89.07594,27.94512,0,0,1.0,1.0
slice_34_img_154.npy,east,34,LE07_138041_20071223,89.38436,27.94012,0,0,1.0,1.0
slice_34_img_156.npy,east,34,LE07_138041_20071223,89.69269,27.93443,0,0,1.0,1.0
slice_34_img_163.npy,invalid,34,LE07_138041_20071223,90.77105,27.9091,0,0,0.1649,1.0
slice_34_img_165.npy,east,34,LE07_138041_20071223,88.76968,28.08641,0,0,0.8504,1.0
slice_34_img_172.npy,east,34,LE07_138041_20071223,89.85043,28.06821,0,0,1.0,1.0
slice_34_img_179.npy,invalid,34,LE07_138041_20071223,90.92994,28.04153,0,0,0.0,1.0
slice_34_img_180.npy,invalid,34,LE07_138041_20071223,88.77194,28.2234,0,0,0.0063,1.0
slice_34_img_181.npy,invalid,34,LE07_138041_20071223,88.92658,28.22131,0,0,0.1101,1.0
slice_34_img_189.npy,east,34,LE07_138041_20071223,90.16303,28.1983,0,0,1.0,1.0
slice_34_img_191.npy,east,34,LE07_138041_20071223,90.47188,28.1908,0,0,1.0,1.0
slice_3_img_001.npy,invalid,3,LE07_147038_20040908,76.13865,30.88304,0,0,0.0,1.0
slice_3_img_003.npy,train,3,LE07_147038_20040908,76.45623,30.87986,8608,437,0.8468,1.0
slice_3_img_004.npy,train,3,LE07_147038_20040908,76.615,30.87797,31576,10257,0.6987,1.0
slice_3_img_005.npy,dropped_straddler,3,LE07_147038_20040908,76.77376,30.87589,7164,4248,0.5516,1.0
slice_3_img_007.npy,invalid,3,LE07_147038_20040908,77.09122,30.87115,10248,0,0.2568,1.0
slice_3_img_008.npy,invalid,3,LE07_147038_20040908,77.24992,30.86849,9096,0,0.1094,1.0
slice_3_img_009.npy,invalid,3,LE07_147038_20040908,77.4086,30.86563,518,0,0.0044,1.0
slice_3_img_018.npy,train,3,LE07_147038_20040908,76.45831,31.01681,968,0,1.0,1.0
slice_3_img_019.npy,train,3,LE07_147038_20040908,76.61731,31.01491,10714,1312,1.0,1.0
slice_3_img_020.npy,dropped_straddler,3,LE07_147038_20040908,76.77629,31.01282,29445,8703,1.0,1.0
slice_3_img_021.npy,val,3,LE07_147038_20040908,76.93526,31.01054,21182,4832,1.0,1.0
slice_3_img_022.npy,val,3,LE07_147038_20040908,77.0942,31.00805,10261,843,1.0,1.0
slice_3_img_023.npy,val,3,LE07_147038_20040908,77.25313,31.00538,70369,14822,1.0,1.0
slice_3_img_024.npy,val,3,LE07_147038_20040908,77.41203,31.00251,144268,8310,0.9482,1.0
slice_3_img_025.npy,val,3,LE07_147038_20040908,77.57092,30.99944,1249,612,0.803,1.0
slice_3_img_026.npy,val,3,LE07_147038_20040908,77.72977,30.99618,3091,62,0.6556,1.0
slice_3_img_027.npy,val,3,LE07_147038_20040908,77.8886,30.99272,407,0,0.5082,1.0
slice_3_img_028.npy,val,3,LE07_147038_20040908,78.0474,30.98907,11628,0,0.3605,1.0
slice_3_img_029.npy,invalid,3,LE07_147038_20040908,78.20617,30.98522,6817,0,0.196,1.0
slice_3_img_031.npy,invalid,3,LE07_147038_20040908,76.14191,31.15697,0,0,0.0401,1.0
slice_3_img_032.npy,train,3,LE07_147038_20040908,76.30116,31.15546,154,0,0.9714,1.0
slice_3_img_034.npy,buffer_removed,3,LE07_147038_20040908,76.61963,31.15185,11005,337,1.0,1.0
slice_3_img_035.npy,dropped_straddler,3,LE07_147038_20040908,76.77884,31.14974,8393,935,1.0,1.0
slice_3_img_036.npy,val,3,LE07_147038_20040908,76.93803,31.14745,34983,8928,1.0,1.0
slice_3_img_037.npy,val,3,LE07_147038_20040908,77.09721,31.14495,23613,2108,1.0,1.0
slice_3_img_038.npy,val,3,LE07_147038_20040908,77.25636,31.14226,14213,0,1.0,1.0
slice_3_img_039.npy,val,3,LE07_147038_20040908,77.41549,31.13937,83376,809,1.0,1.0
slice_3_img_040.npy,val,3,LE07_147038_20040908,77.5746,31.13629,29403,4293,1.0,1.0
slice_3_img_041.npy,val,3,LE07_147038_20040908,77.73368,31.13301,32572,2608,1.0,1.0
slice_3_img_042.npy,val,3,LE07_147038_20040908,77.89274,31.12953,1543,0,1.0,1.0
slice_3_img_043.npy,val,3,LE07_147038_20040908,78.05177,31.12586,4502,0,1.0,1.0
slice_3_img_044.npy,dropped_straddler,3,LE07_147038_20040908,78.21077,31.12199,15171,0,0.7709,1.0
slice_3_img_045.npy,invalid,3,LE07_147038_20040908,75.98406,31.29525,0,0,0.0,1.0
slice_3_img_047.npy,train,3,LE07_147038_20040908,76.30304,31.29241,243,0,1.0,1.0
slice_3_img_048.npy,train,3,LE07_147038_20040908,76.46251,31.29069,4915,0,1.0,1.0
slice_3_img_050.npy,dropped_straddler,3,LE07_147038_20040908,76.78141,31.28667,8038,0,1.0,1.0
slice_3_img_051.npy,val,3,LE07_147038_20040908,76.94083,31.28436,20170,0,1.0,1.0
slice_3_img_052.npy,val,3,LE07_147038_20040908,77.10023,31.28185,2717,0,1.0,1.0
slice_3_img_053.npy,val,3,LE07_147038_20040908,77.25962,31.27914,10868,2742,1.0,1.0
slice_3_img_054.npy,val,3,LE07_147038_20040908,77.41898,31.27624,96088,10051,1.0,1.0
slice_3_img_055.npy,val,3,LE07_147038_20040908,77.57831,31.27314,106472,20206,1.0,1.0
slice_3_img_056.npy,val,3,LE07_147038_20040908,77.73763,31.26984,98812,7603,1.0,1.0
slice_3_img_057.npy,val,3,LE07_147038_20040908,77.89691,31.26635,9318,1014,1.0,1.0
slice_3_img_058.npy,val,3,LE07_147038_20040908,78.05617,31.26266,9,0,1.0,1.0
slice_3_img_059.npy,dropped_straddler,3,LE07_147038_20040908,78.21539,31.25877,2499,0,0.569,1.0
slice_3_img_060.npy,invalid,3,LE07_147038_20040908,75.98549,31.43221,0,0,0.0,1.0
slice_3_img_063.npy,train,3,LE07_147038_20040908,76.46463,31.42763,0,0,1.0,1.0
slice_3_img_064.npy,buffer_removed,3,LE07_147038_20040908,76.62432,31.42571,0,0,1.0,1.0
slice_3_img_068.npy,val,3,LE07_147038_20040908,77.26289,31.41602,0,0,1.0,1.0
slice_3_img_069.npy,val,3,LE07_147038_20040908,77.42248,31.4131,16946,2487,1.0,1.0
slice_3_img_070.npy,val,3,LE07_147038_20040908,77.58205,31.40998,105776,8121,1.0,1.0
slice_3_img_071.npy,val,3,LE07_147038_20040908,77.74159,31.40667,96396,10899,1.0,1.0
slice_3_img_072.npy,val,3,LE07_147038_20040908,77.90111,31.40316,7316,862,1.0,1.0
slice_3_img_073.npy,val,3,LE07_147038_20040908,78.06059,31.39944,984,0,1.0,1.0
slice_3_img_076.npy,train,3,LE07_147038_20040908,76.14689,31.56784,0,0,0.645,1.0
slice_3_img_081.npy,val,3,LE07_147038_20040908,76.94648,31.55816,0,0,1.0,1.0
slice_3_img_084.npy,val,3,LE07_147038_20040908,77.42601,31.54996,6562,0,1.0,1.0
slice_3_img_085.npy,val,3,LE07_147038_20040908,77.58581,31.54683,42434,348,1.0,1.0
slice_3_img_086.npy,val,3,LE07_147038_20040908,77.74559,31.54349,54377,6845,1.0,1.0
slice_3_img_087.npy,val,3,LE07_147038_20040908,77.90533,31.53996,60380,4197,1.0,1.0
slice_3_img_088.npy,val,3,LE07_147038_20040908,78.06505,31.53623,3289,0,1.0,1.0
slice_3_img_089.npy,invalid,3,LE07_147038_20040908,78.22474,31.5323,829,0,0.1517,1.0
slice_3_img_091.npy,train,3,LE07_147038_20040908,76.14857,31.70479,0,0,0.8504,1.0
slice_3_img_094.npy,buffer_removed,3,LE07_147038_20040908,76.62907,31.69956,0,0,1.0,1.0
slice_3_img_095.npy,dropped_straddler,3,LE07_147038_20040908,76.78921,31.69741,0,0,1.0,1.0
slice_3_img_096.npy,val,3,LE07_147038_20040908,76.94933,31.69506,0,0,1.0,1.0
slice_3_img_097.npy,val,3,LE07_147038_20040908,77.10943,31.69251,0,0,1.0,1.0
slice_3_img_098.npy,val,3,LE07_147038_20040908,77.26951,31.68977,0,0,1.0,1.0
slice_3_img_100.npy,val,3,LE07_147038_20040908,77.5896,31.68367,18848,0,1.0,1.0
slice_3_img_101.npy,val,3,LE07_147038_20040908,77.74961,31.68031,79752,7942,1.0,1.0
slice_3_img_102.npy,val,3,LE07_147038_20040908,77.90959,31.67676,50387,247,1.0,1.0
slice_3_img_103.npy,dropped_straddler,3,LE07_147038_20040908,78.06954,31.67301,34828,435,0.9358,1.0
slice_3_img_107.npy,train,3,LE07_147038_20040908,76.31068,31.84019,0,0,1.0,1.0
slice_3_img_115.npy,val,3,LE07_147038_20040908,77.59342,31.8205,8483,0,1.0,1.0
slice_3_img_116.npy,val,3,LE07_147038_20040908,77.75366,31.81713,17392,5,1.0,1.0
slice_3_img_117.npy,val,3,LE07_147038_20040908,77.91387,31.81356,14973,365,1.0,1.0
slice_3_img_118.npy,dropped_straddler,3,LE07_147038_20040908,78.07406,31.80979,16790,2080,0.7342,1.0
slice_3_img_121.npy,train,3,LE07_147038_20040908,76.15197,31.97868,0,0,1.0,1.0
slice_3_img_124.npy,buffer_removed,3,LE07_147038_20040908,76.63389,31.97339,0,0,1.0,1.0
slice_3_img_130.npy,val,3,LE07_147038_20040908,77.59726,31.95733,0,0,1.0,1.0
slice_3_img_132.npy,val,3,LE07_147038_20040908,77.91819,31.95036,9,0,1.0,1.0
slice_3_img_133.npy,dropped_straddler,3,LE07_147038_20040908,78.07861,31.94657,0,0,0.5428,1.0
slice_3_img_137.npy,train,3,LE07_147038_20040908,76.31458,32.11406,0,0,1.0,1.0
slice_3_img_147.npy,val,3,LE07_147038_20040908,77.92253,32.08715,2087,221,1.0,1.0
slice_3_img_148.npy,dropped_straddler,3,LE07_147038_20040908,78.08319,32.08334,992,149,0.3305,1.0
slice_3_img_158.npy,val,3,LE07_147038_20040908,77.28303,32.23722,0,0,1.0,1.0
slice_3_img_162.npy,val,3,LE07_147038_20040908,77.9269,32.22394,0,0,1.0,1.0
slice_3_img_163.npy,invalid,3,LE07_147038_20040908,78.0878,32.22011,0,0,0.1279,1.0
slice_3_img_164.npy,invalid,3,LE07_147038_20040908,78.24867,32.21607,0,0,0.0,1.0
slice_3_img_180.npy,invalid,3,LE07_147038_20040908,75.99727,32.52782,0,0,0.0031,1.0
slice_3_img_182.npy,invalid,3,LE07_147038_20040908,76.32053,32.52484,0,0,0.2539,1.0
slice_3_img_183.npy,train,3,LE07_147038_20040908,76.48214,32.52304,0,0,0.4032,1.0
slice_3_img_189.npy,val,3,LE07_147038_20040908,77.45141,32.50788,0,0,1.0,1.0
slice_3_img_191.npy,val,3,LE07_147038_20040908,77.77432,32.50117,0,0,1.0,1.0
slice_3_img_192.npy,val,3,LE07_147038_20040908,77.93573,32.4975,0,0,0.7149,1.0
slice_4_img_000.npy,invalid,4,LE07_143039_20081212,81.72194,29.44309,0,0,0.0,0.0
slice_4_img_001.npy,invalid,4,LE07_143039_20081212,81.87847,29.44215,0,0,0.0,0.0
slice_4_img_004.npy,invalid,4,LE07_143039_20081212,82.348,29.43823,0,0,0.0,0.0
slice_4_img_008.npy,invalid,4,LE07_143039_20081212,82.97386,29.43042,0,0,0.0,0.0
slice_4_img_011.npy,invalid,4,LE07_143039_20081212,83.44307,29.42264,0,0,0.0,0.0
slice_4_img_017.npy,invalid,4,LE07_143039_20081212,82.03638,29.57803,0,0,0.0,0.0
slice_4_img_020.npy,invalid,4,LE07_143039_20081212,82.50651,29.57353,0,0,0.0,0.0
slice_4_img_027.npy,invalid,4,LE07_143039_20081212,83.60292,29.55656,0,0,0.0,0.0
slice_4_img_028.npy,invalid,4,LE07_143039_20081212,83.75947,29.5534,0,0,0.0,0.0
slice_4_img_044.npy,invalid,4,LE07_143039_20081212,83.91993,29.6869,0,0,0.0,0.0
slice_4_img_050.npy,invalid,4,LE07_143039_20081212,82.51061,29.84747,0,0,0.0,0.0
slice_4_img_061.npy,invalid,4,LE07_143039_20081212,81.88325,29.99017,0,0,0.0,0.0
slice_4_img_065.npy,invalid,4,LE07_143039_20081212,82.51268,29.98444,0,0,0.0,0.0
slice_4_img_068.npy,invalid,4,LE07_143039_20081212,82.9846,29.97817,0,0,0.0,0.0
slice_4_img_069.npy,invalid,4,LE07_143039_20081212,83.14188,29.97571,0,0,0.0,0.0
slice_4_img_074.npy,invalid,4,LE07_143039_20081212,83.92791,29.96057,0,0,0.0,0.0
slice_4_img_075.npy,invalid,4,LE07_143039_20081212,81.72687,30.12813,0,0,0.0,0.0
slice_4_img_082.npy,invalid,4,LE07_143039_20081212,82.82983,30.11739,0,0,0.0,0.0
slice_4_img_083.npy,invalid,4,LE07_143039_20081212,82.98734,30.1151,0,0,0.0,0.0
slice_4_img_084.npy,invalid,4,LE07_143039_20081212,83.14483,30.11262,0,0,0.0,0.0
slice_4_img_090.npy,invalid,4,LE07_143039_20081212,81.72788,30.26513,0,0,0.0,0.5247
slice_4_img_091.npy,train,4,LE07_143039_20081212,81.8857,30.26415,9461,0,0.3267,0.4024
slice_4_img_092.npy,invalid,4,LE07_143039_20081212,82.0435,30.26299,10293,1037,0.1894,0.1894
slice_4_img_094.npy,invalid,4,LE07_143039_20081212,82.35909,30.2601,0,0,0.0,0.0
slice_4_img_101.npy,invalid,4,LE07_143039_20081212,83.46314,30.24398,0,0,0.0,0.0
slice_4_img_102.npy,invalid,4,LE07_143039_20081212,83.62079,30.24092,0,0,0.0,0.0
slice_4_img_103.npy,invalid,4,LE07_143039_20081212,83.7784,30.23767,0,0,0.0,0.0
slice_4_img_105.npy,invalid,4,LE07_143039_20081212,81.72889,30.40212,1749,0,0.027,1.0
slice_4_img_106.npy,train,4,LE07_143039_20081212,81.88693,30.40114,35547,4034,0.9699,1.0
slice_4_img_107.npy,train,4,LE07_143039_20081212,82.04496,30.39997,1115,851,0.8376,0.8376
slice_4_img_108.npy,invalid,4,LE07_143039_20081212,82.20298,30.39861,2585,2349,0.0432,0.0432
slice_4_img_109.npy,invalid,4,LE07_143039_20081212,82.36098,30.39706,0,0,0.0,0.0
slice_4_img_114.npy,invalid,4,LE07_143039_20081212,83.15078,30.38644,0,0,0.0,0.0
slice_4_img_116.npy,invalid,4,LE07_143039_20081212,83.46657,30.38086,0,0,0.0,0.0
slice_4_img_120.npy,invalid,4,LE07_143039_20081212,81.72992,30.53911,9538,0,0.2183,1.0
slice_4_img_121.npy,train,4,LE07_143039_20081212,81.88817,30.53813,65840,5768,1.0,1.0
slice_4_img_122.npy,train,4,LE07_143039_20081212,82.04642,30.53696,11320,937,1.0,1.0
slice_4_img_123.npy,invalid,4,LE07_143039_20081212,82.20466,30.53559,13219,5646,0.2833,0.2833
slice_4_img_124.npy,invalid,4,LE07_143039_20081212,82.36289,30.53403,953,0,0.0205,0.0205
slice_4_img_128.npy,invalid,4,LE07_143039_20081212,82.99565,30.52587,0,0,0.0,0.0
slice_4_img_131.npy,invalid,4,LE07_143039_20081212,83.47002,30.51774,0,0,0.0,0.0
slice_4_img_135.npy,train,4,LE07_143039_20081212,81.73094,30.6761,374,0,0.4329,1.0
slice_4_img_136.npy,train,4,LE07_143039_20081212,81.88942,30.67511,362,0,1.0,1.0
slice_4_img_137.npy,train,4,LE07_143039_20081212,82.0479,30.67393,18809,0,1.0,1.0
slice_4_img_138.npy,train,4,LE07_143039_20081212,82.20636,30.67256,32245,2904,1.0,1.0
slice_4_img_139.npy,train,4,LE07_143039_20081212,82.36481,30.67099,2897,0,0.8645,0.8645
slice_4_img_140.npy,train,4,LE07_143039_20081212,82.52324,30.66923,2071,0,0.3143,0.3143
slice_4_img_147.npy,invalid,4,LE07_143039_20081212,83.6318,30.6515,0,0,0.0,0.0
slice_4_img_152.npy,train,4,LE07_143039_20081212,82.04938,30.81091,106,0,1.0,1.0
slice_4_img_153.npy,train,4,LE07_143039_20081212,82.20806,30.80953,3815,0,1.0,1.0
slice_4_img_154.npy,train,4,LE07_143039_20081212,82.36674,30.80795,32577,0,1.0,1.0
slice_4_img_155.npy,train,4,LE07_143039_20081212,82.5254,30.80618,3625,63,0.9936,0.9936
slice_4_img_156.npy,train,4,LE07_143039_20081212,82.68404,30.80421,18891,5840,0.4554,0.4554
slice_4_img_162.npy,invalid,4,LE07_143039_20081212,83.63552,30.78835,0,0,0.0,0.0
slice_4_img_166.npy,train,4,LE07_143039_20081212,81.89195,30.94907,0,0,1.0,1.0
slice_4_img_168.npy,train,4,LE07_143039_20081212,82.20978,30.94649,5318,0,1.0,1.0
slice_4_img_169.npy,train,4,LE07_143039_20081212,82.36868,30.9449,20610,0,1.0,1.0
slice_4_img_170.npy,train,4,LE07_143039_20081212,82.52757,30.94312,902,0,1.0,1.0
slice_4_img_171.npy,train,4,LE07_143039_20081212,82.68644,30.94115,6040,622,0.9992,0.9992
slice_4_img_172.npy,train,4,LE07_143039_20081212,82.8453,30.93898,7638,5242,0.5982,0.5982
slice_4_img_173.npy,train,4,LE07_143039_20081212,83.00413,30.93661,1976,784,0.3189,0.3189
slice_4_img_178.npy,invalid,4,LE07_143039_20081212,83.79799,30.92186,0,0,0.0,0.0
slice_4_img_180.npy,invalid,4,LE07_143039_20081212,81.73407,31.08705,0,0,0.0022,1.0
slice_4_img_184.npy,train,4,LE07_143039_20081212,82.37064,31.08186,0,0,0.5463,1.0
slice_4_img_185.npy,train,4,LE07_143039_20081212,82.52976,31.08007,308,0,0.6954,1.0
slice_4_img_186.npy,train,4,LE07_143039_20081212,82.68885,31.07808,53,0,0.8443,1.0
slice_4_img_189.npy,train,4,LE07_143039_20081212,83.16604,31.07095,0,0,0.9479,0.9479
slice_4_img_193.npy,invalid,4,LE07_143039_20081212,83.80199,31.05869,0,0,0.0,0.0
slice_4_img_194.npy,invalid,4,LE07_143039_20081212,83.96092,31.05514,0,0,0.0,0.0
slice_5_img_003.npy,buffer_removed,5,LE07_146037_20071231,78.29744,32.26391,6281,0,0.8843,1.0
slice_5_img_004.npy,train,5,LE07_146037_20071231,78.45847,32.26725,1565,0,0.6981,1.0
slice_5_img_006.npy,invalid,5,LE07_146037_20071231,78.7806,32.27333,6053,0,0.1615,0.6375
slice_5_img_008.npy,invalid,5,LE07_146037_20071231,79.10282,32.27858,0,0,0.0,0.0
slice_5_img_012.npy,invalid,5,LE07_146037_20071231,79.74749,32.28662,0,0,0.0,0.0
slice_5_img_014.npy,invalid,5,LE07_146037_20071231,80.0699,32.28941,0,0,0.0,0.0
slice_5_img_017.npy,dropped_straddler,5,LE07_146037_20071231,78.13213,32.39715,8753,0,0.3515,1.0
slice_5_img_018.npy,buffer_removed,5,LE07_146037_20071231,78.29337,32.40072,2893,0,1.0,1.0
slice_5_img_019.npy,train,5,LE07_146037_20071231,78.45464,32.40408,14512,0,1.0,1.0
slice_5_img_021.npy,train,5,LE07_146037_20071231,78.77726,32.41019,11886,0,0.5166,0.5166
slice_5_img_025.npy,invalid,5,LE07_146037_20071231,79.42275,32.41992,0,0,0.0,0.0
slice_5_img_026.npy,invalid,5,LE07_146037_20071231,79.58417,32.42184,0,0,0.0,0.0
slice_5_img_028.npy,invalid,5,LE07_146037_20071231,79.90704,32.42506,0,0,0.0,0.0
slice_5_img_030.npy,invalid,5,LE07_146037_20071231,77.8049,32.52614,0,0,0.0,1.0
slice_5_img_031.npy,invalid,5,LE07_146037_20071231,77.96633,32.53014,0,0,0.0,1.0
slice_5_img_032.npy,dropped_straddler,5,LE07_146037_20071231,78.12778,32.53394,7682,0,0.6007,1.0
slice_5_img_033.npy,buffer_removed,5,LE07_146037_20071231,78.28927,32.53752,14892,0,1.0,1.0
slice_5_img_034.npy,train,5,LE07_146037_20071231,78.45078,32.5409,15187,0,1.0,1.0
slice_5_img_035.npy,train,5,LE07_146037_20071231,78.61232,32.54408,14627,0,1.0,1.0
slice_5_img_036.npy,train,5,LE07_146037_20071231,78.77389,32.54704,3531,0,0.7521,0.7521
slice_5_img_041.npy,invalid,5,LE07_146037_20071231,79.58202,32.55876,0,0,0.0,0.0
slice_5_img_043.npy,invalid,5,LE07_146037_20071231,79.90539,32.56199,0,0,0.0,0.0
slice_5_img_047.npy,dropped_straddler,5,LE07_146037_20071231,78.12341,32.67072,6743,0,0.8551,1.0
slice_5_img_048.npy,buffer_removed,5,LE07_146037_20071231,78.28514,32.67433,21928,0,1.0,1.0
slice_5_img_049.npy,train,5,LE07_146037_20071231,78.4469,32.67773,19703,0,1.0,1.0
slice_5_img_050.npy,train,5,LE07_146037_20071231,78.60869,32.68091,14237,0,1.0,1.0
slice_5_img_055.npy,invalid,5,LE07_146037_20071231,79.41795,32.69374,0,0,0.0,0.0
slice_5_img_056.npy,invalid,5,LE07_146037_20071231,79.57986,32.69567,0,0,0.0,0.0
slice_5_img_057.npy,invalid,5,LE07_146037_20071231,79.74178,32.6974,0,0,0.0,0.0
slice_5_img_061.npy,invalid,5,LE07_146037_20071231,77.95706,32.80367,0,0,0.1172,1.0
slice_5_img_062.npy,dropped_straddler,5,LE07_146037_20071231,78.11901,32.8075,339,0,0.9964,1.0
slice_5_img_063.npy,buffer_removed,5,LE07_146037_20071231,78.28099,32.81113,15551,0,1.0,1.0
slice_5_img_064.npy,train,5,LE07_146037_20071231,78.44299,32.81454,34001,0,1.0,1.0
slice_5_img_065.npy,train,5,LE07_146037_20071231,78.60503,32.81775,823,0,1.0,1.0
slice_5_img_066.npy,train,5,LE07_146037_20071231,78.76708,32.82075,0,0,0.7563,0.7563
slice_5_img_074.npy,invalid,5,LE07_146037_20071231,80.06423,32.83717,0,0,0.0,0.0
slice_5_img_077.npy,dropped_straddler,5,LE07_146037_20071231,78.11458,32.94428,11814,0,1.0,1.0
slice_5_img_078.npy,buffer_removed,5,LE07_146037_20071231,78.27681,32.94792,4839,0,1.0,1.0
slice_5_img_079.npy,train,5,LE07_146037_20071231,78.43906,32.95136,10524,0,1.0,1.0
slice_5_img_080.npy,train,5,LE07_146037_20071231,78.60134,32.95458,9486,0,1.0,1.0
slice_5_img_081.npy,train,5,LE07_146037_20071231,78.76365,32.95759,10243,0,0.9943,0.9943
slice_5_img_091.npy,val,5,LE07_146037_20071231,77.94767,33.07718,826,0,0.6067,1.0
slice_5_img_092.npy,dropped_straddler,5,LE07_146037_20071231,78.11012,33.08105,3595,0,1.0,1.0
slice_5_img_093.npy,buffer_removed,5,LE07_146037_20071231,78.27259,33.08472,5733,0,1.0,1.0
slice_5_img_095.npy,train,5,LE07_146037_20071231,78.59763,33.09141,3569,0,1.0,1.0
slice_5_img_096.npy,train,5,LE07_146037_20071231,78.76019,33.09443,4788,0,1.0,1.0
slice_5_img_098.npy,train,5,LE07_146037_20071231,79.08537,33.09986,1923,0,0.4001,0.4001
slice_5_img_099.npy,invalid,5,LE07_146037_20071231,79.24799,33.10225,873,0,0.0262,0.0262
slice_5_img_100.npy,invalid,5,LE07_146037_20071231,79.41063,33.10443,0,0,0.0,0.0
slice_5_img_102.npy,invalid,5,LE07_146037_20071231,79.73596,33.10815,0,0,0.0,0.0
slice_5_img_106.npy,val,5,LE07_146037_20071231,77.94293,33.21393,7951,0,0.8534,1.0
slice_5_img_107.npy,dropped_straddler,5,LE07_146037_20071231,78.10563,33.21782,17340,0,1.0,1.0
slice_5_img_108.npy,buffer_removed,5,LE07_146037_20071231,78.26835,33.2215,6383,0,1.0,1.0
slice_5_img_109.npy,train,5,LE07_146037_20071231,78.43111,33.22497,18988,0,1.0,1.0
slice_5_img_112.npy,train,5,LE07_146037_20071231,78.91954,33.23411,0,0,1.0,1.0
slice_5_img_113.npy,train,5,LE07_146037_20071231,79.08239,33.23672,776,0,1.0,1.0
slice_5_img_114.npy,train,5,LE07_146037_20071231,79.24526,33.23913,1392,0,0.9154,0.9154
slice_5_img_115.npy,invalid,5,LE07_146037_20071231,79.40816,33.24132,62,0,0.1952,0.1952
slice_5_img_120.npy,invalid,5,LE07_146037_20071231,77.77524,33.34655,20,0,0.1163,1.0
slice_5_img_121.npy,val,5,LE07_146037_20071231,77.93815,33.35067,373,0,0.9951,1.0
slice_5_img_122.npy,dropped_straddler,5,LE07_146037_20071231,78.1011,33.35459,20144,0,1.0,1.0
slice_5_img_123.npy,buffer_removed,5,LE07_146037_20071231,78.26409,33.35829,4915,0,1.0,1.0
slice_5_img_124.npy,train,5,LE07_146037_20071231,78.4271,33.36178,35075,0,1.0,1.0
slice_5_img_125.npy,train,5,LE07_146037_20071231,78.59013,33.36505,467,0,1.0,1.0
slice_5_img_126.npy,train,5,LE07_146037_20071231,78.7532,33.36811,0,0,1.0,1.0
slice_5_img_132.npy,invalid,5,LE07_146037_20071231,79.73201,33.38197,0,0,0.0,0.0
slice_5_img_135.npy,val,5,LE07_146037_20071231,77.77017,33.48327,761,0,0.3638,1.0
slice_5_img_136.npy,val,5,LE07_146037_20071231,77.93335,33.48742,2033,0,1.0,1.0
slice_5_img_137.npy,dropped_straddler,5,LE07_146037_20071231,78.09655,33.49135,1154,0,1.0,1.0
slice_5_img_138.npy,buffer_removed,5,LE07_146037_20071231,78.25979,33.49507,4560,0,1.0,1.0
slice_5_img_139.npy,train,5,LE07_146037_20071231,78.42305,33.49858,3973,0,1.0,1.0
slice_5_img_140.npy,train,5,LE07_146037_20071231,78.58635,33.50187,192,0,1.0,1.0
slice_5_img_141.npy,train,5,LE07_146037_20071231,78.74966,33.50494,369,0,1.0,1.0
slice_5_img_143.npy,train,5,LE07_146037_20071231,79.07637,33.51045,34,0,1.0,1.0
slice_5_img_145.npy,train,5,LE07_146037_20071231,79.40316,33.51509,0,0,0.5194,0.5194
slice_5_img_150.npy,val,5,LE07_146037_20071231,77.76508,33.61999,9095,145,0.6107,1.0
slice_5_img_151.npy,val,5,LE07_146037_20071231,77.92851,33.62416,5158,0,1.0,1.0
slice_5_img_152.npy,dropped_straddler,5,LE07_146037_20071231,78.09197,33.62811,7171,0,1.0,1.0
slice_5_img_153.npy,buffer_removed,5,LE07_146037_20071231,78.25546,33.63185,151,0,1.0,1.0
slice_5_img_155.npy,train,5,LE07_146037_20071231,78.58253,33.63868,82,0,1.0,1.0
slice_5_img_156.npy,train,5,LE07_146037_20071231,78.74611,33.64177,9588,0,1.0,1.0
slice_5_img_159.npy,train,5,LE07_146037_20071231,79.23697,33.64975,1002,0,1.0,1.0
slice_5_img_165.npy,val,5,LE07_146037_20071231,77.75995,33.7567,18767,8,0.7405,1.0
slice_5_img_166.npy,val,5,LE07_146037_20071231,77.92363,33.76089,26944,0,0.9968,1.0
slice_5_img_167.npy,dropped_straddler,5,LE07_146037_20071231,78.08735,33.76487,7596,0,1.0,1.0
slice_5_img_168.npy,buffer_removed,5,LE07_146037_20071231,78.25111,33.76863,12541,0,1.0,1.0
slice_5_img_169.npy,train,5,LE07_146037_20071231,78.41489,33.77217,4604,0,0.594,0.594
slice_5_img_170.npy,train,5,LE07_146037_20071231,78.5787,33.77549,0,0,0.4407,0.4407
slice_5_img_171.npy,train,5,LE07_146037_20071231,78.74253,33.7786,49,0,0.7181,0.7181
slice_5_img_173.npy,train,5,LE07_146037_20071231,79.07027,33.78416,101,0,1.0,1.0
slice_5_img_174.npy,train,5,LE07_146037_20071231,79.23417,33.78662,9357,0,0.9866,0.9866
slice_5_img_175.npy,train,5,LE07_146037_20071231,79.3981,33.78886,619,0,0.4247,0.4247
slice_5_img_176.npy,invalid,5,LE07_146037_20071231,79.56203,33.79088,0,0,0.0,0.0
slice_5_img_177.npy,invalid,5,LE07_146037_20071231,79.72599,33.79268,0,0,0.0,0.0
slice_5_img_181.npy,invalid,5,LE07_146037_20071231,77.91873,33.89762,4233,0,0.0744,1.0
slice_5_img_182.npy,invalid,5,LE07_146037_20071231,78.08271,33.90162,10946,0,0.2629,1.0
slice_5_img_183.npy,buffer_removed,5,LE07_146037_20071231,78.24672,33.9054,17248,0,0.4527,1.0
slice_5_img_184.npy,invalid,5,LE07_146037_20071231,78.41076,33.90896,2240,152,0.1811,0.3469
slice_5_img_185.npy,invalid,5,LE07_146037_20071231,78.57483,33.9123,0,0,0.0,0.0
slice_5_img_186.npy,train,5,LE07_146037_20071231,78.73893,33.91542,10911,0,0.3328,0.3328
slice_5_img_187.npy,train,5,LE07_146037_20071231,78.90305,33.91833,18780,0,0.9843,0.9843
slice_5_img_188.npy,train,5,LE07_146037_20071231,79.06719,33.92101,549,0,0.5895,0.5895
slice_5_img_189.npy,invalid,5,LE07_146037_20071231,79.23135,33.92348,338,0,0.0948,0.0948
slice_5_img_190.npy,invalid,5,LE07_146037_20071231,79.39554,33.92573,0,0,0.0,0.0
slice_5_img_191.npy,invalid,5,LE07_146037_20071231,79.55974,33.92776,0,0,0.0,0.0
slice_5_img_192.npy,invalid,5,LE07_146037_20071231,79.72395,33.92957,0,0,0.0,0.0
slice_5_img_201.npy,invalid,5,LE07_146037_20071231,78.7353,34.05224,0,0,0.0,0.0
slice_5_img_202.npy,invalid,5,LE07_146037_20071231,78.89968,34.05516,1129,0,0.0933,0.0933
slice_5_img_205.npy,invalid,5,LE07_146037_20071231,79.39296,34.0626,0,0,0.0,0.0
slice_6_img_000.npy,invalid,6,LE07_149036_20071102,73.58641,33.71357,0,0,0.0,1.0
slice_6_img_001.npy,invalid,6,LE07_149036_20071102,73.75021,33.71534,0,0,0.0,1.0
slice_6_img_003.npy,test,6,LE07_149036_20071102,74.07787,33.71822,0,0,0.8674,1.0
slice_6_img_004.npy,test,6,LE07_149036_20071102,74.24171,33.71933,0,0,0.6924,1.0
slice_6_img_005.npy,test,6,LE07_149036_20071102,74.40557,33.72023,0,0,0.5175,1.0
slice_6_img_007.npy,invalid,6,LE07_149036_20071102,74.73329,33.72137,226,0,0.1678,1.0
slice_6_img_008.npy,invalid,6,LE07_149036_20071102,74.89715,33.72162,0,0,0.0187,1.0
slice_6_img_010.npy,invalid,6,LE07_149036_20071102,75.22489,33.72146,0,0,0.0,1.0
slice_6_img_017.npy,test,6,LE07_149036_20071102,73.91231,33.85379,0,0,0.5502,1.0
slice_6_img_018.npy,test,6,LE07_149036_20071102,74.0764,33.85513,0,0,1.0,1.0
slice_6_img_019.npy,test,6,LE07_149036_20071102,74.24051,33.85625,0,0,1.0,1.0
slice_6_img_021.npy,dropped_straddler,6,LE07_149036_20071102,74.56874,33.85784,15519,4416,1.0,1.0
slice_6_img_022.npy,buffer_removed,6,LE07_149036_20071102,74.73286,33.8583,34283,10540,1.0,1.0
slice_6_img_023.npy,train,6,LE07_149036_20071102,74.89699,33.85855,3940,0,0.9673,1.0
slice_6_img_024.npy,train,6,LE07_149036_20071102,75.06112,33.85858,10123,0,0.806,1.0
slice_6_img_025.npy,train,6,LE07_149036_20071102,75.22524,33.85839,35568,0,0.631,1.0
slice_6_img_026.npy,train,6,LE07_149036_20071102,75.38937,33.85798,6821,0,0.4564,1.0
slice_6_img_027.npy,invalid,6,LE07_149036_20071102,75.55349,33.85735,0,0,0.2819,1.0
slice_6_img_030.npy,invalid,6,LE07_149036_20071102,73.58189,33.98735,0,0,0.0,1.0
slice_6_img_031.npy,invalid,6,LE07_149036_20071102,73.74622,33.98913,0,0,0.0,1.0
slice_6_img_033.npy,test,6,LE07_149036_20071102,74.07492,33.99204,0,0,1.0,1.0
slice_6_img_034.npy,test,6,LE07_149036_20071102,74.23929,33.99317,892,0,1.0,1.0
slice_6_img_035.npy,test,6,LE07_149036_20071102,74.40367,33.99407,14571,2342,1.0,1.0
slice_6_img_036.npy,dropped_straddler,6,LE07_149036_20071102,74.56805,33.99476,80412,8335,1.0,1.0
slice_6_img_037.npy,dropped_straddler,6,LE07_149036_20071102,74.73243,33.99523,25114,6339,1.0,1.0
slice_6_img_038.npy,train,6,LE07_149036_20071102,74.89682,33.99548,4475,0,1.0,1.0
slice_6_img_039.npy,train,6,LE07_149036_20071102,75.06122,33.99551,13561,0,1.0,1.0
slice_6_img_040.npy,train,6,LE07_149036_20071102,75.22561,33.99531,24399,0,1.0,1.0
slice_6_img_041.npy,train,6,LE07_149036_20071102,75.38999,33.9949,12982,0,1.0,1.0
slice_6_img_042.npy,train,6,LE07_149036_20071102,75.55438,33.99427,1648,0,1.0,1.0
slice_6_img_043.npy,train,6,LE07_149036_20071102,75.71875,33.99342,253,0,1.0,1.0
slice_6_img_046.npy,invalid,6,LE07_149036_20071102,73.7442,34.12602,0,0,0.0446,1.0
slice_6_img_047.npy,test,6,LE07_149036_20071102,73.90881,34.1276,158,0,0.9711,1.0
slice_6_img_048.npy,test,6,LE07_149036_20071102,74.07343,34.12895,141,0,1.0,1.0
slice_6_img_049.npy,test,6,LE07_149036_20071102,74.23807,34.13008,14887,0,1.0,1.0
slice_6_img_050.npy,test,6,LE07_149036_20071102,74.40271,34.13099,47980,5667,1.0,1.0
slice_6_img_051.npy,test,6,LE07_149036_20071102,74.56735,34.13168,62238,14729,1.0,1.0
slice_6_img_052.npy,dropped_straddler,6,LE07_149036_20071102,74.732,34.13215,3779,0,1.0,1.0
slice_6_img_053.npy,train,6,LE07_149036_20071102,74.89666,34.1324,5678,0,1.0,1.0
slice_6_img_054.npy,train,6,LE07_149036_20071102,75.06131,34.13243,5369,0,1.0,1.0
slice_6_img_055.npy,train,6,LE07_149036_20071102,75.22597,34.13224,7939,0,1.0,1.0
slice_6_img_056.npy,train,6,LE07_149036_20071102,75.39062,34.13182,2284,0,1.0,1.0
slice_6_img_057.npy,train,6,LE07_149036_20071102,75.55527,34.13119,602,0,1.0,1.0
slice_6_img_058.npy,train,6,LE07_149036_20071102,75.71991,34.13033,7,0,1.0,1.0
slice_6_img_061.npy,invalid,6,LE07_149036_20071102,73.74217,34.26291,69,0,0.255,1.0
slice_6_img_062.npy,test,6,LE07_149036_20071102,73.90705,34.26449,2012,0,1.0,1.0
slice_6_img_063.npy,test,6,LE07_149036_20071102,74.07194,34.26585,1543,0,1.0,1.0
slice_6_img_064.npy,test,6,LE07_149036_20071102,74.23683,34.26699,14379,0,1.0,1.0
slice_6_img_065.npy,test,6,LE07_149036_20071102,74.40174,34.26791,9802,0,1.0,1.0
slice_6_img_066.npy,test,6,LE07_149036_20071102,74.56665,34.2686,27810,1009,1.0,1.0
slice_6_img_067.npy,dropped_straddler,6,LE07_149036_20071102,74.73157,34.26907,19346,0,1.0,1.0
slice_6_img_068.npy,train,6,LE07_149036_20071102,74.89649,34.26932,524,0,1.0,1.0
slice_6_img_069.npy,train,6,LE07_149036_20071102,75.06141,34.26935,5188,0,1.0,1.0
slice_6_img_070.npy,train,6,LE07_149036_20071102,75.22633,34.26916,11,0,1.0,1.0
slice_6_img_072.npy,train,6,LE07_149036_20071102,75.55617,34.26811,697,0,1.0,1.0
slice_6_img_073.npy,train,6,LE07_149036_20071102,75.72108,34.26725,10121,0,1.0,1.0
slice_6_img_074.npy,train,6,LE07_149036_20071102,75.88598,34.26616,8591,0,0.7157,1.0
slice_6_img_076.npy,test,6,LE07_149036_20071102,73.74013,34.3998,7057,306,0.4823,1.0
slice_6_img_077.npy,test,6,LE07_149036_20071102,73.90527,34.40139,23590,1245,1.0,1.0
slice_6_img_078.npy,test,6,LE07_149036_20071102,74.07043,34.40275,2406,0,1.0,1.0
slice_6_img_079.npy,test,6,LE07_149036_20071102,74.23559,34.4039,1514,0,1.0,1.0
slice_6_img_080.npy,test,6,LE07_149036_20071102,74.40077,34.40482,889,0,1.0,1.0
slice_6_img_081.npy,test,6,LE07_149036_20071102,74.56595,34.40552,8060,0,1.0,1.0
slice_6_img_082.npy,dropped_straddler,6,LE07_149036_20071102,74.73113,34.40599,10395,0,1.0,1.0
slice_6_img_083.npy,train,6,LE07_149036_20071102,74.89632,34.40624,824,0,1.0,1.0
slice_6_img_084.npy,train,6,LE07_149036_20071102,75.06151,34.40627,295,0,1.0,1.0
slice_6_img_085.npy,train,6,LE07_149036_20071102,75.2267,34.40608,15,0,1.0,1.0
slice_6_img_086.npy,train,6,LE07_149036_20071102,75.39189,34.40566,153,0,1.0,1.0
slice_6_img_087.npy,train,6,LE07_149036_20071102,75.55707,34.40502,1387,0,1.0,1.0
slice_6_img_088.npy,train,6,LE07_149036_20071102,75.72225,34.40415,2340,0,1.0,1.0
slice_6_img_089.npy,train,6,LE07_149036_20071102,75.88742,34.40307,899,0,0.4801,1.0
slice_6_img_091.npy,test,6,LE07_149036_20071102,73.73807,34.53668,2970,0,0.7142,1.0
slice_6_img_092.npy,test,6,LE07_149036_20071102,73.90348,34.53828,2714,0,1.0,1.0
slice_6_img_094.npy,test,6,LE07_149036_20071102,74.23434,34.5408,0,0,1.0,1.0
slice_6_img_098.npy,train,6,LE07_149036_20071102,74.89615,34.54316,0,0,1.0,1.0
slice_6_img_099.npy,train,6,LE07_149036_20071102,75.06161,34.54319,205,0,1.0,1.0
slice_6_img_100.npy,train,6,LE07_149036_20071102,75.22707,34.54299,220,0,1.0,1.0
slice_6_img_101.npy,train,6,LE07_149036_20071102,75.39253,34.54257,478,0,1.0,1.0
slice_6_img_102.npy,train,6,LE07_149036_20071102,75.55798,34.54193,423,0,1.0,1.0
slice_6_img_103.npy,train,6,LE07_149036_20071102,75.72343,34.54106,93,0,1.0,1.0
slice_6_img_112.npy,dropped_straddler,6,LE07_149036_20071102,74.73025,34.67982,0,0,1.0,1.0
slice_6_img_113.npy,train,6,LE07_149036_20071102,74.89598,34.68007,0,0,1.0,1.0
slice_6_img_114.npy,train,6,LE07_149036_20071102,75.06171,34.6801,80,0,1.0,1.0
slice_6_img_115.npy,train,6,LE07_149036_20071102,75.22745,34.6799,2075,0,1.0,1.0
slice_6_img_116.npy,train,6,LE07_149036_20071102,75.39317,34.67948,7938,0,1.0,1.0
slice_6_img_117.npy,train,6,LE07_149036_20071102,75.5589,34.67883,7650,0,1.0,1.0
slice_6_img_118.npy,train,6,LE07_149036_20071102,75.72462,34.67796,6323,0,0.952,1.0
slice_6_img_119.npy,invalid,6,LE07_149036_20071102,75.89033,34.67686,16,0,0.0603,1.0
slice_6_img_128.npy,train,6,LE07_149036_20071102,74.89581,34.81698,6442,0,1.0,1.0
slice_6_img_129.npy,train,6,LE07_149036_20071102,75.06182,34.81701,2986,0,1.0,1.0
slice_6_img_130.npy,train,6,LE07_149036_20071102,75.22782,34.81681,6675,0,1.0,1.0
slice_6_img_131.npy,train,6,LE07_149036_20071102,75.39382,34.81639,41881,2112,1.0,1.0
slice_6_img_132.npy,train,6,LE07_149036_20071102,75.55982,34.81574,7562,1539,1.0,1.0
slice_6_img_133.npy,train,6,LE07_149036_20071102,75.72581,34.81486,2221,0,0.7777,1.0
slice_6_img_140.npy,test,6,LE07_149036_20071102,74.39681,34.95243,0,0,1.0,1.0
slice_6_img_144.npy,train,6,LE07_149036_20071102,75.06192,34.95391,141,0,1.0,1.0
slice_6_img_145.npy,train,6,LE07_149036_20071102,75.2282,34.95372,5609,0,1.0,1.0
slice_6_img_146.npy,train,6,LE07_149036_20071102,75.39448,34.95329,15544,0,1.0,1.0
slice_6_img_147.npy,train,6,LE07_149036_20071102,75.56075,34.95264,42506,0,1.0,1.0
slice_6_img_148.npy,train,6,LE07_149036_20071102,75.72702,34.95175,40201,1293,0.5341,1.0
slice_6_img_157.npy,dropped_straddler,6,LE07_149036_20071102,74.72891,35.09053,0,0,1.0,1.0
slice_6_img_159.npy,train,6,LE07_149036_20071102,75.06202,35.09082,135,0,1.0,1.0
slice_6_img_160.npy,train,6,LE07_149036_20071102,75.22858,35.09062,2469,0,1.0,1.0
slice_6_img_161.npy,train,6,LE07_149036_20071102,75.39514,35.09019,18636,0,1.0,1.0
slice_6_img_162.npy,train,6,LE07_149036_20071102,75.56169,35.08953,20133,727,1.0,1.0
slice_6_img_163.npy,train,6,LE07_149036_20071102,75.72823,35.08865,20514,0,0.3013,1.0
slice_6_img_170.npy,test,6,LE07_149036_20071102,74.39479,35.22622,58,0,1.0,1.0
slice_6_img_173.npy,train,6,LE07_149036_20071102,74.89529,35.22769,0,0,1.0,1.0
slice_6_img_176.npy,train,6,LE07_149036_20071102,75.3958,35.22709,9315,0,1.0,1.0
slice_6_img_177.npy,train,6,LE07_149036_20071102,75.56263,35.22643,13456,0,0.9748,1.0
slice_6_img_178.npy,invalid,6,LE07_149036_20071102,75.72945,35.22554,1440,0,0.0931,1.0
slice_6_img_179.npy,invalid,6,LE07_149036_20071102,75.89627,35.22442,0,0,0.0,1.0
slice_6_img_183.npy,test,6,LE07_149036_20071102,74.05957,35.36097,0,0,0.4303,1.0
slice_6_img_185.npy,test,6,LE07_149036_20071102,74.39377,35.36311,343,0,0.7824,1.0
slice_6_img_192.npy,train,6,LE07_149036_20071102,75.56358,35.36332,357,0,0.8284,1.0
slice_6_img_193.npy,invalid,6,LE07_149036_20071102,75.73068,35.36242,3,0,0.0036,1.0
slice_6_img_203.npy,train,6,LE07_149036_20071102,74.89493,35.50148,0,0,0.3215,1.0
slice_6_img_205.npy,train,6,LE07_149036_20071102,75.22974,35.50131,0,0,0.6733,1.0
slice_6_img_207.npy,train,6,LE07_149036_20071102,75.56453,35.5002,0,0,0.5869,1.0
slice_6_img_208.npy,invalid,6,LE07_149036_20071102,75.73192,35.49931,0,0,0.0,1.0
slice_7_img_003.npy,train,7,LE07_150036_20050916,72.55907,33.70078,566,0,0.8936,1.0
slice_7_img_004.npy,buffer_removed,7,LE07_150036_20050916,72.72276,33.70391,8316,0,0.7063,1.0
slice_7_img_005.npy,dropped_straddler,7,LE07_150036_20050916,72.88648,33.70682,5954,0,0.516,1.0
slice_7_img_008.npy,invalid,7,LE07_150036_20050916,73.37775,33.71425,0,0,0.0044,1.0
slice_7_img_012.npy,invalid,7,LE07_150036_20050916,74.03302,33.72112,0,0,0.0,1.0
slice_7_img_017.npy,train,7,LE07_150036_20050916,72.39126,33.83423,312,0,0.3271,1.0
slice_7_img_018.npy,train,7,LE07_150036_20050916,72.55519,33.83759,14847,0,1.0,1.0
slice_7_img_019.npy,buffer_removed,7,LE07_150036_20050916,72.71914,33.84073,26311,0,1.0,1.0
slice_7_img_020.npy,dropped_straddler,7,LE07_150036_20050916,72.88311,33.84366,37065,0,1.0,1.0
slice_7_img_021.npy,test,7,LE07_150036_20050916,73.04711,33.84637,11085,0,1.0,1.0
slice_7_img_022.npy,test,7,LE07_150036_20050916,73.21113,33.84886,30,0,1.0,1.0
slice_7_img_023.npy,test,7,LE07_150036_20050916,73.37517,33.85113,1802,0,0.9309,1.0
slice_7_img_024.npy,test,7,LE07_150036_20050916,73.53922,33.85318,3710,0,0.742,1.0
slice_7_img_025.npy,test,7,LE07_150036_20050916,73.70329,33.85502,83,0,0.5458,1.0
slice_7_img_031.npy,invalid,7,LE07_150036_20050916,72.22293,33.96742,0,0,0.0,1.0
slice_7_img_032.npy,train,7,LE07_150036_20050916,72.38709,33.97101,0,0,0.5779,1.0
slice_7_img_033.npy,train,7,LE07_150036_20050916,72.55128,33.97439,31,0,1.0,1.0
slice_7_img_034.npy,train,7,LE07_150036_20050916,72.71549,33.97755,7289,0,1.0,1.0
slice_7_img_035.npy,dropped_straddler,7,LE07_150036_20050916,72.87973,33.98049,23609,0,1.0,1.0
slice_7_img_036.npy,test,7,LE07_150036_20050916,73.04399,33.98322,4128,0,1.0,1.0
slice_7_img_039.npy,test,7,LE07_150036_20050916,73.53688,33.99007,1124,0,1.0,1.0
slice_7_img_040.npy,test,7,LE07_150036_20050916,73.70122,33.99191,2098,0,1.0,1.0
slice_7_img_041.npy,test,7,LE07_150036_20050916,73.86557,33.99354,210,0,1.0,1.0
slice_7_img_044.npy,test,7,LE07_150036_20050916,74.35868,33.99709,1828,0,0.7723,1.0
slice_7_img_045.npy,invalid,7,LE07_150036_20050916,72.05408,34.10035,0,0,0.0,1.0
slice_7_img_049.npy,train,7,LE07_150036_20050916,72.71181,34.11437,2826,0,1.0,1.0
slice_7_img_050.npy,dropped_straddler,7,LE07_150036_20050916,72.87631,34.11732,6602,0,1.0,1.0
slice_7_img_052.npy,test,7,LE07_150036_20050916,73.20538,34.12258,3688,0,1.0,1.0
slice_7_img_053.npy,test,7,LE07_150036_20050916,73.36995,34.12487,28967,0,1.0,1.0
slice_7_img_054.npy,test,7,LE07_150036_20050916,73.53453,34.12695,24047,0,1.0,1.0
slice_7_img_055.npy,test,7,LE07_150036_20050916,73.69913,34.1288,1743,0,1.0,1.0
slice_7_img_056.npy,test,7,LE07_150036_20050916,73.86374,34.13043,51,0,1.0,1.0
slice_7_img_057.npy,test,7,LE07_150036_20050916,74.02837,34.13185,121,0,1.0,1.0
slice_7_img_058.npy,test,7,LE07_150036_20050916,74.193,34.13304,5089,0,1.0,1.0
slice_7_img_059.npy,test,7,LE07_150036_20050916,74.35765,34.13401,33567,1970,0.9785,1.0
slice_7_img_063.npy,train,7,LE07_150036_20050916,72.54337,34.24799,0,0,1.0,1.0
slice_7_img_066.npy,test,7,LE07_150036_20050916,73.03767,34.2569,0,0,1.0,1.0
slice_7_img_067.npy,test,7,LE07_150036_20050916,73.20248,34.25943,1754,0,1.0,1.0
slice_7_img_068.npy,test,7,LE07_150036_20050916,73.36731,34.26174,1114,0,1.0,1.0
slice_7_img_069.npy,test,7,LE07_150036_20050916,73.53216,34.26382,15757,0,1.0,1.0
slice_7_img_070.npy,test,7,LE07_150036_20050916,73.69702,34.26569,4391,0,1.0,1.0
slice_7_img_071.npy,test,7,LE07_150036_20050916,73.8619,34.26733,2339,0,1.0,1.0
slice_7_img_072.npy,test,7,LE07_150036_20050916,74.02679,34.26875,839,0,1.0,1.0
slice_7_img_073.npy,test,7,LE07_150036_20050916,74.1917,34.26995,5561,0,1.0,1.0
slice_7_img_074.npy,test,7,LE07_150036_20050916,74.35661,34.27092,17059,0,0.7824,1.0
slice_7_img_076.npy,train,7,LE07_150036_20050916,72.20945,34.3777,0,0,0.3599,1.0
slice_7_img_080.npy,dropped_straddler,7,LE07_150036_20050916,72.86943,34.39098,0,0,1.0,1.0
slice_7_img_083.npy,test,7,LE07_150036_20050916,73.36466,34.3986,4893,0,1.0,1.0
slice_7_img_084.npy,test,7,LE07_150036_20050916,73.52977,34.4007,9980,0,1.0,1.0
slice_7_img_085.npy,test,7,LE07_150036_20050916,73.69491,34.40257,9201,0,1.0,1.0
slice_7_img_086.npy,test,7,LE07_150036_20050916,73.86005,34.40422,21924,1551,1.0,1.0
slice_7_img_087.npy,test,7,LE07_150036_20050916,74.02521,34.40565,3806,0,1.0,1.0
slice_7_img_088.npy,test,7,LE07_150036_20050916,74.19038,34.40685,1365,0,1.0,1.0
slice_7_img_089.npy,test,7,LE07_150036_20050916,74.35556,34.40783,5932,0,0.5414,1.0
slice_7_img_094.npy,train,7,LE07_150036_20050916,72.70064,34.5248,0,0,1.0,1.0
slice_7_img_095.npy,dropped_straddler,7,LE07_150036_20050916,72.86595,34.5278,0,0,1.0,1.0
slice_7_img_100.npy,test,7,LE07_150036_20050916,73.69277,34.53945,6607,0,1.0,1.0
slice_7_img_101.npy,test,7,LE07_150036_20050916,73.85819,34.54111,5277,0,1.0,1.0
slice_7_img_103.npy,test,7,LE07_150036_20050916,74.18906,34.54375,0,0,1.0,1.0
slice_7_img_106.npy,train,7,LE07_150036_20050916,72.20031,34.6512,0,0,0.8592,1.0
slice_7_img_114.npy,test,7,LE07_150036_20050916,73.52495,34.67443,0,0,1.0,1.0
slice_7_img_115.npy,test,7,LE07_150036_20050916,73.69063,34.67633,3936,0,1.0,1.0
slice_7_img_117.npy,test,7,LE07_150036_20050916,74.02201,34.67944,0,0,1.0,1.0
slice_7_img_118.npy,test,7,LE07_150036_20050916,74.18773,34.68065,0,0,0.9877,1.0
slice_7_img_127.npy,test,7,LE07_150036_20050916,73.19068,34.80682,0,0,1.0,1.0
slice_7_img_129.npy,test,7,LE07_150036_20050916,73.52252,34.8113,0,0,1.0,1.0
slice_7_img_133.npy,test,7,LE07_150036_20050916,74.18638,34.81755,0,0,0.7989,1.0
slice_7_img_135.npy,train,7,LE07_150036_20050916,72.02504,34.92073,0,0,0.3724,1.0
slice_7_img_138.npy,train,7,LE07_150036_20050916,72.52315,34.93192,0,0,1.0,1.0
slice_7_img_144.npy,test,7,LE07_150036_20050916,73.52007,34.94816,0,0,1.0,1.0
slice_7_img_147.npy,test,7,LE07_150036_20050916,74.01877,34.95321,0,0,1.0,1.0
slice_7_img_149.npy,invalid,7,LE07_150036_20050916,74.3513,34.95544,0,0,0.0,1.0
slice_7_img_153.npy,train,7,LE07_150036_20050916,72.51902,35.06869,0,0,1.0,1.0
slice_7_img_155.npy,buffer_removed,7,LE07_150036_20050916,72.85179,35.07505,0,0,1.0,1.0
slice_7_img_160.npy,test,7,LE07_150036_20050916,73.6841,35.08694,0,0,1.0,1.0
slice_7_img_166.npy,train,7,LE07_150036_20050916,72.18165,35.19816,0,0,0.9935,1.0
slice_7_img_170.npy,buffer_removed,7,LE07_150036_20050916,72.84819,35.21185,0,0,1.0,1.0
slice_7_img_171.npy,dropped_straddler,7,LE07_150036_20050916,73.01489,35.2147,0,0,1.0,1.0
slice_7_img_176.npy,test,7,LE07_150036_20050916,73.84868,35.2255,0,0,1.0,1.0
slice_7_img_181.npy,invalid,7,LE07_150036_20050916,72.17691,35.33489,0,0,0.0619,1.0
slice_7_img_182.npy,invalid,7,LE07_150036_20050916,72.34378,35.33868,0,0,0.2489,1.0
slice_7_img_186.npy,dropped_straddler,7,LE07_150036_20050916,73.01154,35.35151,0,0,0.9815,1.0
slice_7_img_194.npy,invalid,7,LE07_150036_20050916,74.34803,35.36612,0,0,0.0,1.0
slice_7_img_195.npy,invalid,7,LE07_150036_20050916,72.00502,35.46759,0,0,0.0,1.0
slice_7_img_200.npy,invalid,7,LE07_150036_20050916,72.84092,35.48545,0,0,0.0,1.0
slice_7_img_209.npy,invalid,7,LE07_150036_20050916,74.34693,35.503,0,0,0.0,1.0
slice_8_img_002.npy,invalid,8,LE07_151035_20060708,71.24714,35.11445,233,0,0.0166,1.0
slice_8_img_003.npy,train,8,LE07_151035_20060708,71.41341,35.11949,12292,3376,0.8611,1.0
slice_8_img_004.npy,invalid,8,LE07_151035_20060708,71.57972,35.12431,0,0,0.2826,0.34
slice_8_img_007.npy,invalid,8,LE07_151035_20060708,72.07887,35.13738,0,0,0.0,0.0
slice_8_img_008.npy,invalid,8,LE07_151035_20060708,72.24532,35.14128,0,0,0.0,0.1805
slice_8_img_017.npy,invalid,8,LE07_151035_20060708,71.24085,35.25106,2568,34,0.2202,1.0
slice_8_img_018.npy,train,8,LE07_151035_20060708,71.4074,35.25612,10200,202,1.0,1.0
slice_8_img_019.npy,train,8,LE07_151035_20060708,71.57398,35.26096,5465,0,0.7002,0.7002
slice_8_img_022.npy,train,8,LE07_151035_20060708,72.07397,35.2741,0,0,0.377,0.377
slice_8_img_023.npy,train,8,LE07_151035_20060708,72.2407,35.27802,10627,1512,0.8427,0.9492
slice_8_img_024.npy,train,8,LE07_151035_20060708,72.40746,35.28171,73857,8128,0.6738,1.0
slice_8_img_025.npy,train,8,LE07_151035_20060708,72.57425,35.28517,61064,6417,0.4676,1.0
slice_8_img_026.npy,invalid,8,LE07_151035_20060708,72.74107,35.28841,7244,1213,0.2614,1.0
slice_8_img_027.npy,invalid,8,LE07_151035_20060708,72.90791,35.29141,94,0,0.0609,1.0
slice_8_img_032.npy,train,8,LE07_151035_20060708,71.23451,35.38766,1127,0,0.4939,1.0
slice_8_img_033.npy,train,8,LE07_151035_20060708,71.40134,35.39275,2767,0,1.0,1.0
slice_8_img_035.npy,train,8,LE07_151035_20060708,71.73511,35.40224,0,0,0.5587,0.5587
slice_8_img_036.npy,train,8,LE07_151035_20060708,71.90205,35.40665,3488,4,0.7077,0.7077
slice_8_img_037.npy,train,8,LE07_151035_20060708,72.06903,35.41082,26065,6300,1.0,1.0
slice_8_img_038.npy,train,8,LE07_151035_20060708,72.23604,35.41476,129216,10609,1.0,1.0
slice_8_img_039.npy,train,8,LE07_151035_20060708,72.40308,35.41847,58636,7567,1.0,1.0
slice_8_img_040.npy,train,8,LE07_151035_20060708,72.57015,35.42195,46045,1831,1.0,1.0
slice_8_img_041.npy,buffer_removed,8,LE07_151035_20060708,72.73725,35.42519,13488,169,1.0,1.0
slice_8_img_042.npy,dropped_straddler,8,LE07_151035_20060708,72.90438,35.42821,19451,1093,0.9911,1.0
slice_8_img_043.npy,test,8,LE07_151035_20060708,73.07153,35.431,74458,5482,0.8371,1.0
slice_8_img_044.npy,test,8,LE07_151035_20060708,73.2387,35.43355,59995,4404,0.6307,1.0
slice_8_img_047.npy,train,8,LE07_151035_20060708,71.22813,35.52426,8568,2424,0.745,1.0
slice_8_img_048.npy,train,8,LE07_151035_20060708,71.39524,35.52937,30,0,1.0,1.0
slice_8_img_049.npy,train,8,LE07_151035_20060708,71.56239,35.53426,12561,1203,1.0,1.0
slice_8_img_050.npy,train,8,LE07_151035_20060708,71.72957,35.53891,30336,3865,1.0,1.0
slice_8_img_051.npy,train,8,LE07_151035_20060708,71.8968,35.54334,79632,3231,1.0,1.0
slice_8_img_052.npy,train,8,LE07_151035_20060708,72.06406,35.54753,100704,18740,1.0,1.0
slice_8_img_053.npy,train,8,LE07_151035_20060708,72.23135,35.55149,84766,21889,1.0,1.0
slice_8_img_054.npy,train,8,LE07_151035_20060708,72.39868,35.55522,6534,997,1.0,1.0
slice_8_img_056.npy,buffer_removed,8,LE07_151035_20060708,72.73341,35.56198,12032,0,1.0,1.0
slice_8_img_057.npy,dropped_straddler,8,LE07_151035_20060708,72.90082,35.56501,5206,86,1.0,1.0
slice_8_img_058.npy,test,8,LE07_151035_20060708,73.06826,35.56781,50833,13505,1.0,1.0
slice_8_img_059.npy,test,8,LE07_151035_20060708,73.23571,35.57038,24694,2287,1.0,1.0
slice_8_img_061.npy,invalid,8,LE07_151035_20060708,71.05437,35.65547,992,167,0.043,1.0
slice_8_img_062.npy,train,8,LE07_151035_20060708,71.22171,35.66085,5675,902,0.9665,1.0
slice_8_img_063.npy,train,8,LE07_151035_20060708,71.3891,35.66599,4793,0,1.0,1.0
slice_8_img_064.npy,train,8,LE07_151035_20060708,71.55653,35.6709,32388,3735,1.0,1.0
slice_8_img_065.npy,train,8,LE07_151035_20060708,71.724,35.67558,38581,5662,1.0,1.0
slice_8_img_066.npy,train,8,LE07_151035_20060708,71.89151,35.68003,114315,17890,1.0,1.0
slice_8_img_067.npy,train,8,LE07_151035_20060708,72.05905,35.68424,27519,17746,1.0,1.0
slice_8_img_068.npy,train,8,LE07_151035_20060708,72.22663,35.68822,11112,3225,1.0,1.0
slice_8_img_069.npy,train,8,LE07_151035_20060708,72.39424,35.69197,366,249,1.0,1.0
slice_8_img_070.npy,train,8,LE07_151035_20060708,72.56188,35.69548,0,0,1.0,1.0
slice_8_img_071.npy,buffer_removed,8,LE07_151035_20060708,72.72955,35.69876,3557,0,1.0,1.0
slice_8_img_072.npy,dropped_straddler,8,LE07_151035_20060708,72.89724,35.70181,42029,2754,1.0,1.0
slice_8_img_073.npy,test,8,LE07_151035_20060708,73.06496,35.70462,29777,1803,1.0,1.0
slice_8_img_074.npy,test,8,LE07_151035_20060708,73.2327,35.7072,2192,0,0.9277,1.0
slice_8_img_075.npy,invalid,8,LE07_151035_20060708,70.88003,35.7864,0,0,0.0,1.0
slice_8_img_076.npy,invalid,8,LE07_151035_20060708,71.04762,35.79203,4211,510,0.2799,1.0
slice_8_img_077.npy,train,8,LE07_151035_20060708,71.21525,35.79744,6611,710,1.0,1.0
slice_8_img_078.npy,train,8,LE07_151035_20060708,71.38292,35.8026,48082,4011,1.0,1.0
slice_8_img_079.npy,train,8,LE07_151035_20060708,71.55064,35.80754,15963,1738,1.0,1.0
slice_8_img_080.npy,train,8,LE07_151035_20060708,71.71839,35.81224,6205,441,1.0,1.0
slice_8_img_081.npy,train,8,LE07_151035_20060708,71.88619,35.81671,87947,15904,1.0,1.0
slice_8_img_082.npy,train,8,LE07_151035_20060708,72.05402,35.82094,9452,813,1.0,1.0
slice_8_img_084.npy,train,8,LE07_151035_20060708,72.38977,35.82871,25,13,1.0,1.0
slice_8_img_085.npy,train,8,LE07_151035_20060708,72.5577,35.83224,1348,0,1.0,1.0
slice_8_img_086.npy,buffer_removed,8,LE07_151035_20060708,72.72566,35.83554,6787,313,1.0,1.0
slice_8_img_087.npy,dropped_straddler,8,LE07_151035_20060708,72.89364,35.8386,12517,1469,1.0,1.0
slice_8_img_088.npy,test,8,LE07_151035_20060708,73.06164,35.84143,24563,1665,1.0,1.0
slice_8_img_089.npy,test,8,LE07_151035_20060708,73.22967,35.84402,6044,0,0.667,1.0
slice_8_img_091.npy,train,8,LE07_151035_20060708,71.04082,35.92859,6443,1733,0.5492,1.0
slice_8_img_092.npy,train,8,LE07_151035_20060708,71.20874,35.93402,6941,1780,1.0,1.0
slice_8_img_093.npy,train,8,LE07_151035_20060708,71.3767,35.93921,8850,495,1.0,1.0
slice_8_img_094.npy,train,8,LE07_151035_20060708,71.5447,35.94417,1861,0,1.0,1.0
slice_8_img_095.npy,train,8,LE07_151035_20060708,71.71274,35.9489,1852,0,1.0,1.0
slice_8_img_096.npy,train,8,LE07_151035_20060708,71.88083,35.95339,16566,760,1.0,1.0
slice_8_img_098.npy,train,8,LE07_151035_20060708,72.21709,35.96167,9978,20,1.0,1.0
slice_8_img_099.npy,train,8,LE07_151035_20060708,72.38528,35.96545,31868,4602,1.0,1.0
slice_8_img_100.npy,train,8,LE07_151035_20060708,72.55349,35.969,5696,1144,1.0,1.0
slice_8_img_101.npy,buffer_removed,8,LE07_151035_20060708,72.72174,35.97231,85,0,1.0,1.0
slice_8_img_102.npy,dropped_straddler,8,LE07_151035_20060708,72.89001,35.97539,1851,0,1.0,1.0
slice_8_img_103.npy,test,8,LE07_151035_20060708,73.0583,35.97824,1126,0,1.0,1.0
slice_8_img_104.npy,test,8,LE07_151035_20060708,73.22662,35.98084,331,0,0.4042,1.0
slice_8_img_106.npy,train,8,LE07_151035_20060708,71.03398,36.06514,22796,3098,0.813,1.0
slice_8_img_107.npy,train,8,LE07_151035_20060708,71.20218,36.0706,14310,3479,1.0,1.0
slice_8_img_108.npy,train,8,LE07_151035_20060708,71.37043,36.07582,2017,50,1.0,1.0
slice_8_img_109.npy,train,8,LE07_151035_20060708,71.53873,36.0808,0,0,1.0,1.0
slice_8_img_113.npy,train,8,LE07_151035_20060708,72.21228,36.09838,20122,3592,1.0,1.0
slice_8_img_114.npy,train,8,LE07_151035_20060708,72.38075,36.10219,16281,3632,1.0,1.0
slice_8_img_115.npy,train,8,LE07_151035_20060708,72.54926,36.10575,6332,0,1.0,1.0
slice_8_img_116.npy,buffer_removed,8,LE07_151035_20060708,72.71779,36.10909,7666,0,1.0,1.0
slice_8_img_117.npy,dropped_straddler,8,LE07_151035_20060708,72.88635,36.11218,24962,756,1.0,1.0
slice_8_img_118.npy,test,8,LE07_151035_20060708,73.05494,36.11504,4403,1278,0.9998,1.0
slice_8_img_119.npy,invalid,8,LE07_151035_20060708,73.22354,36.11766,325,0,0.1357,1.0
slice_8_img_120.npy,invalid,8,LE07_151035_20060708,70.85864,36.19597,4340,1333,0.0899,1.0
slice_8_img_121.npy,train,8,LE07_151035_20060708,71.02709,36.20169,50622,10154,0.9901,1.0
slice_8_img_122.npy,train,8,LE07_151035_20060708,71.19559,36.20718,12949,1431,1.0,1.0
slice_8_img_123.npy,train,8,LE07_151035_20060708,71.36413,36.21242,630,0,1.0,1.0
slice_8_img_124.npy,train,8,LE07_151035_20060708,71.53271,36.21743,7224,0,1.0,1.0
slice_8_img_125.npy,train,8,LE07_151035_20060708,71.70133,36.2222,211,0,1.0,1.0
slice_8_img_126.npy,train,8,LE07_151035_20060708,71.87,36.22674,1707,0,1.0,1.0
slice_8_img_127.npy,train,8,LE07_151035_20060708,72.03869,36.23104,3777,1208,1.0,1.0
slice_8_img_128.npy,train,8,LE07_151035_20060708,72.20743,36.2351,46964,3218,1.0,1.0
slice_8_img_129.npy,train,8,LE07_151035_20060708,72.3762,36.23892,46323,2535,1.0,1.0
slice_8_img_130.npy,train,8,LE07_151035_20060708,72.54499,36.24251,51624,1924,1.0,1.0
slice_8_img_131.npy,buffer_removed,8,LE07_151035_20060708,72.71382,36.24585,37115,2476,1.0,1.0
slice_8_img_132.npy,dropped_straddler,8,LE07_151035_20060708,72.88267,36.24896,47505,2243,1.0,1.0
slice_8_img_133.npy,test,8,LE07_151035_20060708,73.05155,36.25183,11414,100,0.8608,1.0
slice_8_img_135.npy,train,8,LE07_151035_20060708,70.85141,36.33249,5737,1817,0.347,1.0
slice_8_img_136.npy,train,8,LE07_151035_20060708,71.02016,36.33824,29779,4027,1.0,1.0
slice_8_img_137.npy,train,8,LE07_151035_20060708,71.18894,36.34375,5343,918,1.0,1.0
slice_8_img_138.npy,train,8,LE07_151035_20060708,71.35778,36.34902,897,0,1.0,1.0
slice_8_img_139.npy,train,8,LE07_151035_20060708,71.52665,36.35405,6078,0,1.0,1.0
slice_8_img_141.npy,train,8,LE07_151035_20060708,71.86453,36.36341,1208,0,1.0,1.0
slice_8_img_142.npy,train,8,LE07_151035_20060708,72.03352,36.36773,10184,38,1.0,1.0
slice_8_img_143.npy,train,8,LE07_151035_20060708,72.20255,36.37181,51240,863,1.0,1.0
slice_8_img_144.npy,train,8,LE07_151035_20060708,72.37161,36.37565,42736,3661,1.0,1.0
slice_8_img_145.npy,train,8,LE07_151035_20060708,72.5407,36.37925,20650,0,1.0,1.0
slice_8_img_146.npy,train,8,LE07_151035_20060708,72.70982,36.38262,17470,178,1.0,1.0
slice_8_img_147.npy,dropped_straddler,8,LE07_151035_20060708,72.87897,36.38574,6278,0,1.0,1.0
slice_8_img_148.npy,test,8,LE07_151035_20060708,73.04814,36.38863,1683,0,0.5977,1.0
slice_8_img_150.npy,train,8,LE07_151035_20060708,70.84414,36.469,5609,215,0.6078,1.0
slice_8_img_151.npy,train,8,LE07_151035_20060708,71.01317,36.47478,4221,77,1.0,1.0
slice_8_img_152.npy,train,8,LE07_151035_20060708,71.18226,36.48031,352,0,1.0,1.0
slice_8_img_153.npy,train,8,LE07_151035_20060708,71.35139,36.48561,363,0,1.0,1.0
slice_8_img_154.npy,train,8,LE07_151035_20060708,71.52056,36.49067,110,81,1.0,1.0
slice_8_img_156.npy,train,8,LE07_151035_20060708,71.85902,36.50007,0,0,1.0,1.0
slice_8_img_157.npy,train,8,LE07_151035_20060708,72.02831,36.50441,2822,0,1.0,1.0
slice_8_img_158.npy,train,8,LE07_151035_20060708,72.19763,36.50852,2584,0,1.0,1.0
slice_8_img_159.npy,train,8,LE07_151035_20060708,72.36699,36.51238,7306,0,1.0,1.0
slice_8_img_160.npy,train,8,LE07_151035_20060708,72.53638,36.516,5378,0,1.0,1.0
slice_8_img_161.npy,train,8,LE07_151035_20060708,72.70579,36.51938,3750,0,1.0,1.0
slice_8_img_162.npy,dropped_straddler,8,LE07_151035_20060708,72.87524,36.52252,6193,0,1.0,1.0
slice_8_img_163.npy,test,8,LE07_151035_20060708,73.04471,36.52542,4475,355,0.335,1.0
slice_8_img_165.npy,train,8,LE07_151035_20060708,70.83682,36.60551,444,0,0.685,1.0
slice_8_img_168.npy,train,8,LE07_151035_20060708,71.34495,36.6222,0,0,1.0,1.0
slice_8_img_169.npy,train,8,LE07_151035_20060708,71.51442,36.62729,0,0,1.0,1.0
slice_8_img_170.npy,train,8,LE07_151035_20060708,71.68393,36.63213,0,0,1.0,1.0
slice_8_img_174.npy,train,8,LE07_151035_20060708,72.36234,36.6491,323,0,1.0,1.0
slice_8_img_175.npy,train,8,LE07_151035_20060708,72.53202,36.65274,1434,0,1.0,1.0
slice_8_img_176.npy,train,8,LE07_151035_20060708,72.70174,36.65614,30247,0,1.0,1.0
slice_8_img_177.npy,dropped_straddler,8,LE07_151035_20060708,72.87148,36.65929,1633,0,0.9915,1.0
slice_8_img_182.npy,invalid,8,LE07_151035_20060708,71.16875,36.75344,0,0,0.2225,1.0
slice_8_img_188.npy,train,8,LE07_151035_20060708,72.1877,36.78192,70,0,1.0,1.0
slice_8_img_189.npy,train,8,LE07_151035_20060708,72.35766,36.78582,3740,0,1.0,1.0
slice_8_img_190.npy,train,8,LE07_151035_20060708,72.52764,36.78947,11792,0,1.0,1.0
slice_8_img_191.npy,train,8,LE07_151035_20060708,72.69766,36.79289,49966,0,1.0,1.0
slice_8_img_192.npy,dropped_straddler,8,LE07_151035_20060708,72.8677,36.79606,17608,0,0.8023,1.0
slice_8_img_194.npy,invalid,8,LE07_151035_20060708,73.20787,36.80167,0,0,0.0,1.0
slice_8_img_198.npy,invalid,8,LE07_151035_20060708,71.33195,36.89537,0,0,0.0,1.0
slice_8_img_199.npy,invalid,8,LE07_151035_20060708,71.50202,36.9005,0,0,0.0,1.0
slice_8_img_203.npy,train,8,LE07_151035_20060708,72.18269,36.91861,0,0,0.4711,1.0
slice_8_img_206.npy,train,8,LE07_151035_20060708,72.69355,36.92964,18425,0,0.9995,1.0
slice_8_img_207.npy,dropped_straddler,8,LE07_151035_20060708,72.8639,36.93283,4456,0,0.5528,1.0
slice_8_img_209.npy,invalid,8,LE07_151035_20060708,73.20467,36.93847,0,0,0.0,1.0
slice_9_img_000.npy,invalid,9,LE07_148037_20071127,74.78009,32.29833,0,0,0.0,1.0
slice_9_img_003.npy,train,9,LE07_148037_20071127,75.26386,32.29824,0,0,0.8573,1.0
slice_9_img_004.npy,train,9,LE07_148037_20071127,75.42511,32.2978,10705,0,0.6964,1.0
slice_9_img_005.npy,train,9,LE07_148037_20071127,75.58636,32.29716,5358,0,0.5354,1.0
slice_9_img_006.npy,train,9,LE07_148037_20071127,75.7476,32.29631,18534,1223,0.3744,1.0
slice_9_img_007.npy,invalid,9,LE07_148037_20071127,75.90883,32.29525,22832,145,0.2135,1.0
slice_9_img_008.npy,invalid,9,LE07_148037_20071127,76.07006,32.29398,12227,45,0.0549,1.0
slice_9_img_019.npy,train,9,LE07_148037_20071127,75.42575,32.43476,4550,0,1.0,1.0
slice_9_img_020.npy,train,9,LE07_148037_20071127,75.58724,32.43411,11921,448,1.0,1.0
slice_9_img_021.npy,train,9,LE07_148037_20071127,75.74873,32.43326,41055,2785,1.0,1.0
slice_9_img_022.npy,train,9,LE07_148037_20071127,75.91021,32.43219,100395,1564,1.0,1.0
slice_9_img_023.npy,train,9,LE07_148037_20071127,76.07167,32.43092,75682,4093,0.9949,1.0
slice_9_img_024.npy,train,9,LE07_148037_20071127,76.23313,32.42945,48182,1145,0.8798,1.0
slice_9_img_025.npy,train,9,LE07_148037_20071127,76.39458,32.42776,30913,0,0.7188,1.0
slice_9_img_026.npy,train,9,LE07_148037_20071127,76.55601,32.42587,17217,0,0.5579,1.0
slice_9_img_028.npy,invalid,9,LE07_148037_20071127,76.87882,32.42147,0,0,0.2361,1.0
slice_9_img_029.npy,invalid,9,LE07_148037_20071127,77.04019,32.41896,255,0,0.0752,1.0
slice_9_img_031.npy,invalid,9,LE07_148037_20071127,74.94117,32.57243,0,0,0.0025,1.0
slice_9_img_032.npy,train,9,LE07_148037_20071127,75.10291,32.5724,0,0,0.8906,1.0
slice_9_img_033.npy,train,9,LE07_148037_20071127,75.26466,32.57216,0,0,1.0,1.0
slice_9_img_036.npy,train,9,LE07_148037_20071127,75.74986,32.5702,5280,0,1.0,1.0
slice_9_img_037.npy,train,9,LE07_148037_20071127,75.91159,32.56914,31514,453,1.0,1.0
slice_9_img_038.npy,train,9,LE07_148037_20071127,76.0733,32.56786,100032,8801,1.0,1.0
slice_9_img_039.npy,train,9,LE07_148037_20071127,76.235,32.56637,138129,7236,1.0,1.0
slice_9_img_040.npy,train,9,LE07_148037_20071127,76.39669,32.56468,36766,6686,1.0,1.0
slice_9_img_041.npy,train,9,LE07_148037_20071127,76.55836,32.56278,30799,0,1.0,1.0
slice_9_img_044.npy,val,9,LE07_148037_20071127,77.04329,32.55583,7935,0,0.9167,1.0
slice_9_img_048.npy,train,9,LE07_148037_20071127,75.26506,32.70912,0,0,1.0,1.0
slice_9_img_049.npy,train,9,LE07_148037_20071127,75.42705,32.70867,0,0,1.0,1.0
slice_9_img_051.npy,train,9,LE07_148037_20071127,75.75101,32.70715,645,0,1.0,1.0
slice_9_img_052.npy,train,9,LE07_148037_20071127,75.91298,32.70607,42715,1188,1.0,1.0
slice_9_img_053.npy,train,9,LE07_148037_20071127,76.07494,32.70479,83976,11340,1.0,1.0
slice_9_img_054.npy,train,9,LE07_148037_20071127,76.23688,32.7033,128627,23078,1.0,1.0
slice_9_img_055.npy,train,9,LE07_148037_20071127,76.39882,32.7016,80427,21611,1.0,1.0
slice_9_img_056.npy,train,9,LE07_148037_20071127,76.56074,32.69969,24101,2004,1.0,1.0
slice_9_img_057.npy,buffer_removed,9,LE07_148037_20071127,76.72265,32.69757,4535,0,1.0,1.0
slice_9_img_058.npy,dropped_straddler,9,LE07_148037_20071127,76.88453,32.69524,3083,0,1.0,1.0
slice_9_img_059.npy,val,9,LE07_148037_20071127,77.0464,32.6927,1252,0,0.7029,1.0
slice_9_img_067.npy,train,9,LE07_148037_20071127,75.91438,32.84301,4741,0,1.0,1.0
slice_9_img_068.npy,train,9,LE07_148037_20071127,76.07658,32.84172,79804,22331,1.0,1.0
slice_9_img_069.npy,train,9,LE07_148037_20071127,76.23878,32.84022,57948,9782,1.0,1.0
slice_9_img_070.npy,train,9,LE07_148037_20071127,76.40096,32.83851,71450,3661,1.0,1.0
slice_9_img_071.npy,train,9,LE07_148037_20071127,76.56313,32.83659,109712,4445,1.0,1.0
slice_9_img_072.npy,buffer_removed,9,LE07_148037_20071127,76.72528,32.83446,28136,93,1.0,1.0
slice_9_img_073.npy,dropped_straddler,9,LE07_148037_20071127,76.88742,32.83212,13,0,1.0,1.0
slice_9_img_074.npy,val,9,LE07_148037_20071127,77.04953,32.82957,2720,0,0.483,1.0
slice_9_img_078.npy,train,9,LE07_148037_20071127,75.26588,32.98302,0,0,1.0,1.0
slice_9_img_080.npy,train,9,LE07_148037_20071127,75.59084,32.9819,0,0,1.0,1.0
slice_9_img_082.npy,train,9,LE07_148037_20071127,75.91578,32.97994,153,0,1.0,1.0
slice_9_img_083.npy,train,9,LE07_148037_20071127,76.07824,32.97865,31471,2100,1.0,1.0
slice_9_img_084.npy,train,9,LE07_148037_20071127,76.24069,32.97714,22605,1546,1.0,1.0
slice_9_img_085.npy,train,9,LE07_148037_20071127,76.40312,32.97542,28381,2893,1.0,1.0
slice_9_img_086.npy,train,9,LE07_148037_20071127,76.56554,32.97349,117891,9195,1.0,1.0
slice_9_img_087.npy,buffer_removed,9,LE07_148037_20071127,76.72794,32.97135,102084,3520,1.0,1.0
slice_9_img_088.npy,dropped_straddler,9,LE07_148037_20071127,76.89033,32.96899,8236,415,1.0,1.0
slice_9_img_089.npy,invalid,9,LE07_148037_20071127,77.05269,32.96643,620,0,0.2648,1.0
slice_9_img_090.npy,invalid,9,LE07_148037_20071127,74.77807,33.12005,0,0,0.0,1.0
slice_9_img_092.npy,train,9,LE07_148037_20071127,75.10355,33.12021,0,0,1.0,1.0
slice_9_img_093.npy,train,9,LE07_148037_20071127,75.26629,33.11997,0,0,1.0,1.0
slice_9_img_094.npy,train,9,LE07_148037_20071127,75.42902,33.11951,0,0,1.0,1.0
slice_9_img_097.npy,train,9,LE07_148037_20071127,75.9172,33.11687,0,0,1.0,1.0
slice_9_img_098.npy,train,9,LE07_148037_20071127,76.07991,33.11557,7340,0,1.0,1.0
slice_9_img_099.npy,train,9,LE07_148037_20071127,76.24261,33.11405,3891,133,1.0,1.0
slice_9_img_100.npy,train,9,LE07_148037_20071127,76.40529,33.11233,30150,1092,1.0,1.0
slice_9_img_101.npy,train,9,LE07_148037_20071127,76.56796,33.11038,52561,8977,1.0,1.0
slice_9_img_102.npy,buffer_removed,9,LE07_148037_20071127,76.73062,33.10823,128728,14209,1.0,1.0
slice_9_img_103.npy,dropped_straddler,9,LE07_148037_20071127,76.89325,33.10587,56517,1965,0.9862,1.0
slice_9_img_104.npy,invalid,9,LE07_148037_20071127,77.05587,33.10329,118,0,0.056,1.0
slice_9_img_111.npy,train,9,LE07_148037_20071127,75.75566,33.2549,0,0,1.0,1.0
slice_9_img_113.npy,train,9,LE07_148037_20071127,76.08159,33.25249,2208,0,1.0,1.0
slice_9_img_114.npy,train,9,LE07_148037_20071127,76.24454,33.25097,5109,0,1.0,1.0
slice_9_img_116.npy,train,9,LE07_148037_20071127,76.5704,33.24728,37178,1591,1.0,1.0
slice_9_img_117.npy,buffer_removed,9,LE07_148037_20071127,76.73331,33.24511,65049,14653,1.0,1.0
slice_9_img_118.npy,dropped_straddler,9,LE07_148037_20071127,76.8962,33.24274,110966,8110,0.811,1.0
slice_9_img_120.npy,invalid,9,LE07_148037_20071127,74.77737,33.39394,0,0,0.2409,1.0
slice_9_img_129.npy,train,9,LE07_148037_20071127,76.24649,33.38788,7216,0,1.0,1.0
slice_9_img_130.npy,train,9,LE07_148037_20071127,76.40968,33.38613,4124,0,1.0,1.0
slice_9_img_132.npy,buffer_removed,9,LE07_148037_20071127,76.73602,33.38199,50167,5789,1.0,1.0
slice_9_img_133.npy,dropped_straddler,9,LE07_148037_20071127,76.89916,33.3796,17531,2502,0.6012,1.0
slice_9_img_137.npy,train,9,LE07_148037_20071127,75.10403,33.53103,0,0,1.0,1.0
slice_9_img_145.npy,train,9,LE07_148037_20071127,76.4119,33.52303,4943,0,1.0,1.0
slice_9_img_146.npy,train,9,LE07_148037_20071127,76.57533,33.52105,24499,4609,1.0,1.0
slice_9_img_147.npy,buffer_removed,9,LE07_148037_20071127,76.73875,33.51887,16191,1560,1.0,1.0
slice_9_img_148.npy,dropped_straddler,9,LE07_148037_20071127,76.90215,33.51647,12406,1618,0.3784,1.0
slice_9_img_153.npy,train,9,LE07_148037_20071127,75.26796,33.66772,0,0,1.0,1.0
slice_9_img_154.npy,train,9,LE07_148037_20071127,75.43172,33.66726,0,0,1.0,1.0
slice_9_img_157.npy,train,9,LE07_148037_20071127,75.92297,33.66456,0,0,1.0,1.0
slice_9_img_160.npy,train,9,LE07_148037_20071127,76.41413,33.65992,5613,0,1.0,1.0
slice_9_img_161.npy,train,9,LE07_148037_20071127,76.57783,33.65794,11102,5781,1.0,1.0
slice_9_img_162.npy,buffer_removed,9,LE07_148037_20071127,76.7415,33.65574,4888,2801,1.0,1.0
slice_9_img_163.npy,invalid,9,LE07_148037_20071127,76.90516,33.65333,718,0,0.1682,1.0
slice_9_img_164.npy,invalid,9,LE07_148037_20071127,77.06879,33.6507,0,0,0.0,1.0
slice_9_img_175.npy,train,9,LE07_148037_20071127,76.41638,33.79681,105,0,1.0,1.0
slice_9_img_176.npy,train,9,LE07_148037_20071127,76.58033,33.79482,12461,381,1.0,1.0
slice_9_img_177.npy,buffer_removed,9,LE07_148037_20071127,76.74427,33.79261,38687,10236,0.9256,1.0
slice_9_img_181.npy,invalid,9,LE07_148037_20071127,74.94024,33.94186,0,0,0.0899,1.0
slice_9_img_184.npy,train,9,LE07_148037_20071127,75.4331,33.94111,0,0,0.5766,1.0
slice_9_img_187.npy,train,9,LE07_148037_20071127,75.92592,33.93839,0,0,0.999,1.0
slice_9_img_189.npy,train,9,LE07_148037_20071127,76.25441,33.93548,0,0,1.0,1.0
slice_9_img_190.npy,train,9,LE07_148037_20071127,76.41864,33.9337,0,0,1.0,1.0
slice_9_img_191.npy,train,9,LE07_148037_20071127,76.58286,33.9317,1019,0,1.0,1.0
slice_9_img_192.npy,buffer_removed,9,LE07_148037_20071127,76.74705,33.92948,10303,420,0.713,1.0
slice_9_img_193.npy,invalid,9,LE07_148037_20071127,76.91123,33.92704,0,0,0.0,1.0
